cookie_id,score
ck_99a4e5ef02d89493,0.5817885516398452
ck_54d463f7fd89ec3d,0.4672336524750458
ck_0fbbc7a6af300368,0.2755958443674883
ck_8fd4937eadd64fb6,0.16539009981666328
ck_dbb4bd4eda97255d,0.4569260541861887
ck_6e67225ba59fa5ae,0.7298024037482176
ck_94b59bbc824b307a,0.1801181503361173
ck_b87e88ee5512ea17,0.2764106742717458
ck_36789ca11459131e,0.707598288857201
ck_4364a83a11743888,0.266449378692198
ck_cf59f4fc0ea690b2,0.3867284579344062
ck_bfdd232a7c5f2660,0.5808107557547362
ck_84092e23d5ef4d51,0.8254226930128336
ck_c2925c50ebacbdba,0.2666530861682624
ck_66c9a19963957531,0.7932878386636789
ck_d637a011332ba67a,0.36658178855163986
ck_1bd753a4681946c8,0.9890609085353432
ck_c30c5844512e429f,0.6990120187410879
ck_396cea6f95186ad2,0.6594520268893869
ck_64a02b7b96149810,0.04591566510490935
ck_b1ed2278f5f14d82,0.8453554695457322
ck_b153386f1729de81,0.19853330617233655
ck_601edf9105b3c321,0.9908331635771033
ck_d3a8333cb389f4c6,0.29550825015278065
ck_3c17841636f6f7dc,0.24174984721939297
ck_333544d173524f70,0.8734161743735995
ck_87c1d0a79e79c84b,0.5088103483397841
ck_585ababa02383b50,0.30960480749643515
ck_3e0149cdee4cb294,0.643990629456101
ck_b864f64101149c35,0.8883377469953146
ck_5b2728f7cca414ae,0.03984518231819108
ck_cd7d24e3b095e96e,0.8775616215115095
ck_f3dc0725621b3a35,0.11733550621307803
ck_9eb08369e983abfa,0.09929720920757791
ck_7836bf6def26aa87,0.8346608270523529
ck_fd4582e3853ef23f,0.6013648400896313
ck_2cdad03ed069438c,0.6122428193114687
ck_614d936cef98db04,0.17196985129354248
ck_ecc18f40b33be769,0.8568751273171726
ck_a93560aa348d6225,0.7824302301894479
ck_90f3655f0c8a0074,0.1275310653900998
ck_a045a19369016818,0.9936035852515788
ck_69ab9d4784eb77bd,0.551863923405989
ck_61129937ee466b49,0.5190466490120187
ck_74112e47b8629c2a,0.8032389488694235
ck_d841eba8906e9a15,0.25068242004481567
ck_78aa4b731cbfe251,0.26422896720309635
ck_25394c1b83e0b803,0.8665512324302302
ck_16c501470d9bb006,0.2466082705235282
ck_69ff1b0aa143a168,0.026206966795681404
ck_6d64190623dea714,0.27203096353636175
ck_5d7721930106dce8,0.7059788144224892
ck_466d4b5366c50b98,0.0745671216133632
ck_641c8e7694b21f3b,0.4171419841108169
ck_66779098e78c1760,0.11810959462212264
ck_ed8f1200fc049c40,0.9788959054797312
ck_55f2ef0de3420e3e,0.7409248319413322
ck_968a99e097ee78c9,0.8005601955591772
ck_a98848eec6c9581e,0.7636585862701161
ck_7eaad325abe3b50c,0.06948462008555713
ck_834ca727df855f07,0.854002851904665
ck_6b1ab0742ff04c3e,0.7068038297005499
ck_fcc2059a8d5c41fa,0.8820839274801386
ck_a96887f841e80fc1,0.8317376247708291
ck_718865237134ebe8,0.14239152576899572
ck_5df85a8924e11f27,0.7738337746995315
ck_958c0bd61820147f,0.7718578121817071
ck_b4331140b2e0d4aa,0.4342228559788145
ck_8153cdadd300d234,0.0442961906701976
ck_d4c1da5a1427fd6a,0.7194235078427379
ck_ac32c6e374782b27,0.817620696679568
ck_465cb8ce232c7670,0.15375840293338766
ck_022a8ae79eb28cf6,0.9657465878997757
ck_7a7f3c4fe0c9d2ca,0.20512324302301896
ck_4802a0a7a1882c88,0.909737217355877
ck_8b5b5a6b5539e39b,0.9631187614585455
ck_9693b1eb70880205,0.31678549602770417
ck_59a164c40c03a45f,0.20453249134243226
ck_154c8efb19dee665,0.21888368303116723
ck_149662b09d632e41,0.33130983907109396
ck_ddaf228487858bb8,0.8282134854349156
ck_76c23726cd7ca947,0.49252393562843755
ck_32eba3510c8eac5e,0.31634752495416585
ck_41dd44308e6a665a,0.8852719494805459
ck_efbdcd9c181e72ca,0.35632511713179876
ck_771247b5bc16c12a,0.294173966184559
ck_692a9e8f504b9762,0.00717050315746588
ck_ceb017baa26e98c8,0.8633530250560195
ck_908b663b2dda94ad,0.6933082094112855
ck_29da59ea3bffb9d8,0.9015481768180892
ck_2795921a055643f6,0.3190059075168059
ck_fec888a7108ca52d,0.9828783866367896
ck_37dab6a0a536ed49,0.8533917294764718
ck_2c1def5c91c52a5b,0.9180994092483195
ck_0cb9f54928f4feee,0.4386534935832145
ck_677e1d0c14cbf569,0.205826033815441
ck_192fdad892782daf,0.9017518842941536
ck_e5e2624b7fc89774,0.620686494194337
ck_5138f6c575dec64c,0.5122224485638622
ck_5f4a25ffd0b85a47,0.5083520065186393
ck_aebb42afe430e2e9,0.3450804644530455
ck_44e9a18a8645c9d3,0.12716439193318396
ck_79ba8e85678d0224,0.28119779995925853
ck_ef1a1de20d2124cb,0.7650336117335506
ck_e7d903c50d353361,0.9399164799348136
ck_bcbd8588a13f5eef,0.036616418822570794
ck_80e3041811033443,0.6334793236911794
ck_bdee1221b9addff8,0.37741902627826446
ck_dfc933493561d84f,0.3470055001018537
ck_e0f9506a6d5f4a1a,0.07300875942147077
ck_a911a066ff0f7b56,0.5816052149113873
ck_5c45968a805132e0,0.7591260949276838
ck_152820d8817f478c,0.37193929517213287
ck_13f03ec785cbdae1,0.1419535546954573
ck_a662b4bf900781e4,0.018679975555102875
ck_0c0dde42ab64ef87,0.5463230800570381
ck_cb3a40594da6a2ee,0.7515074353228764
ck_a69084a068bcc8aa,0.733876553269505
ck_f3bce4eccfa6d6bb,0.21490120187410877
ck_794d8935a895e33f,0.5067732735791404
ck_5f217bfe28954e75,0.9829802403748218
ck_9700a00ff9e66216,0.7756875127317172
ck_9a66cb13a9884cc2,0.6300774088409044
ck_522477be6376b450,0.3531982073742106
ck_4f6ed5ea5ab7c429,0.20096761051130577
ck_f5882e6f98b8b4cd,0.03375432878386637
ck_ec01ae5351500355,0.06414748421267061
ck_cc276f71ab6c08fd,0.7760032593196171
ck_b06ce826e593b210,0.8102566714198411
ck_1833c81d693c1e07,0.9754736198818497
ck_b4ad165ace910222,0.48256264004888977
ck_7ce44f4e06d58111,0.8776023630067222
ck_804c5a1fa5753617,0.29508046445304537
ck_db2c0908150cb2cc,0.7783866367895702
ck_8530158e3d7f59e7,0.3587899775921776
ck_efbc79246e32c66a,0.68313302098187
ck_dfaafdaefa5716b6,0.7451619474434712
ck_75f968be67f46d24,0.6026278264412304
ck_3715bfa7fed2c675,0.16290486860867792
ck_b5935e9722a39819,0.7503157465878998
ck_e83409471d2b0b44,0.5986555306579752
ck_c729d19053387be9,0.7795172132817274
ck_38d4ed52cbe6d123,0.567284579344062
ck_ea835557d7043667,0.252515787329395
ck_95b48972061abe82,0.25712976166225304
ck_2981d16f8a51a8ed,0.6775412507639029
ck_30bf5b0056eea9e9,0.9109696475860664
ck_a1c7adfe26e09a8c,0.5560602974129152
ck_1eeacc26f02fbba4,0.7051130576492157
ck_044fa3b3a003f0b5,0.6138521083723774
ck_6cabb1a133f0b151,0.45257689957221425
ck_b71279e807d0b3a7,0.20159910368710532
ck_ba68841ca2ba073d,0.6890405377877368
ck_e1790b3aa2241b10,0.9603788959054799
ck_0bf48607a874b4d1,0.10327969036463638
ck_fa8a4a9e77799fcc,0.16548176818089225
ck_52c311f29ca3aca9,0.005408433489509065
ck_42c6973d3a6fe983,0.053157465878997764
ck_b524f7a2e752b9d0,0.3825422693012833
ck_14e58c3fb26a2b4d,0.6733041352617641
ck_ec9976cabc63ff92,0.06585862701161133
ck_9f50920c894f64e1,0.3877775514361377
ck_0259da8f109017e9,0.1485842330413526
ck_9d8e9ef37797d3af,0.946974943980444
ck_2d28f14d3973d8fb,0.08754328783866369
ck_f5b1200dc6f95760,0.4841006314931758
ck_20d7571ba830009d,0.4030556121409655
ck_54978a073e7a0b1a,0.4240782236708087
ck_6236a461dc0d11a3,0.13770625381951518
ck_7d3a88d1aa649708,0.9614585455286208
ck_742f7c28ddd019e8,0.6146160114076187
ck_d979ef95ee44023d,0.622927276431045
ck_c01c85bd631d4054,0.24901201874108783
ck_1e832a5b2342554f,0.7553065797514769
ck_9bf95f8c47e7c7b4,0.39411285394173967
ck_6b38763bf5ddbcef,0.7072519861478915
ck_bda4041a3e90d860,0.3230291301690772
ck_703499f5410280f7,0.13033204318598493
ck_1eabc15a94bd9009,0.5122224485638622
ck_d5bd8f68da073cd8,0.4967406803829701
ck_6e6258227fc8db7f,0.11258912202077817
ck_be9c46acd216b45d,0.7032491342432268
ck_e2f88e202b6f700a,0.5665919739254431
ck_353a272478f7e903,0.35197596251782437
ck_a2c9796ea229a4e2,0.14886942350784274
ck_acee218cbe61df69,0.7556630678345897
ck_9704c5cf8659cedc,0.6666938276634753
ck_4b0947bf94e9d847,0.604888979425545
ck_bb113e3e6716ed65,0.6417091057241802
ck_60b4d59953505682,0.9491240578529232
ck_7dca4d7ee10b4eeb,0.12981258912202076
ck_4863077723cd6ce1,0.0718679975555103
ck_469a0578d05990c2,0.307781625585659
ck_5db1cb368bc41ac3,0.40157873293949886
ck_b72c7ac4208052ab,0.7567936443267467
ck_abac514d8167ea58,0.8503666734569159
ck_6de2aa2bb60978d3,0.6887757180688531
ck_186dbff4b24a3bbf,0.8776227337543289
ck_7f15503048915d6f,0.24319617029945
ck_c35e03b0dd0c3454,0.511091872071705
ck_2cf8a44e041217de,0.6133122835608068
ck_91955aab3424ad16,0.12541250763903036
ck_a032e8ac1507c6df,0.9429007944591568
ck_342a79f91de5d1fa,0.6442350784273783
ck_3ecd8a5ce65e21ca,0.3788347932369118
ck_45424ea6f0bc4650,0.9066306783458953
ck_41346ccd9242cc8f,0.08373395803625994
ck_35d6c510ad29362e,0.9080871867997555
ck_9de191bf79afd676,0.37551436137706257
ck_6de6b1663f9457f4,0.08069871664290079
ck_61814ae9b6d8eab1,0.20104909350173153
ck_60187ac2c473a662,0.9859951110205746
ck_c0b50c11e4f5adf7,0.6930332043185985
ck_062754f8b79b86e5,0.052108372377266246
ck_0027b5d4107d65d8,0.8113974332858016
ck_d61c837b0106085a,0.8479629252393562
ck_a99e0c258ad7576b,0.3046547158280709
ck_e76257caa98dc25d,0.9870849460175188
ck_9a65fcfc7916f93f,0.1093807292727643
ck_c972b0e781efed3b,0.17881442248930535
ck_3a632cdf2c19051b,0.6134141372988389
ck_9724718fe64c6557,0.9839172947647179
ck_d44dc3839a195c8a,0.7728254226930128
ck_2fc70b6baf6a0e26,0.09102668567936444
ck_b4911c42f3bff740,0.0715420655938073
ck_53428573abcd606f,0.6407414952128744
ck_c8198cb4c461304f,0.7569566103075983
ck_852c50bbba1ead13,0.7029130169077206
ck_d5ef6dc116dee408,0.4181197799959258
ck_3ac528caac74f563,0.47817274393970266
ck_1b0b7c3d35ab1259,0.8021592992462824
ck_f1a9d832b700bda1,0.9843450804644531
ck_343e6ed2b9d35c01,0.14865553065797515
ck_803c0b4cf9d4bc1d,0.6645243430433898
ck_c457e9c9224b773d,0.6222652271338358
ck_d305b4d82f63f647,0.03895905479731106
ck_22bd0fc71f95e048,0.7989407211244652
ck_aab23b5470469649,0.5607761254838053
ck_fe0a9372c9372de9,0.3002037074760644
ck_f6c909c205767956,0.648838867386433
ck_295bca29c34cfe2e,0.7607557547361988
ck_74e60495f8861156,0.5605113057649216
ck_bd20be9a3392d79b,0.2833978407007537
ck_952da7ca9f33decb,0.28026074556936237
ck_900d62b3184378c7,0.15580566306783458
ck_eafe9b89857149b5,0.2754736198818497
ck_509cece86a558de4,0.21872071705031573
ck_c423aa6de3ed1e01,0.1588816459564066
ck_b5a84c5547378c10,0.07618659604807497
ck_9528e1d6b1707870,0.42520880016296597
ck_668c7fc7d7e47c0e,0.7780097779588512
ck_5d72ff6cc2963d1a,0.20765940110002037
ck_6c084bfcb38e96c3,0.6560908535343247
ck_66439e697695224c,0.064585455286209
ck_e975002c979e12c7,0.8192910979832959
ck_8e039b23acaaac00,0.6493990629456101
ck_9ccb17c35e636c5e,0.28392748013852104
ck_abd3aa292f8edb4d,0.6951415766958646
ck_3ec9b9d8dd7be11c,0.6531982073742106
ck_d6f5c8741697abb3,0.48224689346099003
ck_5d75ea4f5c9080bc,0.9216337339580364
ck_a4db6e94a8f77f9d,0.8475555102872276
ck_01c1f06692566ca1,0.34915461397433284
ck_dac7c50bd6d0148f,0.32906905683438586
ck_857a1f5547b9ad68,0.6688836830311672
ck_aefd1ce3ce093cbd,0.03177836626604196
ck_7b59d22cadef3b05,0.8781727439397025
ck_6bc0e5b8c0b7d2bd,0.7429822774495825
ck_2c44ca550e5cfa82,0.6157771440211856
ck_e4ac22046699b99f,0.4874516194744347
ck_ee7a515e87d17d4e,0.43644326746791606
ck_5e512ef5362a3dd6,0.2712263190059075
ck_df1f2dba802296be,0.9674577306987168
ck_49bdba9ee1899dfe,0.4674169892035037
ck_52730906e5b461eb,0.9613566917905888
ck_dab34cf6f0626c9b,0.6774903238948868
ck_f9d8b4813a88c1e6,0.4652882460786311
ck_c0c4be3f44311b04,0.23276634752495418
ck_ae3b47d6e1063704,0.4046037889590548
ck_533672fb40531607,0.8058871460582603
ck_2a244f1ae08ef83c,0.5701059278875534
ck_fe429ba3e1aa0e4f,0.5075779181095946
ck_18444be153bac1ca,0.9585658993685069
ck_2ef76f1f36e8b869,0.9099612955795477
ck_99ee90946395d74d,0.9424118965166022
ck_bf2228a052815840,0.3197799959258505
ck_1bb212d1288b9689,0.685465471582807
ck_9949f53c155b8dde,0.3349765736402526
ck_04a1a46f07885296,0.5830209818700346
ck_70c7679199776a90,0.5726420859645549
ck_231e6dd1fe708000,0.2410572418007741
ck_e013d88ea7939616,0.5981971888368304
ck_d229cf7f5a3f38ca,0.3141372988388673
ck_0ad6fa0e23c3bd0a,0.8390303524139336
ck_3a3daa8b376f2a18,0.06395396211040946
ck_f0d6633d0834fff5,0.5960073334691384
ck_5472214011fbc2a7,0.19832959869627215
ck_e0239e6ae30795a7,0.8114076186596048
ck_646bb3c7be5f0817,0.48008759421470765
ck_a9e7f3b2d5dfd97b,0.3560297412915054
ck_d5ef1f6e34bb35b8,0.8183845997148096
ck_615277c8a4e2b18b,0.42674679160725204
ck_11318f7c041a5ba9,0.47379303320431865
ck_6d69e092f9b0848b,0.5813098390710939
ck_fbdac0221bc03f66,0.3967712365043798
ck_3854c08d17704347,0.7768384599714809
ck_a9989a3a94c26634,0.4634956202892646
ck_d3cfb3603f2c6ca3,0.7605520472601346
ck_ba54e0a1c328119b,0.9361071501324099
ck_ecfb771ed2352085,0.41843552658382566
ck_2401e8ff89e574fd,0.9662456712161338
ck_54e2eb018d947790,0.3366775310653901
ck_ad7269eaa65c67f9,0.5701059278875535
ck_cf2ca4f286e289ba,0.8249032389488694
ck_ccfc9ab888ba933d,0.670543898961092
ck_c881f26c9bf9ae42,0.9378081075575473
ck_a7afdac4ecbf2de4,0.9391831330209819
ck_57d0a7eb7eae2eaf,0.6998574047667551
ck_3fb95862b70f505c,0.7654104705642697
ck_5478eb69ef912785,0.9160317783662661
ck_bf4e7d48770a4a8b,0.8546954573232838
ck_5875828b11406398,0.4442452638011815
ck_3019afee83342701,0.5519861478916276
ck_dfa0ac11fcb1dabd,0.1132002444489713
ck_2d695f8358383092,0.4292218374414341
ck_7717fcb100dc4b5f,0.6927581992259115
ck_682262b455a9edd4,0.09011000203707475
ck_18270fee7c8fcee8,0.23814422489305356
ck_e6d3ce445b86003f,0.15208800162965982
ck_61d7b0568ec5d6cf,0.6222652271338358
ck_bd1bf9e3e29de281,0.6927887553473211
ck_7ea0bf310fc20c7b,0.9692299857404767
ck_328696b8f5e54ec6,0.8726726420859646
ck_1507f5aa50cdf3a0,0.41797718476268075
ck_ca10102961f99eb4,0.10927887553473212
ck_61b79dec96d15713,0.16443267467916073
ck_ca7b993e8286af7f,0.9188938684049704
ck_c9dcd92b2f836b61,0.8766347524954167
ck_fe2fc7d6e5d83f09,0.25986962721531887
ck_b6e3af0a5119d9a0,0.7294968425341211
ck_e535fb0f0c00418d,0.716449378692198
ck_31109c899336348d,0.8983907109390913
ck_d4e024fcda401a31,0.23307190873905076
ck_9cbef9bc95449dca,0.2598899979629253
ck_a397cd64ec5d644b,0.2238541454471379
ck_b0f191e44f9b6f35,0.7917804033408027
ck_3049d744b527f4d0,0.46217152169484627
ck_6f661b428d6fb8e4,0.6920248523120798
ck_da59ab47cb6284ad,0.09342024852312081
ck_5576ffc6aaf6f22c,0.028050519454063966
ck_8955d7b9030d5eb5,0.2681503361173355
ck_78a61215675b38f0,0.5091566510490935
ck_001e42551cd06e40,0.3476777347728662
ck_3b6057d51fd4c7d6,0.22742921165206764
ck_87110d84872c0fed,0.5835098798125892
ck_f034adb57391f3d7,0.8370747606437157
ck_d84b5403da4cea7b,0.689417396618456
ck_f04062216f95fa00,0.5280912609492768
ck_d9573100bbff4014,0.9175086575677328
ck_b5d0d223ef56473f,0.650651863923406
ck_3aabf5e0f4defb41,0.3843145243430435
ck_ac449ee0c315edde,0.190262782644123
ck_085d8c42739e2b10,0.9962415970666123
ck_937402a60df0821c,0.07338561825218985
ck_cd1dc68e441222b1,0.9684253412100224
ck_714c5d7cb17bc9f2,0.3780199633326543
ck_1d01b4a609918c4e,0.9662762273375434
ck_cc1c0b93d05b7d20,0.8651252800977796
ck_46f4e1f5026f4d1b,0.009798329598696273
ck_779491819995625d,0.9474027296801792
ck_46bec0bff167ed3f,0.693247097168466
ck_92d679d6ac7dcdcb,0.8300264819718883
ck_22a7cf3b99c5e5fd,0.5496435119168873
ck_09faa4e771cf876b,0.4426970869830923
ck_0b2eeb4e00ff7955,0.725768995722143
ck_9843d0e61c37ebe8,0.9985129354247301
ck_e2f792fae128b18e,0.7799348136076595
ck_00aa5fc3b3bc66aa,0.8617029944998982
ck_3dc378f37d0b74b8,0.6708902016704014
ck_5e98ed6391d9f429,0.7814524343043391
ck_9036b2e5e9298a34,0.1977999592585048
ck_a1cdebfc42a52448,0.05622326339376655
ck_5f48762a14a0326f,0.14665919739254432
ck_8adb40b168b59d7c,0.6169077205133429
ck_c08e64d424e56c05,0.6094214707679771
ck_68914e67343a7d32,0.3568242004481565
ck_09e9c51eb538b255,0.41693827663475247
ck_f9a68da9e0f0bc85,0.08213485434915462
ck_498a0acd450944d8,0.08606640863719699
ck_67ab6f9e05c85085,0.40211855775106947
ck_aac70764dde15168,0.5176206966795681
ck_e5ece47d0dd10526,0.4885108983499694
ck_aa8b9b36a099e4c8,0.6520268893868406
ck_8d2f62930777416b,0.8477795885108983
ck_8312c49b1431a406,0.47393562843756365
ck_6438ae81d43cb196,0.4801690772051334
ck_949f08f8e80e93ea,0.16997351802811164
ck_f9b439c9161c3e52,0.19387859034426566
ck_4dd4ed23e0b927b7,0.9235078427378286
ck_18b36d342b530af4,0.41255856589936857
ck_8c8c98cc694ac900,0.8204522305968629
ck_74b502b20690ccfe,0.4416174373599511
ck_7f0c4f609673ef62,0.6008148299042575
ck_02241f3dc301bebf,0.38684049704624157
ck_6e5752b87324b58c,0.22546343450804643
ck_b4068439c413b150,0.6283968221633733
ck_bc82fb1895fddde5,0.21325117131798738
ck_0a45d033d4e280ea,0.7201568547565695
ck_39a3f1da060e88bf,0.6497962925239356
ck_8f1cbc432e2774f8,0.6205846404563047
ck_8ef97b55a5fd6ec9,0.11778366266041965
ck_aded05ada490da20,0.45412507639030353
ck_335e63101b1e6c4c,0.8884090446119375
ck_e5c30947b732f661,0.7921572621715216
ck_f824b326d5089885,0.9112140965573436
ck_a4d7f6a5869d440a,0.9669382766347525
ck_58e20f5a3e7f11b8,0.9549297209207578
ck_a04403073c90ce38,0.0385414544713791
ck_9eea37d2de633b27,0.28291912813200243
ck_fecb39c82c43e76d,0.26714198411081685
ck_f5adad75e1c06731,0.7741902627826442
ck_43dc13b6b6d31297,0.8193420248523121
ck_3acdb083e0d8ad61,0.14678142187818294
ck_54bfd70022c66983,0.22059482583010795
ck_c422ba389ff00781,0.09932776532898757
ck_b26cdb2b7b165d2e,0.6562232633937666
ck_4563227b2038ae07,0.91094927683846
ck_355c4f29089731e8,0.9639030352413933
ck_fa4211c4d826d830,0.010918720717050318
ck_e886ba71d4a6fd73,0.7522815237319209
ck_f76d929541ed41dd,0.7312690975758811
ck_0f37c554a5057801,0.9641882257078835
ck_0a7ba51d626e932a,0.48391729476471784
ck_55efc92394fee232,0.37244856386229375
ck_1df4b46c0a4c317d,0.581737624770829
ck_ee52c7bf88f952ab,0.4212365043797108
ck_bc273f3ce79f7e1a,0.294734161743736
ck_9371c700d9830326,0.7120391118354044
ck_65acc43a6dc3e65d,0.3379812589122021
ck_b0ee3a98175b462d,0.20636585862701162
ck_dfbb2056f1ef7d3b,0.2333876553269505
ck_5043e474f848346d,0.5471786514565085
ck_6be8ae9d78148882,0.3834691383173763
ck_fd4cf578e87703ff,0.634854349154614
ck_8b24eadf6c72b30c,0.9474027296801794
ck_38c1c75cf055031b,0.6764616011407619
ck_c8001bdb9aafc8a6,0.45179262578936646
ck_d598fe8d2c779ab9,0.2723976369932777
ck_af25c72d16299258,0.21331228356080667
ck_0c1f088e17e46daf,0.48590344265634544
ck_6c7b41374f9b2e55,0.3140354451008352
ck_e4fd8cbd842b6993,0.21851700957425138
ck_220fda3c11c59b6c,0.8169688327561622
ck_e3e95546a84d0ed8,0.5856386229374618
ck_53c8315b5c30acb4,0.31503361173355066
ck_fdcb1d9265d8fec1,0.8177632919128132
ck_94f4266ee7871345,0.40986962721531883
ck_7a7e40ee3f97c035,0.85800570380933
ck_6a519bdac0d94527,0.15515379914442862
ck_ff30dda2c881a4bd,0.9244856386229374
ck_e7b4016909405981,0.11653086168262376
ck_1abb93f6924645e1,0.7744245263801182
ck_5e74fdadb93ff293,0.6091057241800774
ck_fc2a6e27b10b10e9,0.060562232633937674
ck_47ab8e51e5b3a2d8,0.06819107761254838
ck_246989b0c288664f,0.5960888164595641
ck_ddc7c1f3d45fe6e6,0.4915359543695253
ck_0acc3d8c67218b9d,0.2503870442045223
ck_4c840e5585a7b167,0.9199837034019149
ck_1d30eef7110809e5,0.9177734772866164
ck_ebbc9418cd41f692,0.10266856793644327
ck_93cc12703b500613,0.7250458341821144
ck_5060aefcc8b6f958,0.563139132206152
ck_0595c2a0c7881e05,0.48920350376858834
ck_d9735647a6b0b0a7,0.9387960888164596
ck_f89719a854fe11d7,0.4068242004481564
ck_d813e15ac91f487c,0.8803524139335914
ck_cb8551453a7bb929,0.23609696475860664
ck_8642e3b6d84f49d3,0.4101242615603993
ck_9ec7f334604a228f,0.6156447341617438
ck_e0b7e2c0bbe228d9,0.06460582603381544
ck_e7b40b60786c1530,0.3696068445711958
ck_edf229c17d25dac1,0.8983703401914851
ck_4424a5223ba2fe00,0.4663169688327562
ck_c96ae2c28086a059,0.6982888572010593
ck_ee40498cd97183d3,0.28344876756976983
ck_13d1b192bbff8f32,0.440497046241597
ck_079bd18dacb704a8,0.8672947647178653
ck_884168153c9c0c81,0.30771032796903647
ck_dbe58392635133ca,0.6405174169892036
ck_9440335375701f44,0.5585149724994907
ck_9083ca9fec2a7f4c,0.4944897127724588
ck_2f9fd36a4a40a6a8,0.027704216744754536
ck_8bf46e472f3e20de,0.9170910572418007
ck_a76ee3b3e3e522fd,0.8850071297616623
ck_9dd7daacb7833233,0.5494805459360359
ck_8eaf9509ad9462a0,0.10402322265227133
ck_c5517923458106ae,0.32724587492360974
ck_74a4244eb1f162e4,0.0027907924220818905
ck_fe1b1adae3be70a6,0.947484212670605
ck_571133b2aa8ead51,0.7974740272968017
ck_2b87683c90acb852,0.6817070686494194
ck_3f730318a9792292,0.3990833163577103
ck_70804f60d9704128,0.8097066612344671
ck_7356f47dbbbe7904,0.14338969240171112
ck_e7651fb87bb24132,0.22148095335098797
ck_4a59f4e10bf45d7f,0.14192299857404767
ck_98e337806104dd88,0.0913933591362803
ck_c39a9e75760e3201,0.1817885516398452
ck_39d5f6c17c745ab1,0.046516602159299245
ck_ccbdfe744acff8bb,0.5351599103687105
ck_d6ba7ffd2ae08863,0.5538093298024038
ck_0eeb3d9b3e697edb,0.6397229578325525
ck_2a65f1cc23f1180e,0.0818496638826645
ck_c91b7fccf6aeb4a5,0.7594520268893868
ck_e55b7fa67db1ec27,0.13172743939702586
ck_214af0806470ef48,0.3796088816459564
ck_7fbb709a0fe95759,0.2641271134650641
ck_4a9a791a1d409a3d,0.8354858423304136
ck_99e52c3c2530b69e,0.990547973110613
ck_eb3fb1106f2f1b21,0.762395599918517
ck_08b77ad5f8f73007,0.45763903035241393
ck_934fb5064b6eefe2,0.1304440822978203
ck_6a92cf5f4cf5de38,0.5977082908942758
ck_9ea5872f14cce338,0.5793440619270727
ck_6ff6883633b8c7ba,0.07172540232226522
ck_f19030e6e85a6776,0.8400896312894683
ck_cdabe60ab59f9d5a,0.31549195355469545
ck_75fb7e56432ee4b2,0.39666938276634756
ck_bb84b2b30293f566,0.9284986759014058
ck_b898d912d1181ef9,0.569576288449786
ck_348a525791ae6475,0.7865960480749643
ck_18ddf7e836256e3b,0.42965980851497254
ck_5b73d7c5255e58a3,0.8858117742921164
ck_48d4d63beb26b623,0.296689753513954
ck_020eb0e454524ecd,0.18397840700753718
ck_961ddb8ff55d868e,0.037390507231615404
ck_109fc467ec0a4af5,0.8493583214503972
ck_a872df31b28a5f7f,0.8664901201874109
ck_f0093064aa28f4d0,0.7855367691994297
ck_2b699066665abe8a,0.4578936646974944
ck_a17128972d3e507d,0.42655326950499084
ck_8f35d229b62c8f23,0.345946221226319
ck_ef8a6af43fedd464,0.1172845793440619
ck_1e6628879e9d653c,0.3833774699531473
ck_0aa9db36eb16422a,0.03949887960888165
ck_b53e88c0e927d896,0.027500509268690167
ck_a9cd84a6dddfe584,0.4571399470360562
ck_b498fa91a0776ff6,0.44308413118761464
ck_69eda24e931fb36a,0.040578529232022806
ck_1f0bafec397da8e4,0.6632002444489713
ck_523dce06515b072d,0.41063353025056015
ck_404e2217fd87fdd2,0.1431452434304339
ck_6b954c75aad8c012,0.7992259115909552
ck_614f777c2eb5d537,0.18899979629252392
ck_7f8f864fcc90ca82,0.6586983092279487
ck_58afa1550b3b5294,0.29171929109798334
ck_ca149244b54ef3ad,0.030983907109390918
ck_1573878386886290,0.3202790792422082
ck_7ecdee2d7127be8b,0.4440721124465268
ck_b667952253503174,0.2537991444286005
ck_c8307fecafa90140,0.591800774088409
ck_99a92d710a29c1d0,0.28115705846404565
ck_bb6cf7e7b707731d,0.9630882053371359
ck_fe3c1d0ac090d960,0.8867590140558158
ck_fc60f42c68c7024f,0.8584436748828681
ck_f71a4094e889c3af,0.30395192503564883
ck_22311b037456a76e,0.06789570177225504
ck_fb90408f4892a21f,0.4971990222041148
ck_5866b413549765bf,0.1980749643511917
ck_2ac36e1dff211d38,0.37633937665512324
ck_ba8affe4b9505a95,0.9305866775310655
ck_1b2d9cae92a1aab1,0.8356182521898553
ck_58f4c3ac61fda129,0.7958851089834996
ck_a378c58294001a36,0.9660928906090854
ck_afc484d1b6907983,0.26646974943980445
ck_030cf09525dba4ba,0.21212059482583012
ck_babb95a76c69509d,0.7499592585047872
ck_5662492a54e6688b,0.7246384192299856
ck_db4083a0d043def8,0.9121715216948462
ck_c0032232c2868328,0.3074047667549399
ck_cc91bd7152d3e9ba,0.6942452638011816
ck_c484c5bda389bf20,0.036871053167651255
ck_a7ea00a1760ad561,0.9889590547973109
ck_cc90e219f1ebf390,0.0903035241393359
ck_ddd65711b5651f89,0.041179466286412704
ck_f589f1e29301b5fd,0.3923202281523732
ck_8c6f059c95872126,0.09363414137298841
ck_87f82b2b5fee757a,0.44166836422896716
ck_3abfc010091d679d,0.6879608881645957
ck_b8465b1a5666155b,0.41020574455082504
ck_f0bc3bdee6bfbb94,0.6679160725198616
ck_767e0be086b5f601,0.728427378284783
ck_96810ad39d4cb7b0,0.7175086575677327
ck_9741a82faf5c7889,0.6084946017518844
ck_97ffae702f7c3d08,0.17654308413118763
ck_963762210edc5694,0.6615909553880627
ck_5ff6108056a3fef5,0.2382664493786922
ck_3168f4f2778d64e1,0.41685679364432676
ck_59d086fab5998646,0.5409044611937258
ck_43292f70a03ddf2b,0.6657669586473824
ck_0b259620eac51618,0.25435933998777754
ck_678e74532ac19700,0.4783560806681606
ck_52e1418cf1aa9871,0.49020167040130375
ck_4f875342394c110f,0.7119576288449787
ck_4f639f4ee6ce8d9e,0.7668058667753106
ck_36224a2d394ebfe4,0.7964249337950702
ck_fc4bfd6e739bddea,0.16082705235282133
ck_88ec57a11b11f702,0.9537380321857812
ck_896096cb167254ef,0.7601446323080058
ck_c920901b9a4ba993,0.9636178447749032
ck_2ff1860da2004c84,0.07052352821348544
ck_631ea1ae91ab333e,0.5273782847830516
ck_0b9fcff9667ec05a,0.46709105724180083
ck_d3eab7a06eb48348,0.7428091260949277
ck_4dec3df58077a257,0.7550723161540028
ck_73d3689728270a2b,0.2544611937258097
ck_961e7dbc217cfbbc,0.18501731513546543
ck_dd97429277a2fa00,0.8000305561214096
ck_5c37f7563fa7591d,0.5004481564473416
ck_f2ecab85d4693b4e,0.17557547361988188
ck_a0e3a2facd508e49,0.7107048278671827
ck_02e5f9cbbbf2f078,0.40951313913220616
ck_d064428b7e7dc409,0.29948054593603585
ck_4f463ef25325ddfa,0.927306987166429
ck_a6fe344bbf67f14b,0.38001629659808517
ck_e03b7d0fa0b28f4b,0.23752291709105725
ck_2f6b33bf46976229,0.15160928906090854
ck_9c60ae6958d68dbd,0.903167651252801
ck_d730ff21bfd7769d,0.60768995722143
ck_7048bedd554c703b,0.14081279282949682
ck_9e0383e1fb6e214d,0.833041352617641
ck_733aff0f56f5b3c9,0.6385923813403952
ck_11af112667c98394,0.560114076186596
ck_004efa95555437e9,0.4298431452434304
ck_7de6997178207800,0.052169484620085554
ck_68dd79a51eabf5e6,0.6834793236911796
ck_0567302c57a2417e,0.784528417192911
ck_59de511b20c842ba,0.5959054797311062
ck_f1ef5cf7f10b16c8,0.58136076594011
ck_6a475fe324d7d790,0.7744856386229374
ck_31199510b40602a1,0.42599307394581387
ck_2a6d43b9f883b78e,0.9475962517824403
ck_788e78065526ee19,0.6361173355062132
ck_fdf89dc69f700f84,0.9193623955999185
ck_02a8582c2603e675,0.47480138521083726
ck_9c9e8a38bd5a6c88,0.7289570177225504
ck_1c2dcae19539e148,0.7866979018129966
ck_c7a9c7b2eef46a99,0.18857201059278877
ck_d9f8efa6a7800f76,0.3067834589529436
ck_03c4fa4f3ed3512e,0.10840293338765533
ck_c80a94d4660041fe,0.8388062741902628
ck_4819327a78615485,0.0838867386433082
ck_ab3de3d3e41c2082,0.2893970258708495
ck_e86ad2fe815b6ed9,0.5021694846200856
ck_c51131e53baa59c7,0.364728050519454
ck_e963d8525018d072,0.4705337135872887
ck_a4a01fd45936b078,0.5788653493583215
ck_66aeb00e44486cda,0.9003972295783256
ck_838c52cc1d315ec3,0.34904257486249746
ck_d20d4ba60eec9945,0.5139641474842127
ck_1f1273a67cbad5e5,0.9418924424526381
ck_44e57a0bad5a0745,0.44793236911794665
ck_9df7e153868bca13,0.23725809737217354
ck_50d7c4dab837bf66,0.4418720717050315
ck_9cde4036d0914427,0.38463027093094315
ck_d557b9feb241b3ec,0.02337543287838664
ck_ba4a6b9aa63964ef,0.4915563251171318
ck_5ccc0c94e5e1f849,0.55680382970055
ck_3cfeade2cf270fee,0.34950091668364225
ck_faeb0da678bb86c0,0.27705235282134855
ck_0f35e930d0614613,0.9892849867590141
ck_0e962eacf98a813e,0.19354247300875943
ck_c8b2e2cb349dd0ff,0.28816459564066
ck_45f57fb8194cefc8,0.4000814829904258
ck_cf6aa24b92c4d33c,0.9142391525768996
ck_f3bc10e3decefce4,0.09115909553880627
ck_c2466fc40fc9d5ed,0.987186799755551
ck_5ef50fb07b6737d5,0.5057954776940313
ck_8d0cd981ed3a183a,0.4691790588714606
ck_aeed557007d52e9c,0.01087797922183744
ck_dcef7887a4f1e435,0.8130474638419231
ck_6d6ac1f5dd882aa5,0.03471175392136892
ck_9e3fbd04e3532f32,0.937930332043186
ck_b8e5244e650aa81b,0.6824200448156446
ck_975c2aa3d4a8c51a,0.42063556732532087
ck_4f75144c6f3b13ad,0.5388368303116724
ck_0e7899a57cd617d6,0.022540232226522718
ck_df8ad2deb0a4ffed,0.6818089223874516
ck_cf7a022178165e56,0.1683031167243838
ck_5bc07deb82edbad7,0.07835608066816052
ck_f2aa1b677619ab19,0.308902016704013
ck_cb42e3be6fe87f60,0.14613974332858015
ck_4dfa1c1e9b69fcc8,0.6235587696068445
ck_23756522b58df5d8,0.046017518842941536
ck_c76f1bf40f3b787b,0.028855163984518237
ck_dc569c1167ccec0d,0.9516907720513342
ck_1ce20e4223a936b1,0.45030556121409654
ck_6b97d1ab90f6bdeb,0.34232022815237323
ck_1e97899875bb427b,0.36311876145854555
ck_4b00e75c2d2d0522,0.06965777144021185
ck_e80883208e8d0453,0.37107353839885926
ck_636111f7f030496c,0.27450600937054387
ck_a2d0417791d4132d,0.3133224689346099
ck_7a7bb9be5a7e48ad,0.4197799959258505
ck_5d2b9e6e087b8dfc,0.994917498472194
ck_6957905a65c47879,0.7687207170503159
ck_a33d2325f86ab12d,0.31748828682012625
ck_4df036e2aa7e1056,0.34762680790385003
ck_05ab5b03d0bf9ce4,0.9241087797922183
ck_bc04f51c23290bcc,0.3419026278264412
ck_2ce8931af02a2ce3,0.25118150336117334
ck_dfba788f35d4c372,0.17733754328783866
ck_90eeca1cda79fd41,0.09513139132206153
ck_f96db2a1f3448d1f,0.3970156854756569
ck_af5842fa7202ff25,0.598176818089224
ck_ea62ebfc1f04b49a,0.3845997148095335
ck_75bb521de55644c7,0.2753819515176207
ck_81a960fddf79ecf1,0.9659197392544306
ck_8da980cb2e1e2bfb,0.40735383988592383
ck_fa321945ebedb916,0.7359238134039519
ck_00dafc060c8de32a,0.6603381544102668
ck_f81a97d350397306,0.7185170095742514
ck_255d87b7fb40caa5,0.5689855367691994
ck_d5eb179dc45394c6,0.574373599511102
ck_628f449e248c19b7,0.767569769810552
ck_d9506476ad3f9e08,0.5123446730495009
ck_e3f1d85fa5d49396,0.3537787736809941
ck_6f3a28eecd2c4031,0.4201568547565696
ck_46d8c029d46867b2,0.343756365858627
ck_daf7aea023b7a8f6,0.4872580973721735
ck_aa37993f1c17cd1e,0.6984314524343043
ck_9c3aa9f23d01fa1c,0.07297820330006112
ck_9658a6ef471053f0,0.23337746995314732
ck_260cfe9141d249f1,0.8698614789162762
ck_8f6ce158c2902877,0.060175188429415355
ck_430a3d03be588201,0.2693114687309024
ck_b5f9dd00914b4db4,0.2723568954980648
ck_1c6820fc38135ad9,0.48187003463027095
ck_1f22f04dfc08cf27,0.24335913628030148
ck_aa0a3179f1111674,0.290588714605826
ck_9d4b5e6b43bad4d8,0.22589122020778166
ck_e3b3c5a80a567418,0.12125687512731717
ck_937f0da2306b2eb9,0.3946628641271135
ck_cce8b6657a538fe0,0.6544408229782033
ck_9e665618a4860306,0.15281116316968835
ck_8cd274cc85aa35d1,0.7237828478305154
ck_b7da6640fa2f49cf,0.8952638011815035
ck_f568772b6cb3febe,0.6646160114076186
ck_e95c8cc1864bd584,0.19305357506620496
ck_66600620149c8799,0.15156854756569565
ck_81307759252571be,0.1531167243837849
ck_378a9df82b1e0bee,0.917243837848849
ck_9ede89e8a43c3f53,0.8744347117539213
ck_2ae6949246ea2648,0.4575779181095947
ck_2c27b77c59d8f23b,0.8306274190262783
ck_94940d783e7988e6,0.19833978407007535
ck_2db10f987d137582,0.7712161336321043
ck_dac3852758f4ea89,0.10537787736809942
ck_b5a3e20fd210017d,0.4735282134854349
ck_3f7c870510083a51,0.39643511916887353
ck_96a89e720176b389,0.7494499898146261
ck_1aa87cb62acc0ac6,0.3410877979221838
ck_78cc5ec4940fec3b,0.12195966591973925
ck_31742076e9a998f8,0.6463841922998574
ck_3f9e6d356d3dd3cf,0.10924831941332247
ck_ab1b9d019921bca7,0.3556019555917702
ck_c8791f7ebd4d93c7,0.7465166021592993
ck_47a6005fabc33551,0.27381340395192505
ck_5a540b75c866166a,0.4604909350173152
ck_059e4fac6b7f704e,0.3867386433082094
ck_6c72a36b05fa0f4c,0.6061315950295375
ck_966a167758fddfd4,0.8108372377266246
ck_9ce743dd3e92549c,0.7215216948462009
ck_08a6d4903a7fbaca,0.5018944795273986
ck_8e5999c436cf037e,0.05944184151558363
ck_acc764b49ef02826,0.9319617029945
ck_7cc2e091806cfa5b,0.6772662456712162
ck_5ef935ac3d4d3332,0.5027704216744755
ck_a84f2cdf695a71d6,0.38257282542269294
ck_0a4d7acd2a53cbbd,0.22207170503157464
ck_c5e4a17d3efb19a4,0.8892951721328174
ck_8716cbf892c50e29,0.5185679364432675
ck_b8c7771de9b57705,0.19416378081075572
ck_0deb56f3f6452818,0.12063556732532084
ck_c1e5182bd99e0e35,0.8975656956610307
ck_f786cbc987b70930,0.16265023426359748
ck_ab581082e8f72e3d,0.252515787329395
ck_45e70c8a9686580c,0.7277755143613769
ck_6fce5a893613fd2c,0.09352210226115298
ck_003148504557f720,0.8772662456712161
ck_fffa0622344a36ab,0.10594825830107965
ck_d19bf4dc0627113d,0.10035648808311265
ck_a337eb38eefdcc88,0.7990731309839072
ck_d4b23804cebb045d,0.5065797514768792
ck_7bda5b5b927b2905,0.8564982684864535
ck_f8124911450fdf31,0.9590649826848645
ck_b4d2f02d2cd45720,0.9171827256060296
ck_0f4e2ec66d50da5f,0.16891423915257692
ck_186161ce152836f5,0.40888164595640664
ck_e4d0a9e1102a58b5,0.3918720717050315
ck_a115a7919ac5875a,0.8058158484416378
ck_c8efa1538b37c359,0.3728356080668161
ck_4d9eb75e8eee90fd,0.7251375025463435
ck_9ea3d5a5a91fef9f,0.8341311876145855
ck_3c59df37895ead2d,0.27740884090446116
ck_ea269b35406473e8,0.05038704420452231
ck_2a5b31594206eb30,0.9165919739254431
ck_1fcc5843f39148a9,0.28150336117335506
ck_7951bd4eb99a0175,0.0383173762477083
ck_abcbde211b6267f8,0.6175290283153391
ck_7b922518f667f76a,0.00872886534935832
ck_0bfc394c5faa65cb,0.48953962110409455
ck_0bd77fea8ed75a15,0.5490018333672846
ck_7c77e597c951cdad,0.6096251782440415
ck_e72db9d4b2fc9997,0.9885414544713791
ck_ab01db9117acfe3d,0.3424730087594215
ck_471e4018a23b4e56,0.28993685068242003
ck_4b31a8862a857e6e,0.9731920961499287
ck_87cf36a03bd63c24,0.8944184151558363
ck_adc576690df5b33b,0.655459360358525
ck_02dbabda93c8c13d,0.6946526787533102
ck_64f5eb4be9e7b8fa,0.8888979425544917
ck_43c1248db37a2eb0,0.12946628641271138
ck_b08afc91d9ca55db,0.494173966184559
ck_237508ca4fb37268,0.8115705846404563
ck_982b0bf2e2b6c4f7,0.11641882257078835
ck_71c3a8e4c12c989f,0.5584742310042778
ck_41938582f4351772,0.6058973314320635
ck_642344e5c652d8df,0.5591566510490935
ck_cee56be5a502fbd1,0.9118965166021593
ck_0f38d4aed68d7d24,0.7013139132206152
ck_3ed4d13f12fd9d0e,0.8418720717050316
ck_1a9e51d092d62c84,0.9336321042982276
ck_22128a4f0d033422,0.4375432878386637
ck_c189b551bd111332,0.09268690160928908
ck_5d7801201749ffde,0.5880321857812183
ck_982c2392238b7be3,0.9449174984721939
ck_bb4c6b713eb0b978,0.7649215726217152
ck_2605fd571219e28d,0.04990833163577103
ck_bd30853e9a57b544,0.33892849867590136
ck_a5276af466b681de,0.15229170910572418
ck_32e486859130458f,0.9600122224485639
ck_9e35b908fca1e4d7,0.1827663475249542
ck_c285a51ed6214f52,0.7665919739254431
ck_67674348e68d1f25,0.3430332043185985
ck_7878679065876b98,0.7146873090242412
ck_bd32dd3b2cbb7888,0.9976471786514565
ck_16dbafc035574654,0.20187410877979223
ck_c1c2cb49c3c1b0f5,0.9098594418415156
ck_8f59f11b512d5b7c,0.843756365858627
ck_c1b493527224a27a,0.2084742310042779
ck_e89d25ed7bdeeaea,0.3198716642900795
ck_9a84b396aada3fa8,0.7427072723568955
ck_d2fbd0df99634676,0.7055713994703606
ck_67a1aa88d2ea554a,0.7390303524139337
ck_ab2e3fc56f5b3aae,0.4284070075371766
ck_77c587d24695ea15,0.5685170095742513
ck_f0d806624ef3d359,0.36866979018129964
ck_160e9ba0a3f7c1fd,0.20656956610307603
ck_8c0210322733c718,0.5331432063556734
ck_ef261fc09be8eb0b,0.2752699124057853
ck_a2624e0387974e0e,0.6976777347728662
ck_6ecf56236789fc09,0.9790079445915666
ck_3af1eb88728ed8c7,0.5697392544306377
ck_5d8773badd0d4740,0.4880831126502343
ck_e794741742fb2619,0.36664290079445916
ck_2f8120ca80a1592c,0.6187818292931351
ck_ccb4dd9d0a48a76e,0.2570788347932369
ck_bfa7ba218b988cde,0.6311570584640456
ck_64b4dcbf436f0b75,0.3453452841719291
ck_41ba315d8fccb559,0.3189549806477898
ck_d23f9a50d1135ce1,0.857924220818904
ck_4af5ec61ddbde1a4,0.4717763291912814
ck_560bc6017870ab06,0.2600427785699735
ck_dbdf8d0708cc6718,0.2596761051130576
ck_e00332597cf1eb24,0.6691892442452637
ck_df6fe4ec5a233213,0.29398044408229784
ck_94d5ce61a0c50465,0.5039417396618455
ck_e6fecb82fc2a82de,0.4249032389488694
ck_c4f4f28457be8a74,0.027551436137706258
ck_c7e129058beb3ac1,0.6123650437971073
ck_4ec040b9e3785e4a,0.1500203707476064
ck_e21f9f96f597695b,0.5146974943980444
ck_ada6ede84c111719,0.4655428804237116
ck_549ed417f2834cee,0.7644224893053575
ck_5068ee554ceff971,0.5310959462212264
ck_d7d50fb57fcb2d0e,0.10997148095335098
ck_e0e9cfabb979f428,0.19118965166021598
ck_34bd190d37eda534,0.8160623344876756
ck_99021fe7225b5a68,0.811468730902424
ck_55933936536a4071,0.381686697901813
ck_517620ca16505af0,0.37914035445100835
ck_ce927322ef8f651c,0.5745467508657569
ck_b294aa27a0b586d7,0.1183642289672031
ck_c9f9fddef39bc664,0.6689855367691994
ck_13757bf0eeb353e2,0.22059482583010795
ck_d116e0e7c19b878e,0.9372988388673863
ck_a3747201f377626d,0.9807903850071298
ck_a315c9619a317609,0.6252699124057853
ck_9958b58da9e3c21c,0.5044611937258098
ck_89184bf7b7fe41cd,0.9086881238541454
ck_16b66bd803288bc3,0.9190262782644123
ck_7b382e533e2e925a,0.5502240782236708
ck_9a56739d81f84a53,0.22310042778569975
ck_4f0c5857da45fb28,0.8583927480138522
ck_3b49768b448b071e,0.5658688123854145
ck_54bb53b8f8ea32ae,0.9956101038908127
ck_4c7c50684827a2cf,0.1930841311876146
ck_538dad7f096458ad,0.2961091872071705
ck_2884bab237af16b7,0.2860358525157874
ck_8a6ea4a79b1c7a8e,0.4659095538806275
ck_57c14e32fa4683bf,0.10819922591159095
ck_c5b0f0d4f1655a20,0.6390812792829498
ck_aba573aa942b1d41,0.2551436137706254
ck_15239ef0689c1a35,0.501446323080057
ck_aa153a89a52f7eb5,0.5144530454267672
ck_fce0610c527e2b56,0.6982073742106335
ck_863db2e394dc47d1,0.9797922183744144
ck_66dd4f4b4127256d,0.06183540435933999
ck_79205e31223df2ad,0.7122020778162559
ck_31d5e3daced93d3c,0.4479629252393563
ck_1fca72e03143a645,0.9815339172947648
ck_a627734880aca848,0.051476879201466694
ck_8449a28f7d475d93,0.6935017315135467
ck_27eb86a9898cdfe3,0.12542269301283357
ck_50087d8666191144,0.8937563658586269
ck_d28806a2179092eb,0.9953249134243228
ck_bcc8519fe8521038,0.7806783458952944
ck_53036d3c6c74446c,0.9212568751273174
ck_7d81b59d615a6649,0.5589834996944387
ck_5e5280539257c986,0.2699327765328987
ck_1838cf8d00f5b1e1,0.35643715624363415
ck_50460e0189de6274,0.9768282745976777
ck_325caeab5c7a9c3a,0.2961193725809737
ck_7ce4ca91b8f9f1c1,0.2898248115705847
ck_f87d66946252476c,0.908015889183133
ck_6d0d081bfa8a0022,0.686494194336932
ck_ffc8e3c1377d0706,0.2263801181503361
ck_38d1a22850178f33,0.09208596455489916
ck_5c58e7f8fd55e26c,0.16750865756773275
ck_1375ad9f10688e4a,0.10803625993073947
ck_7ce768407fd48321,0.7378081075575474
ck_31b16b8848584e98,0.6003972295783255
ck_fd44e34af620e606,0.7020167040130372
ck_9441d48a12e8a4bf,0.7991444286005297
ck_f69e93388b3028cb,0.9014361377062537
ck_687b412e2aac7eb6,0.4428498675901406
ck_f473a03fbcdbc4b0,0.37008555713994706
ck_28588fb03b320520,0.7879914442860053
ck_9f9555197480d1cd,0.5070584640456305
ck_2ddfc948b8eac752,0.9352006518639233
ck_d56fc799542299b8,0.06791607251986148
ck_edde1d7d1db24725,0.7683744143410063
ck_81793387b38047cc,0.17694031370951313
ck_13648cbd306eee6d,0.4196475860664086
ck_a5d7311291caaa54,0.0823487471990222
ck_bd26d2bef14a8597,0.3889284986759014
ck_8129e81cde280131,0.46173355062130783
ck_431118050b834dcb,0.11521694846200856
ck_580dcec33ec232b8,0.28856182521898555
ck_ecf006bbc78ee3eb,0.902790792422082
ck_acf7d65eaaa4c31c,0.1378284783051538
ck_8ce9c5807acbef48,0.328753310246486
ck_c3d7d3d12a1981a3,0.14443878590344267
ck_9075432001a64e75,0.4483805255652883
ck_f99738dff854e25f,0.06590955388062741
ck_a1a93c5f375f6021,0.08603585251578733
ck_a35d81bcc54ece2f,0.4837339580362599
ck_f3996a3c8eea1ea0,0.5451823181910777
ck_b75b936aafac56b9,0.3858728865349359
ck_25c355da356c730d,0.33535343247097166
ck_5615c6bbdef05291,0.894306376044001
ck_4db95c310e105d30,0.04536565491953555
ck_b76510998b9a2260,0.6191790588714605
ck_90bc176c43d85fd5,0.8988592381340395
ck_4b387765f0e916cd,0.24914442860052963
ck_f11b1565f986f5e3,0.5343756365858627
ck_e5018f9418e0102e,0.6932165410470563
ck_a08f8dfadbdca112,0.37590140558158486
ck_cdb8061d8d1a6c5f,0.24805459360358528
ck_6e8ebaea8f7bffaf,0.01689753513953962
ck_66746d1090d6d9e9,0.09227948665716032
ck_9cf5e88e97c8c7ea,0.6738948869423508
ck_fae7e518a585fa61,0.7322265227133835
ck_8fc641b1750a2542,0.7301181503361173
ck_c9eeab826781dc91,0.5287838663678958
ck_95ffa1a805a1c9d1,0.16801792625789364
ck_e839d104854945f0,0.15293338765532696
ck_f04040a830f92bac,0.3918007740884091
ck_e8b5bfa6838e28d1,0.5929109798329598
ck_72e7b1acc19df820,0.3234874719902221
ck_fe43da07608b1749,0.5427581992259116
ck_7e29c10d781c3b41,0.374414341006315
ck_f56073911c9f1ab7,0.17292727643104502
ck_68be4fefc85a6b64,0.9186596048074964
ck_f07b09879d697b82,0.21575677327357912
ck_b9c6b32f6bd92a3c,0.08608677938480341
ck_c8ad86806b9a2369,0.772132817274394
ck_722ac47c8ac9b6c3,0.9165308616826239
ck_d812eb6930192793,0.09338969240171113
ck_1774faf414a5d49d,0.9518842941535955
ck_7b93a622e40d8b14,0.5999592585047873
ck_39638880292782a7,0.3099307394581381
ck_11132d245b94d045,0.1652984314524343
ck_f736cffbdb82db34,0.02221430026481972
ck_0e477084434da450,0.5012833570992055
ck_ea819e337233475c,0.8688022000407415
ck_c6b6ebe145a8ffab,0.3563353025056019
ck_0af3c13ba56ce57c,0.0492870238337747
ck_cee8d42475a0f020,0.1802811163169688
ck_748b3ea941d8b3b9,0.37524954165817886
ck_96c3a3517153390e,0.6200040741495213
ck_de8af660806b97b5,0.08636178447749034
ck_2951d76c41de2569,0.74231004277857
ck_35fe969c58b9e70b,0.8807801996333267
ck_59684167f9c6bf4c,0.7729272764310451
ck_1645e6cc53fa99ff,0.6009370543898961
ck_fa04ac31e596e7d6,0.6266856793644326
ck_ace21f6daef94f6e,0.2861173355062131
ck_1cef30d08f3a598d,0.08793033204318598
ck_cb61902798ecc4fd,0.7117742921165207
ck_9ee044b73943a90b,0.48373395803625996
ck_f538ab6aecf2adfd,0.035923813403951926
ck_c2608f78f6851d10,0.9523833774699533
ck_cf49b6544aff6c50,0.9435933998777757
ck_f45bad1606fa00a7,0.30417600325931965
ck_863708a99b92ef0d,0.652332450600937
ck_7fc9a0776e1339e3,0.11862904868608679
ck_320df984791a1b99,0.18155428804237114
ck_6fb2d142c09ed3ed,0.6371562436341413
ck_3e47f8c56c811700,0.31951517620696673
ck_0add2c321d579d75,0.5990323894886942
ck_e4c0fc52c82065d3,0.27505601955591774
ck_ca68dec0c7df5a12,0.1790588714605826
ck_ae3a763997f8f385,0.7972092075779184
ck_a38bd07a5fac5c9a,0.089142391525769
ck_a73045e96af0e4fe,0.48185984925646774
ck_f29dbbfdd2786bd1,0.36716235485842325
ck_a7331e8b808c39aa,0.8155836219189245
ck_16340be3f2a7fffd,0.06445304542676718
ck_b129261da9c3c3c9,0.2526380118150336
ck_07840bba5570785b,0.651212059482583
ck_abb056a9deab275a,0.6619372580973722
ck_126531a9126c17c4,0.0936341413729884
ck_333a43ec339a04cb,0.7273273579140354
ck_34a6bd3be642f15c,0.5095742513750254
ck_9c46711b14d9eebc,0.0991240578529232
ck_3acccc69f8b1fd14,0.7121409655734365
ck_74665e1209140ae8,0.726380118150336
ck_670dc4910cf476c2,0.060215929924628236
ck_7e2d6b22a0ae20c2,0.5763291912813201
ck_723323f6870fab59,0.6168262375229171
ck_c8affb27ba7fb5db,0.7247300875942146
ck_e5f8c8a5824db594,0.3871155021389285
ck_7e5f02b51b9f78bf,0.8486657160317783
ck_b7e25ddd41514d4c,0.12055408433489509
ck_0e0919292ad33472,0.9537787736809942
ck_e35a4b4a3cb4cedf,0.4624159706661235
ck_65be698386474170,0.08098390710939092
ck_0cf220816e320ac5,0.23002648197188835
ck_0308e0602b856445,0.1372886534935832
ck_5e1b81848718bdc3,0.4830617233652475
ck_2085433978e72ea9,0.8484721939295172
ck_b5e4c6dbbed1b773,0.6305357506620493
ck_eb9f0c06ee017ee5,0.4236911794662864
ck_30dac0a58c5590cb,0.8980036667345691
ck_05e01ab9c95449da,0.5406192707272357
ck_f409ff994a210601,0.6441637808107558
ck_05652e8ace6ce6cb,0.21482990425748624
ck_f4ec4a935e51b4db,0.46707068649419425
ck_df5aedb4118020bf,0.9690364636382156
ck_1dcaa3078dbb7571,0.04595640660012222
ck_47e1032f490bb018,0.3711448360154818
ck_5ea89567dfe78e4b,0.47357914035445103
ck_1225a97fc413a419,0.6835098798125891
ck_2296d7a563424883,0.41341413729883886
ck_57c07c45269ca8c0,0.16641882257078836
ck_7df3f8f4f1068d62,0.22851904664901201
ck_558ebde8c29132a4,0.5861784477490324
ck_2d923d957ffd4d53,0.4697596251782441
ck_6ddb55b1f23c6cb1,0.3596557343654513
ck_93470896f0804b6b,0.9816459564066001
ck_556c62e92d4e7e5b,0.8852821348543493
ck_a059d00cee5cee99,0.10341210022407823
ck_0174d76398d9dc0f,0.663190059075168
ck_49e253ea12f4e922,0.6846811977999593
ck_f7276091bf513d22,0.07400692605418618
ck_d321249fb065d2fa,0.7281218170706866
ck_e0403d507519b7d2,0.20161947443471176
ck_0f3de7f074bb33af,0.2825830107964962
ck_bec8324a3587ef04,0.11321042982277449
ck_a3c25d6cc7478068,0.5272968017926258
ck_2ab7eddee2d8c49e,0.44647586066408634
ck_e475a3b8ba870a7e,0.4793949887960888
ck_9b2b0e286de78a1b,0.5974332858015888
ck_5cf67a3a747e684d,0.6911387247911999
ck_9401f9e11f65337d,0.6506213078019963
ck_a0e5656e1cf9cbf5,0.2903238948869423
ck_398a1ed77b0130e5,0.4432267264208597
ck_4f5d022c99f118b7,0.771104094520269
ck_630530e50764f229,0.4127419026278264
ck_5cacad76e02c8e3d,0.9774597677734773
ck_2cee2dd7bbfc09a0,0.9683642289672032
ck_9478dfe4114c30f6,0.2692809126094927
ck_2a09c7aa870edb6b,0.10653900998166632
ck_d5d225ce41a1a762,0.7097881442248931
ck_76091f357974a152,0.46459564066001224
ck_26cfd7c3c6c7bf69,0.4885312690975759
ck_8e54386f4fe22cad,0.5491342432267264
ck_22b52654776a1ea8,0.9576594011000203
ck_822d6e8e43befc72,0.9334283968221634
ck_15eed0f5652f0352,0.2553269504990833
ck_6bc351a3d57aac54,0.3784681197799959
ck_bc736114a31088a7,0.5219698512935425
ck_002cf760d173f0f8,0.5393868404970462
ck_8f8e4fb9c6190272,0.24476471786514564
ck_a39d0bca345b492d,0.3541148910165003
ck_216e87a41de22b5d,0.7885414544713791
ck_75296704f5806f56,0.4218170706864942
ck_2bdd8616870e5e1c,0.04986759014055816
ck_798157bcdb9453e1,0.1601751884294154
ck_9a1e3ec9a1839939,0.32315135465471584
ck_a9d994554fc14a02,0.00802607455693624
ck_410c3e13b48e0415,0.11537991444286005
ck_d4febf0083800424,0.7209513139132206
ck_9527adac182abe57,0.9262986351599104
ck_4087065be2a45ad7,0.9270116113261355
ck_c0e8560ccfd9dd9d,0.21177429211652068
ck_8d87658a6f5d204c,0.9386840497046242
ck_d973444855403e2a,0.37266245671216136
ck_64eefec062592c43,0.43132002444489714
ck_5b86fd14e85bc9c7,0.9388775718068851
ck_ba175b1bd8efaabf,0.3293542473008759
ck_7696e38b3e4197b0,0.43449786107150123
ck_51bbbf8f8e8ad005,0.999582399674068
ck_df935d8bdd44883e,0.49694438785903444
ck_a0714f98001efa0c,0.39828885720105933
ck_8c9b57ad2a991416,0.3085149724994907
ck_c8c1bf16d9113493,0.7560297412915056
ck_b89cb90a420c9075,0.3785597881442249
ck_f0424b3b36bdbef0,0.7755143613770625
ck_8e89ca8b39f3f8ad,0.15127317172540233
ck_9c5feef7647b0588,0.42834589529435735
ck_374865697f1480eb,0.6709411285394175
ck_0229a07185f15469,0.37953758402933385
ck_4291fd9c1161d8e1,0.6925035648808312
ck_61a59a7944d6c53e,0.9158586270116115
ck_f21efd504faa654c,0.12403748217559583
ck_64c1633297f43788,0.16459564066001223
ck_991c4c924a1d85ff,0.9492360969647586
ck_2dd39723c4088b64,0.5084742310042778
ck_65f76421be648549,0.38864330820941134
ck_1b93381d8eea58d1,0.4692503564880831
ck_8572c5f5c1447c62,0.5516092890609086
ck_80b8fca67a14e0be,0.9153086168262374
ck_45ed5ee496ef8a67,0.3913118761458546
ck_36979996f33498f7,0.9479323691179466
ck_219bef979ee21bdf,0.13913220615196578
ck_7a6cb27e390b6ceb,0.5112344673049501
ck_d07485ba10514a2d,0.9237115502138928
ck_81e21354e477eceb,0.6696374006926054
ck_df39e3b8a9fd0bfd,0.9385414544713792
ck_49839e761d0e74e9,0.3126706050112039
ck_9d7b9e3ff1f3e71e,0.41674475453249143
ck_f63cb5e8cc702bad,0.40215929924628235
ck_cb856e75c949b0cc,0.012477082908942757
ck_0fd9312411b0ac55,0.5743023018944796
ck_9affb0f26776b642,0.13424322672642086
ck_c417d06f3e94685d,0.3454165817885516
ck_6c2453229d608183,0.7451313913220614
ck_1867b1199c864db5,0.7866571603177837
ck_8398adeaf41f9cae,0.6732226522713383
ck_796d3eaabc667c23,0.9908331635771033
ck_b4d55bc809000276,0.5029741291505399
ck_839bf139296b5cea,0.5838969240171115
ck_e57b94fe57341058,0.7364941943369322
ck_8ca808cc5a49cb5c,0.465237319209615
ck_f4ec334be5266378,0.18359136280301488
ck_61c3e3e277629646,0.29393970258708496
ck_483fb981a1fb4317,0.22666530861682627
ck_71f382d5e338daa3,0.35002037074760645
ck_124a197be41687f5,0.7350682420044816
ck_4e4f99102f6938cf,0.16532898757384396
ck_3add4d23124c9290,0.24668975351395397
ck_5c3f13de0dbd5086,0.6939804440822979
ck_921ff5ceaf40a968,0.6993175799551845
ck_fb0c138c003e933a,0.14834996944387857
ck_5177fc7137ff26ce,0.03740069260541862
ck_dfd4e79aaa967b63,0.33072927276431047
ck_850ec97a5a0dab9a,0.6077918109594622
ck_d1a1cf4cf61d6801,0.6377979221837442
ck_646b15f753e5e9c6,0.668364228967203
ck_60f4fb44f5efe3a0,0.07041148910165003
ck_b53084ffede19a8e,0.07863108576084743
ck_5b16d67c5ea89930,0.6256467712365045
ck_a4ddac49657a4450,0.4050723161540029
ck_f917c82af80e4a79,0.816082705235282
ck_b87ef4b98cfcec4c,0.6449582399674068
ck_877c85bad118bc62,0.7028519046649012
ck_42317c3eabd0a285,0.9576390303524139
ck_a5bdd026fa9c50fd,0.38208392748013853
ck_7c88d3d377bb61bb,0.6393868404970462
ck_9acd98f4fe2d474e,0.8582501527806072
ck_6d64193681d2a94f,0.692778569973518
ck_991b7dfd69098320,0.09768792014666938
ck_c5ece5ffb8800ad4,0.39354247300875944
ck_ffe91d6f0bd93fc6,0.7725402322265228
ck_14f9535e53f9c7a6,0.637095131391322
ck_e35b2ed08b9e55a7,0.4224994907313099
ck_3ad6e7bf452c9b21,0.44564066001222247
ck_ad8cbe6e27e47ede,0.5491036871053168
ck_29fbabf855cabdff,0.11287431248726829
ck_700cb620f300dd47,0.4631493175799552
ck_b1cbd6679c0f8d95,0.29937869219800367
ck_708fea345f68037e,0.07238745161947444
ck_b08247c3ad567d92,0.9413628030148707
ck_25fea39897f2a559,0.5057241800774088
ck_9eb80edfa43203de,0.280800570380933
ck_6cbb011e0c70bc7c,0.1802607455693624
ck_309a432c160a17b3,0.392218374414341
ck_e949a0f4df0b3902,0.8556019555917702
ck_4b123d6931b6d0d7,0.8255041760032593
ck_13677a1957078827,0.04864534528417192
ck_243bd5ca8c4ae5d0,0.26775310653900997
ck_360237c1bd30f4bd,0.3654002851904665
ck_b17c239f160e6017,0.4792014666938277
ck_c91a628236baf91b,0.8607048278671827
ck_182dc4a2f5a366da,0.02657364025259727
ck_9fba80f56f357fe1,0.30365654919535545
ck_c1c5ea839c58958a,0.6723161540028519
ck_6a0684436a1e66c3,0.9186697901812997
ck_63d2978706e193d2,0.6761254838052556
ck_8703543bf3134306,0.4596862904868609
ck_d79bdf04d6f31cd5,0.40568343858219597
ck_b0d33b5a3716661d,0.42591159095538805
ck_bce253d2396681a1,0.34662864127113463
ck_9be551300209fa83,0.6286107150132411
ck_ec3d12848ced99f2,0.5078834793236912
ck_ad305286702b1958,0.09386840497046241
ck_96c7d52ba0a766ef,0.7975555102872276
ck_e1d5ad20c737c745,0.6043491546139744
ck_7429b3f87528e335,0.2849358321450397
ck_cf606fd6ebfdf9bc,0.17938480342228563
ck_878522cb775b904c,0.7944184151558362
ck_218b7e6e6dbd2da0,0.13863312283560805
ck_1dc23dc870f1773d,0.6201364840089632
ck_fac046ce336fe39d,0.4284986759014056
ck_0d846660c7957a88,0.24636382155225098
ck_6821459b626d492c,0.17621715216948464
ck_dc4db8b932df49de,0.8766041963740069
ck_c49832eabdac5bb7,0.03803218578121817
ck_c3e37a4d3382c32e,0.08200244448971276
ck_68b8b859a6ef505b,0.6611733550621307
ck_8d501a0386c66be8,0.8697188836830313
ck_86b853c52f20fef5,0.32881442248930537
ck_15886fe84866de92,0.7591260949276838
ck_92de019e05971ce3,0.2908942758199226
ck_af7ffd1a822460d3,0.8959360358525158
ck_917d82c552f95a23,0.7475147687920146
ck_74e5dec189761d14,0.14964351191688735
ck_54b374ade34e1dc1,0.35200651863923405
ck_beb97e498e6cf8e8,0.7330209818700346
ck_a96aaef34173aee6,0.8469443878590344
ck_79ffcfee599d77c7,0.49622122631900595
ck_322ffda3332d08a2,0.7735995111020575
ck_3b1d7648d4580bef,0.25080464453045426
ck_6e4b99fb9725d9fa,0.4693522102261153
ck_893b8afbe11301e1,0.27108372377266243
ck_56b992c6f136fa5e,0.7388775718068853
ck_c624b9063400fa3a,0.7894988796088818
ck_bed3e3db135b782e,0.6399877775514361
ck_5d038ecb3c8748a3,0.4240884090446119
ck_77fced07f6dff42b,0.5272866164188226
ck_05d81b1a150f31c5,0.0937359951110206
ck_285719c77eadf915,0.06892442452638012
ck_664b5e02759f985a,0.15008148299042573
ck_eb48c0bcd12ea654,0.5133224689346099
ck_1bcff399166d7c43,0.3837441434100632
ck_e9e3381d5e0e5051,0.1065797514768792
ck_f5f87f772388efa0,0.6323691179466286
ck_80b072b7f3c7e8e5,0.2920554084334895
ck_386680372fb54857,0.1454471379099613
ck_d98934f9fe0b02b3,0.21877164391933188
ck_283c5bea94b21e80,0.2606029741291505
ck_8dbaaa00ad829ca9,0.5549908331635771
ck_9782c86ba6485f88,0.10333061723365247
ck_83a69c4a5d55ef19,0.5630270930943166
ck_4fa85cebf707de2c,0.02337543287838664
ck_ce1500a7f0d03fba,0.09735180281116318
ck_73d60b4630e3937a,0.09878794051741699
ck_279d43303708109b,0.4608474231004278
ck_64ff60c073fdb6db,0.44953147280505196
ck_d5c14e877ca7b755,0.24845182318191078
ck_7e5401c362b2216a,0.09696475860664086
ck_064b2aa3f0bfdb6e,0.4968527194948055
ck_70066eea13b4c34f,0.38583214503972296
ck_f0d349d68249d5db,0.04346099001833367
ck_86bfe328e0a533b9,0.9450397229578326
ck_18f67c00ba21fbde,0.5401812996536973
ck_72fdfc7e6d8e1436,0.1546547158280709
ck_75257ca7d7da2861,0.49765736402525973
ck_a0c3059a959ba5d1,0.7092585047871257
ck_52f641c9ee6fda70,0.35605011203911185
ck_7c6b577174af7a78,0.27820330006111227
ck_52174855b243a8b0,0.7121918924424527
ck_c12805fa5d970a83,0.7656854756569565
ck_0406931800e0e2e6,0.19107761254838054
ck_4b97d19ed946f503,0.4306070482786718
ck_87dc484baaf5a23a,0.038347932369117946
ck_539cb0d117db8cd3,0.9027194948054593
ck_09f8f51bfd2492c6,0.42037074760643717
ck_05c4dcbb45de1f8d,0.2279792218374414
ck_37139b41c5370523,0.7647586066408639
ck_ec094eb1cbb3efc5,0.07628844978610715
ck_db32c95ce2b6f502,0.967192910979833
ck_7a02ee1bfba7353b,0.5006926054186189
ck_571dee4f3336c7ce,0.5686086779384804
ck_c3c69aefe7ea1d2f,0.6054899164799348
ck_de05f97c3d40dd1b,0.8073945813811366
ck_823539d936c55fc6,0.08313302098187003
ck_97e94708bcf43563,0.34200448156447344
ck_71c68dfd011dbbbe,0.9509574251375026
ck_f5791fd8fd8fd191,0.5407007537176615
ck_ec986285fff05b7d,0.11438174781014464
ck_da3526ab6c5c884a,0.5541658178855164
ck_f9197b070416f443,0.22581992259115913
ck_4fc6256e0e60a926,0.3400183336728458
ck_9c0deab8a8367c5e,0.04176003259319617
ck_f34fb7ccf82f41e5,0.38536361784477496
ck_777669e2243204f2,0.974414341006315
ck_d3a2a4c011fa2554,0.11881238541454472
ck_ac84b33304362c06,0.46375025463434505
ck_16af4be191c47d3d,0.058127928294968434
ck_0446920a1004c596,0.06477897738847015
ck_0c6a50d747593b7b,0.43935628437563656
ck_193d9c87ad3f1dad,0.021582807089020165
ck_5b8315726f6204e0,0.5775208800162965
ck_f7e53af3c91fec64,0.5531065390099816
ck_e679fbf4f4f4aa07,0.25495009166836424
ck_59a14d2564193101,0.17614585455286208
ck_0e9ec486bff403c5,0.473253208392748
ck_f6b7a10d47dd9a1f,0.4261458545528621
ck_4b4d99e443618904,0.4794662864127113
ck_4f05daf1cf0d5755,0.36887349765736405
ck_64ac5e6fed86ab60,0.9552454675086576
ck_01ac687ce0d696a7,0.7001833367284579
ck_5f9a7ff990341bdd,0.10061112242819312
ck_010d0c2e6c1657fd,0.7773069871664289
ck_4b2e87d86a5e415c,0.7955795477694031
ck_66f9f78d4c6a3edb,0.7205744550825016
ck_0b1d84252c0b46c2,0.2839376655123243
ck_68b5542459638b56,0.675025463434508
ck_62967b91504149f9,0.22938480342228557
ck_f99bc1732ce5e999,0.7089733143206356
ck_c2017120b3b88a46,0.28898961091872066
ck_f7ff94c3df5ac874,0.2838154410266857
ck_25382331551d22a5,0.8121613363210429
ck_703b41624ae6a5b6,0.1342635974740273
ck_e2c66c72cc0b0f78,0.7423813403951924
ck_28ac4c5134cb8e77,0.6486249745365654
ck_168c96a1a636ea15,0.36087797922183745
ck_39a81899dded61e4,0.2208902016704013
ck_94a096c36162a153,0.46330209818700346
ck_ee535461b5f05539,0.9067019759625178
ck_59c29d9c57b4f994,0.3819107761254838
ck_8982888dd6611143,0.14788144224893057
ck_60896cdac2212bea,0.8132613566917906
ck_aa188e5c25f7f42a,0.4683540435933999
ck_1f56fe99f250cdf4,0.6540741495212874
ck_d0dc156441fcfdcb,0.6158688123854145
ck_395f3bd4aacd7ca6,0.6921368914239153
ck_5576b725de38d106,0.5084029333876553
ck_e2d1f212f259539b,0.4504379710735384
ck_3c3a1a1365741bba,0.19242208189040533
ck_4f325dd15c9bd45c,0.7181197799959258
ck_66f0945add423e9e,0.241658178855164
ck_a74f6a3030f5d495,0.6877571806885312
ck_d9ea77f4114a389c,0.12007537176614383
ck_bf15a1f8d67a30d3,0.565848441637808
ck_bb643194d1cbc47c,0.9922794866571604
ck_80e5ea27848069fe,0.28088205337135874
ck_635646a661f05b4a,0.6557139947036057
ck_bd80546b4807dd59,0.6810450193522102
ck_63743141ffa11f45,0.4846302709309432
ck_0b8b7c5c581fd161,0.0661132613566918
ck_79d62ef181bd0cd8,0.45591770217967
ck_562c76a3753fc7da,0.9416378081075576
ck_d66bb1f063357f99,0.32405785292320227
ck_89d7bfc81c3df597,0.3193725809737217
ck_fb0cf32c4a56f740,0.6249032389488693
ck_6c679602a6476ab2,0.2486860867793848
ck_71b37fe47490b4ba,0.2583723772662457
ck_494ec63c5ce8e150,0.4643715624363414
ck_92e474e4368c4791,0.5355775106946424
ck_2d3d6c9364362017,0.03194133224689347
ck_354379de065a8ff8,0.1896924017111428
ck_f7bde7265053364d,0.4353025056019556
ck_820219bb9c761b52,0.9065288246078631
ck_a5ce2ae36fb410d9,0.013302098187003463
ck_ac55dc6cbcdf8228,0.35744550825015275
ck_f34c93a8173555b1,0.7143715624363415
ck_fb3b68b4424b5f92,0.833458952943573
ck_d3f44bbe2f7e9b2d,0.7190466490120186
ck_dd9c5f0c42878e67,0.13445711957628845
ck_41bc3efa0fca700e,0.7546139743328579
ck_4d1baef193cfb900,0.6831533917294764
ck_aecdc5a96321a2d8,0.4922285597881442
ck_e7c8a9e4641eb9ed,0.04397025870849461
ck_f2350bf355dc919e,0.2647280505194541
ck_bc61c59970f8de49,0.667386433082094
ck_389607982eb6b701,0.9599409248319413
ck_ace6b72e5bf3e93b,0.8922489305357506
ck_2afdd69094c955c5,0.6964351191688736
ck_fc9f16df35190eb4,0.926186596048075
ck_c43b4175fc9ac5bd,0.958015889183133
ck_1a4e5ace078dd782,0.5496129557954776
ck_232325ef6bce92f1,0.4519148502750051
ck_51c50c4c443df31a,0.9406905683438582
ck_126a82e8d42e5ce6,0.16380118150336115
ck_caa348f0e65db062,0.983825626400489
ck_a6f61864fac3c8fb,0.34157669586473827
ck_694eb6c43193afd4,0.6607455693623956
ck_d7792b429620fc24,0.21068445711957628
ck_2208392a9f6bd249,0.6509879812589122
ck_8ff7a9b23a55fd62,0.3071501324098594
ck_8c5b29f6666d4874,0.5897942554491751
ck_fcf5b8216d0c18ef,0.10446119372580974
ck_393287947b5c8d79,0.3994092483194133
ck_3e6833574edf1736,0.5186697901812997
ck_8b772caed8f1541c,0.27838663678957015
ck_e914974cee1bccb1,0.46914850275005093
ck_4f1e962ff8a29732,0.26411692809126097
ck_f6923088c17a04e2,0.7403442656345487
ck_10f90d879209734f,0.5168364228967203
ck_3d6c3c00d854f5a4,0.7731513546547158
ck_6e8f8ef7a03cc6bf,0.3953962110409452
ck_833688de8629c5c0,0.019454063964147485
ck_20578ac693ea4e93,0.5765328987573843
ck_43aa136bdb0a2832,0.9172743939702588
ck_09cd5c4df1e81ac2,0.8385720105927886
ck_8f4b384955bf57c9,0.17129761662253007
ck_94b90ab8b2dfb50f,0.6460582603381545
ck_ea618f720ff0b4b0,0.22734772866164188
ck_6c83aa1d100a7cd8,0.7507537176614383
ck_e7be077aa0b2632c,0.11749847219392952
ck_e10ff5c38bd18470,0.5207679771847626
ck_0593ae243a9ebee9,0.5406192707272357
ck_b20b81b88dabe28d,0.1017518842941536
ck_2bb6a17e8eee35cc,0.7587390507231615
ck_8def763034187436,0.5889081279282949
ck_c1aebbeca6ab5ff9,0.3424017111427989
ck_ef307a6aee38d1fe,0.9616826237522917
ck_49dddb894d33f6db,0.8169688327561621
ck_0daec63bd5b0729d,0.6219596659197393
ck_c49b685d2b3ab89a,0.3458647382358932
ck_732d45bd578dc39d,0.3713689142391526
ck_74c3c3452e4e7cce,0.18757384396007334
ck_5986119e7d81e831,0.5610918720717051
ck_98d2f9a6ba3a3077,0.9522611529843145
ck_586001d3ed9e7fbc,0.1027907924220819
ck_03be334935e999a2,0.31801792625789366
ck_9a43c0c73a39d759,0.6264310450193522
ck_a1c7cf63467df4c2,0.08285801588918314
ck_ad48826c1c26eb78,0.9497351802811163
ck_985c9ca112000e9a,0.697993481360766
ck_aa06ed358e43db69,0.8723365247504584
ck_d21612d48bb4f7b8,0.44917498472193934
ck_9a9e3dac79280d7f,0.7928600529639438
ck_8250eddc1ecb07a0,0.8078936646974945
ck_d6f27eacbad310f4,0.44254430637604397
ck_27d69ff4e0cb428c,0.785088612752088
ck_5e5461dac83531ac,0.4607251986147892
ck_d1bb8890081e0a31,0.5117539213689142
ck_cef2a485a77e0723,0.16471786514565087
ck_3e24b026bc66789b,0.01941332246893461
ck_8105bcf69a75ee47,0.24551843552658384
ck_6494f0ef13ce44d9,0.33858219596659195
ck_a4a7ef3ad799c380,0.42840700753717653
ck_a48ec0c00ae20e82,0.743053575066205
ck_4717f24f2c6f40e1,0.8473823589325729
ck_54748ae0f2daaf10,0.8233652475045835
ck_ebd0a45712dcf07a,0.4317274393970259
ck_998475a2e4dfad4e,0.3593298024037482
ck_99c0a41ac9c73857,0.26970869830922795
ck_ca24bb0de508efb0,0.2369219800366673
ck_f2b8995fe5402759,0.22380321857812183
ck_d37d56e931105db0,0.2167345691586881
ck_e66ae4fd586fedea,0.1525565288246079
ck_c1e7d1021ae58f00,0.07409859441841515
ck_687ab5d5554bfa79,0.5199124057852924
ck_8f8e5e2b9dfec3d1,0.6495925850478713
ck_537cc97d0398c922,0.8463943776736605
ck_56b389627d8f02c5,0.9778468119779997
ck_48a6754977a44db0,0.2632206151965777
ck_074f20921189e7d6,0.375768995722143
ck_f22aacaf86a65d7e,0.8087899775921776
ck_828eef2334e17b3a,0.4679364432674679
ck_dd8edfefa1eba531,0.07321246689753515
ck_66cd34bc568d95e0,0.5047260134446934
ck_c95c786d2f8b8edc,0.3542880423711551
ck_bce5b7fecfb6264d,0.899480545936036
ck_d32fbbfe32c00416,0.6138113668771643
ck_bab5759b07fe2bea,0.17550417600325935
ck_c55afc68421d85e2,0.3536158077001426
ck_dca0b6ca93311ca2,0.5980138521083724
ck_e0571312f395cd94,0.4745773069871665
ck_fd038a7d33a9d6e5,0.10062130780199632
ck_ce66831f6611014c,0.5010287227541251
ck_09fab6b9825001b2,0.2105214911387248
ck_80b50fad7f255e1d,0.1846506416785496
ck_2a97db9377d01e36,0.24069056834385824
ck_9e5b7acf51b1b743,0.6178651456508453
ck_5468fa99c945d785,0.547484212670605
ck_556786868599143b,0.5842635974740272
ck_a6d4f998dadc90c2,0.9745773069871666
ck_4d2159603045109e,0.5014463230800571
ck_a9ca2f447b984a6a,0.48183947850886133
ck_cd553ba6589d8bfd,0.5761662253004685
ck_830b2c5d1818ac07,0.7305357506620495
ck_80eb91b0b4001084,0.7938989610918722
ck_730226c2d216cacc,0.36934202485231216
ck_f07e27d125497b66,0.5385007129761662
ck_b68199ecccf2350c,0.09799348136076594
ck_15dd3ecaa8ce0245,0.952098187003463
ck_6dac66c8198c07d8,0.32349765736402525
ck_6b817117d87063a8,0.4438887757180689
ck_589109a188adc2c1,0.2114585455286209
ck_bb76609b79e0bc9f,0.3425137502546343
ck_f0cbd5383bb07778,0.730943165614178
ck_02b9f418524f6650,0.5992462823385619
ck_4e9a6f06ab134102,0.5561723365247505
ck_7334a9ec656263b2,0.1597168466082705
ck_f80af368cfc6cb7e,0.6281014463230801
ck_d74b2ead8aaa3f73,0.6970462415970666
ck_1dd69a11daa7bf1a,0.6795986962721532
ck_7509eb97c1948b16,0.46905683438582196
ck_a406bf11e48cf8c5,0.8342024852312081
ck_d1e3de178601d3c2,0.6227337543287838
ck_71044c29ef071570,0.3285903442656345
ck_a1c88c0568f142d0,0.8731207985333062
ck_dfc6f5712d8d6678,0.8842534121002241
ck_9c56114f84e9a541,0.497759217763292
ck_d7c28eaa05bb7144,0.47785699735180276
ck_3a30132a57181fe3,0.6967610511305764
ck_48d0fc4f6a2109fa,0.98727846811978
ck_c0389ebeb0e65cb8,0.05850478712568752
ck_b4c014d5c0cc9eb2,0.15393155428804237
ck_a4258806a533efa9,0.5208087186799756
ck_363751deae40edfb,0.8345487879405175
ck_c1295d97cdf35ec2,0.4005907516805868
ck_648c03f9aa4e45f1,0.5916887349765737
ck_65ed7e72f24731e7,0.1357506620492972
ck_633e6579f5c74a5c,0.9680892238745162
ck_45cd5ef6b359e9b4,0.271715216948462
ck_2e679af24adedac8,0.23026074556936243
ck_9e962f9bb0e7bac2,0.44292116520676306
ck_bef3193f124fca5c,0.8926767162354858
ck_a907fa8795cd4baf,0.08083112650234264
ck_f280d31f54a4710a,0.7092788755347321
ck_8c582eb0f6c0148c,0.3009574251375025
ck_4807726e797fb893,0.7302098187003463
ck_b3263e7f31aab45f,0.6205642697086984
ck_3fb9813849e51837,0.29883886738643306
ck_eefcf0ed15897898,0.40942147076797725
ck_bc996c523944644b,0.6574455082501528
ck_74b848064f2ff45d,0.3635261764106743
ck_5f9e34c849704b95,0.21733550621307804
ck_fc7a9d0643570053,0.0392544306376044
ck_f437a53fc832ec95,0.9694438785903442
ck_56e6cfa32156a916,0.26295579547769404
ck_2e1b46c5fc56b863,0.8050213892849868
ck_1af2c0b3b8d202c1,0.35857608474231
ck_27b07021500ee841,0.4406905683438583
ck_148cb0c723284dc0,0.37810144632308007
ck_70b9274473bd6dfe,0.15708902016704013
ck_fca7cc9c42695453,0.1392646160114076
ck_8d9518f64b222416,0.3761764106742717
ck_f1e1c8491f16f912,0.17610511305764923
ck_d36733da917115a6,0.6894479527398657
ck_a4691b57f837d88e,0.39235078427378284
ck_e738e920bbd74a7d,0.5075575473619882
ck_6d26a152f900fee8,0.21568547565695662
ck_630c835243c66b19,0.9862904868608678
ck_e88e86b19cada4aa,0.6081584844163781
ck_15918075563eb074,0.12350784273782847
ck_9439bff87e616d4a,0.40430841311876153
ck_993beb188dd4abb6,0.37548380525565295
ck_dff090f03ca5529e,0.19962314116928093
ck_3baae40454c00938,0.33950906498268485
ck_6ab83f45bf16eaa6,0.12546343450804645
ck_77fa39d3b733c226,0.8749745365654918
ck_daefe1e2d2bc362d,0.13472193929517215
ck_f01e94331067edf6,0.28658586270116115
ck_773efe58c6278c3c,0.6461906701975962
ck_f7a7f8f5903617c5,0.5252393562843757
ck_fe037765aa465c58,0.57870238337747
ck_29f3a1737a2d9634,0.38290894275819926
ck_7825494e654d5695,0.6145650845386026
ck_325c7643cce02da3,0.8089834996944388
ck_01e0689157fe9617,0.9133224689346099
ck_7bbe1dc8add17ef0,0.5227744958239967
ck_e0ca2c819658f6b6,0.9939702587084946
ck_2d14bcd2e0fc043d,0.18808311265023428
ck_fac32d76ed40f683,0.5771949480545936
ck_50df50af592b0c06,0.498879608881646
ck_23981a3261674131,0.4018537380321858
ck_3a4811dc4a1a891d,0.23593399877775512
ck_4874bdec79f9106c,0.6208087186799757
ck_fd84507228467b40,0.7432572825422693
ck_6a17384072f904c0,0.6026481971888369
ck_74991a9e85c3b07d,0.46490120187410877
ck_520ec32c4f253604,0.6452739865553065
ck_ed01be7504dc4187,0.7799551843552659
ck_c6fdb2972417c9bd,0.5331228356080668
ck_74a06f347b32347f,0.33264412303931556
ck_1e7de58822000dea,0.1320228152373192
ck_cbe716f351d660d4,0.5299246282338561
ck_7560f1891d66f294,0.05195559177021797
ck_45f4c821c70d134f,0.9448360154817681
ck_b1ff9edc51d42f97,0.22497453656549196
ck_114141d85256c9ff,0.017152169484620082
ck_d0e95b90ba86da10,0.4744347117539214
ck_252b0a0f1119b220,0.07825422693012835
ck_28dc0fdbaec00580,0.9055815848441638
ck_650020c500b1b50d,0.42815237319209615
ck_e77529651c416cf7,0.3765328987573845
ck_f0982bbdbd122f91,0.3687003463027093
ck_f439f16f8693883f,0.5730800570380933
ck_e30cb64302939f38,0.6826950499083317
ck_873ceb8004d3a9f7,0.7099511102057445
ck_db6d1c6d31da967a,0.2695762884497861
ck_8e7a32f7e3905f4e,0.5958851089834997
ck_2c91f62c05685ed7,0.3969749439804441
ck_7f79878197340435,0.28203300061112246
ck_23ff85f9d2355e8d,0.5371053167651253
ck_b138fc249e659e60,0.5230800570380933
ck_b911a09f328dfd4b,0.2133122835608067
ck_a2858979dd5645ef,0.08307190873905072
ck_f1f2c3c623553f0d,0.05309635363617845
ck_30f4b2ee8abe1342,0.7477184762680789
ck_6e8751b571ea54d1,0.5349256467712366
ck_e901dec0e09eccbb,0.15703809329802404
ck_10495d3a635b8d69,0.7676003259319617
ck_4f5d7985bcc2eda4,0.14513139132206154
ck_7df526b2b4410bb4,0.6015991036871052
ck_4e1757d1347ab387,0.990028519046649
ck_79b8523137bb2603,0.8473518028111632
ck_891530b489ce402b,0.3047158280708902
ck_41b954c7a948c060,0.24142391525768997
ck_59a561f3df01441a,0.5836932165410471
ck_96e4d38ef670eaff,0.39304338969240166
ck_eef67f8dea702338,0.6543084131187615
ck_73e24f5a8da289b3,0.7665716031778367
ck_52cc2fd5095b169d,0.42875331024648605
ck_dbb498b1a346a402,0.1279079242208189
ck_f253130dc3ca5b3c,0.3876960684457119
ck_942dbf632591b65d,0.6151660215929925
ck_ab4a8d02ec3c0fd7,0.023762477082908944
ck_7f780f465c29398e,0.39924628233856185
ck_adf84b9df54c3d80,0.5827459767773476
ck_1b1df006b81d38ba,0.3554899164799349
ck_3be72c9c178fa00d,0.5547973110613159
ck_ee387f9da79e67ea,0.7327154206559381
ck_731869a0c39cb2fe,0.6475249541658179
ck_f2b0e7a47f442557,0.9697901812996537
ck_4bc42878fa180991,0.6490323894886942
ck_5f3609511443e5a8,0.19080260745569363
ck_b354003302b272ca,0.3381340395192503
ck_1c771a7c78f6622c,0.7354756569566103
ck_466dc6274fecd708,0.3521389284986759
ck_89c74feeaffa7d09,0.1576288449786107
ck_1ccdc69d0bb712b4,0.4068751273171725
ck_b22e3337b8e3dbb2,0.2274597677734773
ck_79c7f0d29b1db1cd,0.688490527602363
ck_84df6770549e43fa,0.16139743328580158
ck_3c6417a233c68c73,0.779211652067631
ck_f7485cba392bc294,0.930749643511917
ck_46bfb2cfc29a6d2e,0.3459258504787126
ck_e4cf189a8d31649a,0.24333876553269507
ck_770475876d0e7e6a,0.20748624974536564
ck_c2b61a98d1c8f6dd,0.9543898961091871
ck_8ae64df60ab6ccda,0.7000101853738032
ck_507e40760a24d2d5,0.4581279282949684
ck_a1e77090b1c6ccf4,0.2989407211244653
ck_09aadb4c41b166f1,0.9089936850682421
ck_604c17cb97dc89be,0.7690466490120187
ck_8d94fbb4828ef326,0.2887655326950499
ck_17c0a6a92b5765cf,0.3830719087390508
ck_ac79c72a8fe3fdef,0.8207679771847627
ck_b8cc2df5192bc49b,0.6275106946424934
ck_3132857aec8485bc,0.05865756773273579
ck_b6cb8d6ae828eed1,0.7804644530454268
ck_2f82ea66c4f53b33,0.8692503564880831
ck_1de43fd6c6c22a5f,0.878325524546751
ck_0348cc6908f7f3af,0.036422896720309635
ck_6e676daa4855b58f,0.8257791810959463
ck_2a37fef48b44e9c8,0.6136382155225096
ck_bfc2a57d8fd1610c,0.9279486657160317
ck_c1c7d4e62c9fcded,0.7993990629456101
ck_36e72ef9273e7a95,0.3545019352210226
ck_ebd178b3f3a9c50c,0.5025056019555917
ck_c89b9ca398402f1e,0.14349154613974333
ck_bba413492dc46f2a,0.5274699531472805
ck_e971faae8a10a260,0.19487675697698106
ck_7e6569a1b2455cb0,0.02886534935832145
ck_744ffc11d32b96bc,0.4702485231207985
ck_435cb24538c6f77c,0.8028009777958852
ck_411219470d0a195c,0.40898349969443876
ck_6f730b77dc6cdb84,0.207455693623956
ck_aa4ba931dd37481d,0.198136076594011
ck_aa59702537557ff1,0.7685781218170706
ck_c58d9151834f5bad,0.6850682420044815
ck_3a0e0200cbb185cb,0.5074658789977592
ck_c98b16f9a72a6568,0.007975147687920146
ck_e5cdbfcca2456652,0.28127928294968424
ck_ff45764ea7d6619f,0.6165308616826237
ck_6ec39903f765956d,0.7500305561214096
ck_9e17699baa83d173,0.07571806885312692
ck_1fc98436281ee39e,0.10706864941943368
ck_76ebeb5aee42f041,0.6408026074556936
ck_562320295fa35875,0.1823894886942351
ck_84c402b23766e1f2,0.43679975555102873
ck_8d0532d24f1070d1,0.04066001222244856
ck_32a495128395fde5,0.271063353025056
ck_f067470743d3c7a2,0.6845284171929111
ck_28dde633692904b0,0.797117539213689
ck_e61c8721e3ef1921,0.30021389284986755
ck_4e333c09f0c37dee,0.5911285394173965
ck_3d58628d1c853c8a,0.4372988388673864
ck_3265442528d51728,0.5753310246486046
ck_cb1c00c300af3f9e,0.48864330820941126
ck_7ae86b5a885affc3,0.705449174984722
ck_a50370907e6b397c,0.8339071093909147
ck_df87d6f61a63eb21,0.4258402933387655
ck_85bf21aa1a00452f,0.28882664493786925
ck_b9f1465d803e57b2,0.8748624974536565
ck_91c2a5fe69b9b1d1,0.39792218374414345
ck_f3199fbe84a28b9a,0.6738847015685475
ck_ec3eb6dd0967cac5,0.6078936646974945
ck_5124a2e415384945,0.8229578325524547
ck_073509af21dd7f5f,0.9299144428600531
ck_617b65141f546a1c,0.20811774292116525
ck_fa4b60387d744fc5,0.10413526176410674
ck_98068c397d70dd3a,0.5127011611326137
ck_aed2681e1646a0df,0.7650234263597475
ck_e98429675b46272b,0.23538398859238138
ck_b25657bd16739036,0.31382155225096764
ck_75217ee144b715f8,0.8817885516398452
ck_b359192aa659bdce,0.4868812385414545
ck_82181b935360dcbc,0.9928091260949277
ck_52c0ef68aa2fb8cf,0.46668364228967196
ck_06f042e9b1b662fd,0.7858219596659198
ck_c0b5cc3e8ad2ff44,0.7895701772255043
ck_368b968b5f33431e,0.09875738439600734
ck_6e44024e9de301c6,0.06909757588103484
ck_f5e02a3432571b20,0.7854451008352006
ck_bed0c020b10afa3b,0.5474231004277856
ck_7e63168dda612235,0.3364025259727032
ck_4c25570eb72711b8,0.10045834182114485
ck_58955542edee1adc,0.3261152984314525
ck_06d0e4a9189302a9,0.6069362395599919
ck_f1b80b821a20186d,0.677072723568955
ck_b5c93e6d34f8d366,0.15953350987981257
ck_69587a134d43a4ad,0.7668058667753106
ck_70a932ab39d86a24,0.06838459971480954
ck_96100d5e8e051e91,0.2662864127113465
ck_b26e4ae47c9107ed,0.881870034630271
ck_492e4b89c61b7b6c,0.3000712976166225
ck_36d78ff3bc033ee5,0.45172132817274385
ck_9c9884b9bcaa552e,0.8754939906294561
ck_cfb11a0a2325bff5,0.31531880220004077
ck_598e036a28262aeb,0.7975351395396211
ck_8176616132458c0f,0.3617029944998982
ck_4becdd3d2696c7ba,0.30425748624974536
ck_7333cedb61506ead,0.28587288653493587
ck_a69ca7b9d70972bb,0.18005703809329804
ck_e032068be7b77d15,0.6672642085964554
ck_02ec4e06709e6b82,0.07240782236708088
ck_13cd943777651aac,0.48608677938480344
ck_29640fc2fe81c251,0.9287736809940925
ck_00d1ebc31ec4653c,0.5813505805663067
ck_7c872c99481c1e9e,0.5339071093909148
ck_b1dba768dbe7affe,0.7420655938072928
ck_7c3a6a82f3c3241d,0.3163373395803626
ck_c924f36bc1bbbaa3,0.44859441841515585
ck_0a2b7078736b4dda,0.16805866775310652
ck_5b5dea6476d4e182,0.5790894275819922
ck_f271e855925e8d6b,0.9077510694642494
ck_97a8dac48dd62488,0.9011407618659606
ck_63133a79f23e2627,0.7993277653289875
ck_9b5ec0f78e160e65,0.20479731106131593
ck_7264486eb512d84a,0.18561825218985537
ck_a50621b5eeca84b4,0.007588103483397841
ck_901d820e0b72abae,0.055775106946424936
ck_9d1a5cf5a3b87e48,0.5817885516398451
ck_e291cc60920456d0,0.9125687512731718
ck_755010362a9b1bc4,0.1119576288449786
ck_8285bd3c90af94f6,0.3811366877164392
ck_a60388296a47062c,0.778844978610715
ck_d3d5b2717cfc3913,0.7618659604807496
ck_18d214b1418be39d,0.3194744347117539
ck_6d64e1c07b19856e,0.3069260541861886
ck_0a993bc947bab61f,0.6978916276227337
ck_7501ebbf4e21f160,0.6052047260134448
ck_cba4162ef29a6d27,0.47220411489101655
ck_26bd0f8898afc8ba,0.1358627011611326
ck_0a0cd7f4be606a93,0.7562945610103892
ck_f2c7a4c50e2ede96,0.64053778773681
ck_50d0bb7edd8c69c0,0.7699225911590956
ck_5791f8f76a629a4f,0.8102363006722347
ck_0bf35dcf7b38f650,0.09083316357710328
ck_646dc03de4c31803,0.9545426767162356
ck_d4007b5b26d9d854,0.03261356691790589
ck_943f66f28dd24750,0.007537176614381749
ck_984dd7452aee372d,0.8671623548584233
ck_ecaa6de0aca5e9a0,0.7967610511305766
ck_2225b555aa2a42ed,0.7612140965573437
ck_f11f7691af16ad07,0.024699531472805056
ck_57849e15b61c43b4,0.3524750458341821
ck_e6b95ff91116a592,0.36674475453249133
ck_184983177b73dea5,0.41379099612955794
ck_3bd12d468fdc2450,0.31840497046241595
ck_08c7bb0f9851cb76,0.894448971277246
ck_779581adb573261f,0.4267366062334488
ck_02d4cef6358ad3b7,0.15231207985333062
ck_a60a61ac829252a0,0.3678549602770422
ck_942b95988a6245a6,0.7376451415766959
ck_6ea70950c1cae00b,0.9655734365451212
ck_f823407ace7ff064,0.6376247708290894
ck_7c418947124dee8f,0.8762477082908943
ck_bb0713a2a1d65982,0.5189855367691995
ck_a85182ad90b6f1e1,0.033295986962721534
ck_e267999226b6321b,0.04797311061315951
ck_4ba8bec14c2217e1,0.3085353432470972
ck_174be2231c5fd2b6,0.07514768792014669
ck_610815786d729d2f,0.38732939498879604
ck_e9b75ed7567a3f23,0.5933998777755145
ck_7c5529bcc079600b,0.5635465471582808
ck_5d16e257c0635f7e,0.9226013444693419
ck_c830f3830875b47a,0.7969036463638217
ck_2caf553b31831a50,0.39705642697086996
ck_90696b7182dd9129,0.43497657364025255
ck_38e4a74ab256e2eb,0.5481462619678142
ck_cdcf6671b37c9c92,0.33899979629252397
ck_f0c18cb9f951a71e,0.5057852923202282
ck_d61d97b21002f3e9,0.7725911590955388
ck_cd09375e6c81d2c4,0.5051537991444286
ck_a79a27767a02e31f,0.717243837848849
ck_0943e0f305078e34,0.9911590955388063
ck_fe3b67041dad2dd1,0.02469953147280505
ck_3420f2fd520890f3,0.2672336524750458
ck_3e91dcc209431984,0.5906396414748422
ck_e4d6dedd97233c07,0.8051334283968221
ck_19db0bf788697c2b,0.39141372988388673
ck_4221e07b17388fd3,0.8537176614381748
ck_5e8e857b63966609,0.9221124465267877
ck_c8806749e263f70b,0.0487370136484009
ck_233a487d31c3e631,0.9982175595844368
ck_e2a2ce9b8cf44c63,0.4125789366469749
ck_e6c8611c0cf233d7,0.10834182114483601
ck_4fecb87eaffd5cb5,0.28459971480953355
ck_f91d48c40337d375,0.42052352821348543
ck_79c30169c71b8033,0.9709411285394174
ck_b0ed11080076e381,0.2936443267467916
ck_bd2545c62f258231,0.6912507639030353
ck_d69de468b44143ca,0.32564677123650443
ck_55fc62a5f89a7251,0.5174882868201263
ck_c16ab1e4dafb4910,0.894825830107965
ck_069d158665a53909,0.4002037074760644
ck_ee4ff3aeadf912c1,0.11959665919739255
ck_ecb1e15f0b185ceb,0.7082603381544103
ck_e76db7d2562f9836,0.5691586881238541
ck_d1d079913aa158bf,0.2918822570788348
ck_2cb763a881aee27f,0.24399062945610106
ck_19becd44f2c3d2b5,0.4764514157669587
ck_5e20953547ba4135,0.8350478712568752
ck_f04761b4a937ac3b,0.4025259727031982
ck_7d0fe77dd5ddb656,0.5007842737828478
ck_78f01d78ea79642f,0.6204827867182726
ck_ad54292a0b2f44ef,0.6086270116113262
ck_66bed631354de5b7,0.4964656752902832
ck_417090dbffb1a63c,0.6531370951313913
ck_d0935b571a4a3868,0.3782338561825219
ck_dd0e17605f970319,0.2628641271134651
ck_2dc31db181150e20,0.4045936035852516
ck_b568ba3837afb39a,0.025280097779588513
ck_8de69cd219d3b87f,0.9254838052556528
ck_3d4913a86f207fee,0.8102363006722346
ck_ee949c71f4f702eb,0.9752291709105725
ck_01645ea51972e99a,0.6762375229170912
ck_a60c618b7f0e4252,0.3575881034833978
ck_3837ad850996ba60,0.40889183133020984
ck_a524071c51ddde20,0.45305561214096557
ck_0af57ebaa45877a1,0.1716846608270524
ck_a7cf6c3b322f6b7a,0.3767977184762681
ck_ce0ec41f96951048,0.7650234263597474
ck_5c3a671883d58b3f,0.01574658789977592
ck_7905fe8e257b0449,0.8705948258301079
ck_da6d1e5cf6aba6fd,0.5412100224078223
ck_6b67fe8e310ab865,0.4220717050315746
ck_cbaf8a954281d4e3,0.9845997148095336
ck_ed26d906883bea0a,0.42313098390710946
ck_b621b6ffcc7f4848,0.16632715420655939
ck_ef6f8e048ae1bd4b,0.33941739661845594
ck_2a09d142de1c77ff,0.5183031167243839
ck_c340644176ca03e7,0.7100020370747606
ck_bea2cf7a6b7bb900,0.42815237319209615
ck_1f136a4476b5e775,0.4212568751273172
ck_3759939a0205306d,0.661886331228356
ck_ee13c091bc379188,0.7471175392136892
ck_d58e058b5c553dd5,0.33644326746791603
ck_396e9ea9a6c6d7d9,0.5070788347932369
ck_402db4184982fdf5,0.4814728050519454
ck_a037aff5f8128c73,0.26837441434100634
ck_8f6cce9f69912983,0.5840598899979629
ck_8758fc6622bbb7df,0.7276838459971481
ck_6ca018259f70858f,0.31071501324098594
ck_63379e3c9fe6f711,0.5066103075982888
ck_5aadd286d188f5c3,0.38415155836219195
ck_e69d27e8965df0be,0.04892035037685883
ck_c67f7944896a0310,0.8098085149724996
ck_565e3418d2f4061c,0.4122122631900591
ck_58eb871e8d7bed52,0.5573843960073335
ck_d5f5b0dc97b9dc27,0.5819107761254838
ck_87abe9cd066a20fb,0.8096353636178448
ck_ff7e31ff8ba731e5,0.4057852923202282
ck_f73273e220296be8,0.6030861682623753
ck_73f4eb09af29b1c0,0.8451008352006518
ck_49dd816b31fba6b6,0.9385007129761662
ck_bdd2da300b530c5a,0.3656039926665309
ck_8a4952de8a123ef8,0.19929720920757793
ck_49170c4b31a20f5c,0.06481971888368303
ck_2b7cadbc8b180d32,0.961224281931147
ck_eb1006e7285184a6,0.5769810552047261
ck_646d8d0834782d6a,0.9144530454267671
ck_1b823610371a29c0,0.35732328376451417
ck_8dde670a735d1e90,0.8630576492157261
ck_37899b1b571b1c6b,0.43238948869423516
ck_82a8bdd2692c2a5e,0.13293949887960888
ck_5c67f27816ae0b6f,0.5661132613566917
ck_fb6e06ca88519dcd,0.3014259523324506
ck_f2c33d5b65b321db,0.637095131391322
ck_ca1f6f01868e978f,0.475534732124669
ck_22bfb9246646eb41,0.949297209207578
ck_7cd9f39c50748ed0,0.34998981462619677
ck_62fd7eb46bee9210,0.45665104909350174
ck_c3c19d6a0720915c,0.10458341821144837
ck_7cd0634a6e60af83,0.3947850886127521
ck_2733fc6ba23ae46e,0.5283051537991444
ck_82f3f744209888ac,0.665471582807089
ck_66eb09be007f0755,0.4788042371155022
ck_7f8e816ca51755e3,0.9560297412915053
ck_4185506d12cf9fa0,0.06855775106946425
ck_2659d1d3762a2825,0.5105113057649215
ck_df4424f6dd85080d,0.8491342432267264
ck_5e9e149a3b69c726,0.6097168466082704
ck_8288f7f226e08b89,0.4780810755754736
ck_a7285955e2852686,0.6936443267467917
ck_d099fca88691f66f,0.7594825830107965
ck_166bd1dcbaf4d6fa,0.04169892035037685
ck_fa5830d81bc8ddc1,0.21607251986147893
ck_18e2076397bcc211,0.6987471990222041
ck_f7285b92648c1c81,0.15088612752088001
ck_ff42557857ae3aeb,0.021053167651252803
ck_7956c251b85f009e,0.9512833570992055
ck_c2d3ecd7278eba2c,0.17665512324302302
ck_fa00aa0f3e859904,0.47323283764514157
ck_0063d2a9507467e5,0.4597372173558769
ck_26e9a7bb2061a58e,0.7086575677327359
ck_d7607a213b800bfb,0.7031167243837849
ck_266ce7ccf41ccc50,0.3971786514565084
ck_8e16a64a776afa82,0.9131289468323487
ck_f7fc1bd0b9ab1fa4,0.4675595844367488
ck_a4fa8833995c716a,0.3333163577103279
ck_ab640420858ab5c4,0.8994601751884294
ck_5923f53b77193a58,0.8766245671216133
ck_d1bbfd246c0ac9d5,0.7050213892849868
ck_e007aedbf37d6ec7,0.40189447952739865
ck_9645e7adc08631b5,0.6309737217355876
ck_57bbb19eecb4b87c,0.18928498675901406
ck_96953b8945b7d403,0.5847117539213689
ck_1078b1e155b5b640,0.4288959054797311
ck_ee53ce862bc9c111,0.4869219800366673
ck_ba6e1115fceaa067,0.8486962721531881
ck_78181f8e998e442f,0.0978610715013241
ck_016e8c8eaf9d511b,0.7012018741087798
ck_e2aa7be60794593d,0.8813403951925036
ck_ae8e5dc4b725bc25,0.5532695049908332
ck_fc7935f784a4f249,0.19481564473416174
ck_05d44eb1f5f085ce,0.6719596659197392
ck_49886ff1e2c759d6,0.6351700957425137
ck_d87ab3261322216a,0.04274801385210838
ck_0ac9848bd4ba0c14,0.12446526787533102
ck_d115ac6b9fd62a7e,0.33044408229782035
ck_bdcf049c1e7d0c95,0.2068445711957629
ck_7743c9fe037d1f9e,0.7767162354858423
ck_37143d9cc296e6fa,0.5035445100835201
ck_2f138fce1171e277,0.5085557139947037
ck_61fa051192f3e810,0.7619576288449785
ck_417a3500b2c717b3,0.6899979629252394
ck_9473ea4a01c95f9a,0.7358932572825423
ck_de5eaa2cdbcb67ff,0.8759421470767977
ck_986e4e61440506d0,0.8480749643511916
ck_d3877e1f907cc148,0.861509472397637
ck_2468a7e9e68a0927,0.18107557547361988
ck_c3ff6790cc6d7e34,0.19260541861886332
ck_bd85f30c36f5998d,0.7282440415563252
ck_90bf017cdd37b66e,0.7481055204726014
ck_448456f96788713b,0.6654817681808922
ck_455672e652fe1abc,0.9717050315746587
ck_142dba210ed2f3b5,0.7090547973110614
ck_895bb39d24bc1c4c,0.044061927072723564
ck_21ed2ea6386c5a07,0.046078631085760845
ck_61c74163eb36556e,0.5164799348136077
ck_7e2ae8b69ebd5675,0.24034426563454883
ck_9b71274ff83de482,0.9854451008352005
ck_748af92828c9d288,0.23174781014463228
ck_6276ece8f80ea799,0.5588816459564065
ck_f4a6a7cadd6e0603,0.7732022815237319
ck_33ad8d53394ba77a,0.9281727439397025
ck_f65e5ff7da565f91,0.17332450600937055
ck_49969a9abc47cb69,0.5637604400081484
ck_f1e0a006068aff29,0.5924118965166022
ck_72b86e4485da2d0f,0.9833672845793441
ck_0789ff4562202b20,0.7645650845386026
ck_bff090cb4ab76b9f,0.3884192299857405
ck_15de11438732bb05,0.28686086779384806
ck_9c9287cb28950eb6,0.685363617844775
ck_d11d27de7bf0b973,0.8951415766958648
ck_7f08078908599bd2,0.8672642085964555
ck_c1d1a625b885a975,0.598278671827256
ck_2987eab34ca7805d,0.6896822163373396
ck_c2ed04a9d218410b,0.35943165614178046
ck_73d3e8c6077f61e6,0.8854451008352006
ck_9a15fdefc47e8d11,0.5497555510287228
ck_f738b633b8862d18,0.0247810144632308
ck_56eed7041add49a1,0.9196068445711958
ck_3fe86b6331ff95e3,0.8745263801181503
ck_34a69b3b4a681796,0.9090751680586678
ck_97d04a67a104af39,0.7934202485231209
ck_833a65b86a5d9bda,0.12016704013037278
ck_34dfb57e5bf31d2f,0.7274801385210838
ck_ba7e347251ea399b,0.4103075982888572
ck_31d4c0518e5f52c6,0.3216133632104298
ck_6f04d047d1dde75e,0.022927276431045022
ck_82b5b79ce3517102,0.960114076186596
ck_80dfa54b30f65fff,0.9504379710735384
ck_3d7b1078e2d57c69,0.2104196374006926
ck_dae09c4e074af5dd,0.46924017111427996
ck_4ceb43ccd0a81c2f,0.38649419433693216
ck_0cff8153881875ba,0.5276634752495416
ck_439cf7d51ec7de0f,0.2971480953350988
ck_165a868bdef28ad3,0.7807903850071297
ck_3174419a81e7caf2,0.2912303931554288
ck_0c3dd22587b08018,0.48294968425341217
ck_88774ae52e30e877,0.5333367284579345
ck_c24f61925dc158d5,0.864351191688735
ck_c543d82e22b3c8a5,0.0983499694438786
ck_c78c096ca8cb33ac,0.07148095335098799
ck_385188ab27784fe3,0.7444897127724587
ck_9947a323bab5cacd,0.8876858830719088
ck_86d7127391d4e01f,0.10442045223059686
ck_a1484e6215fac651,0.937421063353025
ck_d4fd0e438c97e0c7,0.8199633326543083
ck_ac7fe1c344190c50,0.4433693216541047
ck_e7a6b925c8f39a85,0.39580362599307395
ck_38ee42f15a573e81,0.43059686290486865
ck_01fbafc42c8e33f5,0.5112853941739661
ck_d3137f0f7629040b,0.2761662253004685
ck_73a7794b659d7a34,0.21582807089020167
ck_c86520a00e50a926,0.47667549399062953
ck_7f6fa79c7a107161,0.47625789366469745
ck_643abfbd7548d0c9,0.7702077816255857
ck_1b0434f096795328,0.10693623955999185
ck_e527fbb9450a4581,0.9694846200855572
ck_35bee1fc12664644,0.9034121002240781
ck_9e21ea33018ce538,0.5622020778162559
ck_0b34197335ba3341,0.4169892035037686
ck_a432b1bf1d3b3d5e,0.9217966999388878
ck_35c93b2924900376,0.2359645548991648
ck_6430a8792f400e0a,0.1589325728254227
ck_7ef666d67bc70223,0.6162660419637401
ck_a3acf4b986afa98b,0.8778264412303931
ck_5d1e25d7acc5af9a,0.5732939498879609
ck_d3885e286b3b11d2,0.7862395599918516
ck_e7f61b4a39ba98ac,0.044000814829904256
ck_c9690baddfc4177e,0.0883173762477083
ck_59fae092fb0c4aa3,0.5151558362191891
ck_11960b5f1c7a5e2c,0.1956712161336321
ck_4b9dd69946438d0b,0.36950499083316357
ck_a2cc3910a641a808,0.9622733754328785
ck_018f780215ecaf38,0.5074251375025464
ck_baba5d66def0d770,0.8668058667753107
ck_cb1bd7635968ed8c,0.8783866367895703
ck_5a17c89219d1d9fe,0.6497351802811164
ck_3efb0e9bf25612c7,0.168965166021593
ck_66f94903177f20eb,0.42905887146058264
ck_295565fbf77ef885,0.13357099205540843
ck_0fb3153d37626b75,0.048869423507842735
ck_25fc3010e8a0f6d7,0.24777958851089835
ck_879cc3166fe1bada,0.12178651456508455
ck_a5e036327d3d1862,0.04955184355265839
ck_1694c28f44480e98,0.5193216541047057
ck_c6cb651149dc9a8a,0.13359136280301487
ck_c5b583490198672d,0.345620289264616
ck_1b96d9af0d7da2d5,0.20118150336117335
ck_0a8029e79a5ae7ce,0.6977286616418823
ck_c77e22834ef97005,0.9443776736606233
ck_d8ddf5e99f7859e4,0.37438378488490526
ck_91742711dfdffd56,0.4373293949887961
ck_95b894380ad2702a,0.8408942758199226
ck_277621473369614f,0.9965573436545122
ck_5cb9d7b2329d5ab6,0.7207679771847626
ck_67025c64588abd1e,0.13395803625993075
ck_fef850553862aaca,0.09154613974332858
ck_7929284327667791,0.6886636789570176
ck_319b059bb2145586,0.6556223263393767
ck_c190c7b924edba75,0.7992462823385619
ck_57b657aba4daffde,0.7907313098390711
ck_55d7217b0aff9fa2,0.23278671827256064
ck_1dade5592f90a15c,0.6372479119983704
ck_8f346b72fb40bf14,0.2870951313913221
ck_cfadd21458230ef7,0.3522305968629049
ck_793048d11fb8b328,0.8658077001425953
ck_70b9b79ea1aacba8,0.7199022204114891
ck_c54c5d8e4433b0f2,0.27101242615603993
ck_50422466f145bfd7,0.0905683438582196
ck_a3564236069e3524,0.8642187818292931
ck_ef059997563e3330,0.3570992055408433
ck_e14892e424180549,0.08436545121205949
ck_9f5f81d771146aa1,0.027907924220818902
ck_3a469039a5b9d963,0.3127011611326136
ck_63601a58a6120d8a,0.6554899164799348
ck_9323e6fc1e168eda,0.9575066204929721
ck_bed8a480e27e911e,0.697667549399063
ck_ddd6625c5eddad70,0.04220818904053779
ck_5d22e9ca1d15180b,0.9475351395396212
ck_cf36d8b070ded782,0.572275412507639
ck_fd5609bd23a1eaf8,0.27951721328172746
ck_1982d571cd36eb0c,0.518404970462416
ck_c021495606b4735e,0.3007537176614382
ck_1fc03ba33edd9e67,0.7888877571806886
ck_67e075c982add719,0.24678142187818292
ck_9040edd974ef8e3f,0.9442350784273783
ck_c3fe0c6c5e1f40f6,0.31640863719698514
ck_767947540b234add,0.4736504379710736
ck_e8298ff2dc1e9d50,0.2724689346099002
ck_becb6e1c608e0078,0.058301079649623146
ck_3ce7cad1f69b71d6,0.47807089020167043
ck_ed0e776c0926ce67,0.7322672642085966
ck_14f0484b3817eda5,0.4994194336932165
ck_e2a1068c2fa22525,0.5296292523935628
ck_eb224c0fd146253f,0.7641576695864738
ck_f92e04024bf13558,0.02959869627215319
ck_a9161cf1ca22a6bf,0.3411896516602159
ck_1a46b56f4734d52e,0.3487268282745977
ck_cd655202db489010,0.17467916072519862
ck_a980b296c95153f9,0.5086371969851293
ck_beaacb4a783db21f,0.17681808922387451
ck_03009b721568ee98,0.5769912405785292
ck_37ad3a65db673e70,0.2672030963536362
ck_071ddaaf2e4e3671,0.46952536158077
ck_019d5891103e7da3,0.43469138317376244
ck_1a065ea906ae3d6a,0.32699124057852924
ck_6f2f0396e5b1c538,0.9786921980036668
ck_055fb9f2e1c8c934,0.794876756976981
ck_6fd8c86ac719d7eb,0.8050723161540028
ck_920bb003b42e6310,0.1459360358525158
ck_8beae3d7328fa41a,0.7147586066408637
ck_910205d25388a0ae,0.0259319617029945
ck_007337aa99a4891e,0.020920757791810962
ck_5df6529ce8290906,0.4852108372377266
ck_35f8656bf93e3b3d,0.4119168873497657
ck_0a2f8b2f8a5b6f02,0.30319820737421066
ck_fab4f2f8531b4827,0.6780403340802607
ck_7c4e588f927c27c8,0.6667345691586882
ck_7cdec61e1c488798,0.7050417600325931
ck_19468fe07e26f992,0.9788755347321245
ck_d021fd497ea35fb2,0.6061112242819311
ck_1b52590757c0fbeb,0.4195559177021797
ck_074be35c951ae10a,0.5583621918924425
ck_38e46bc861e0165b,0.6730495009166836
ck_201687857ec8b3cc,0.6790486860867795
ck_bebea2cf3063fb24,0.3678142187818293
ck_dfadff70a58a9133,0.17608474231004279
ck_d0c9633fed57c344,0.6653188022000407
ck_3303fd3f64632c7c,0.8262986351599104
ck_9d4fed252718f58a,0.5114483601548176
ck_65ad9b15979e3247,0.43001629659808516
ck_93892e91387f5103,0.3994907313098391
ck_6f81c199e986d9fc,0.34943980444082295
ck_bbe1a2ea5a403ad8,0.9343552658382563
ck_a89b66665714058f,0.4458545528620901
ck_0e9b982afc88a3a9,0.9848950906498268
ck_f14dce41036486a3,0.9946424933795069
ck_5d7ae0e3562e99bf,0.8085149724994908
ck_d263b55f0a681cce,0.6885210837237726
ck_a443d49c2b4863b0,0.48390710939091464
ck_2baf214ad6bc0dbf,0.7463740069260543
ck_3ef7a03ebb81cfe3,0.02114483601548177
ck_95790440bc4bd2d0,0.4555204726013445
ck_841f598bbd54c83f,0.5306579751476879
ck_a7bc323ffed2ea97,0.9149419433693218
ck_f5100511609b92c0,0.028987573843960068
ck_2a07c7021b71cf65,0.5029435730291302
ck_44b9125526acb05d,0.5173253208392747
ck_c2b4a1d8c0b6c1cd,0.03261356691790588
ck_29c11bd68858e923,0.07061519657771441
ck_ace3b96c977a7560,0.8573232837645142
ck_e3d4b6f681c783ab,0.7097372173558769
ck_918c92182b6817cd,0.7014361377062537
ck_d66952b03591bdec,0.2781014463230801
ck_7a58e0cc9943c39a,0.12190873905072315
ck_cdd2ebeec75bfa69,0.8876451415766958
ck_38703b7546d35a80,0.6173864330820941
ck_b60fb9a10d6f4489,0.7868404970462415
ck_bdf837d761a7cec2,0.9225402322265227
ck_4760216154c8cac2,0.9424220818904054
ck_b694c803b62862b3,0.29376655123243023
ck_d7877684c7923ec3,0.33413118761458555
ck_7384d4d2406aabf4,0.4336015481768181
ck_0c2932cc0d553694,0.507781625585659
ck_bb41a66e3d90263b,0.8786310857608474
ck_5245cbc5ff4d4fa6,0.5468017926257894
ck_4df2fb8e4b649e27,0.3040334080260746
ck_bc6f07b06aaa4ce3,0.9171827256060299
ck_25a1ea40b2d59254,0.11111224281931147
ck_af65eb885a51048d,0.0629965369729069
ck_7a3f2961e9a8b6dc,0.19737217355876963
ck_a9f700eee5d638df,0.24372580973721736
ck_5e18870d8e30e379,0.5951415766958648
ck_e9047964952bee70,0.5992666530861682
ck_49c3bf13dc9471ce,0.6643104501935221
ck_4f63d5245b3ac1dd,0.670737421063353
ck_291bffc7809f896a,0.0878895905479731
ck_9b5e7fe28208f5d1,0.2894377673660623
ck_8f21f2690c32c691,0.8612039111835404
ck_729cc0b46cc2e546,0.8929924628233857
ck_ee4d9a7449515908,0.19536565491953553
ck_2c629c657f73941f,0.6739661845589734
ck_e4df7faacdfe8c40,0.7636178447749034
ck_ddc865af1dd5670e,0.4515991036871053
ck_e52cbcd9aafd26b2,0.2756671419841108
ck_0ac9114076f5bf3d,0.47036056223263395
ck_7661d7ceaeb19f97,0.5852006518639233
ck_028c41b195280980,0.3572010592788756
ck_dcc125b178b79566,0.0552556528824608
ck_1f517e0ebf397b51,0.34136280301487065
ck_2c80a592fb4cd6a3,0.21883275616215112
ck_391639c0f13932f3,0.04352210226115299
ck_c36ed9f8e6792ea4,0.5020065186392341
ck_3689fa41748a6f6b,0.7518537380321859
ck_555848d51f4b5f35,0.747575881034834
ck_27e4de495abb4d15,0.3905174169892035
ck_054ed4288ee58d6e,0.7964351191688736
ck_1422a7bf7756294d,0.9785190466490121
ck_27acc9f320cda104,0.8896007333469138
ck_9c4886c5c90ddbdc,0.12375229170910573
ck_5efbea1befdefe1b,0.9028824607863108
ck_2f9fa0d61829f815,0.38407007537176613
ck_798ba4b8aa544fea,0.1408433489509065
ck_54e581f71be5430d,0.14166836422896723
ck_5b82c774df10d49b,0.10916683642289672
ck_01d840cffb870615,0.9223365247504584
ck_3a8ce1cc724229b8,0.05668160521491139
ck_8f43459991ea511f,0.27186799755551033
ck_f878b68d66fbfd4b,0.041138724791199836
ck_e84abfc0c747c9dd,0.9709818700346303
ck_083e4ac78685c3bb,0.3419942961906702
ck_fd242b18575e3063,0.8402118557751069
ck_b150fe4efb449b05,0.20428804237115503
ck_5e84bca0e362da20,0.7311570584640457
ck_95188150ff059c70,0.5031676512528009
ck_c20638a325ead2e4,0.1912915053982481
ck_dfd3dbd0d97a642b,0.2691790588714606
ck_5fdf8a0bdbd3ed62,0.53727846811978
ck_d6df562a79b9d0d9,0.6373293949887961
ck_28c53b214b2ee882,0.9206457526991241
ck_aa2b4c662ff213b6,0.44050723161540034
ck_5a6593d954085775,0.15212874312487268
ck_558cfe5f77a55a9d,0.2160725198614789
ck_c7ae1d4b3ab38185,0.17957832552454675
ck_0fd826fad7ec7cd6,0.6745467508657568
ck_ad6d48c20a3688a7,0.14369525361580773
ck_123c15d93f1840f2,0.8967203096353635
ck_a75ece9a9044eed0,0.10480749643511918
ck_403da2a2d800df9f,0.9026278264412304
ck_7fd8b1470401695f,0.94231004277857
ck_cfb06f07394dfe64,0.023467101242615605
ck_aa01d5aafde73d0a,0.1184151558362192
ck_dcf851e7bb5855d0,0.157455693623956
ck_2fa8f2577116e9ca,0.7334996944387859
ck_57deb202d4188a29,0.40846404563047467
ck_a95afc7a00303a26,0.5812589122020778
ck_1f871df76c6a995b,0.8442554491749846
ck_1a6b30320835e57e,0.5360256671419841
ck_73c5371635aca173,0.9651660215929926
ck_1a9235812de4b2c1,0.5683642289672032
ck_ec26e327cc1848b2,0.3206864941943369
ck_0742fe64055d686f,0.05188429415359544
ck_076cbc25c8f15fc3,0.9796598085149726
ck_ada46085a78280e4,0.3175901405581585
ck_0aaaa9d2f75a0518,0.7733245060093704
ck_4ff6fc70bccfba96,0.949541658178855
ck_a6fc92aa91e99b77,0.978142187818293
ck_6031211ff118cf0f,0.17086983092279487
ck_920a48ba8c583e96,0.2691688734976574
ck_098167eaf124c279,0.5025259727031982
ck_91a0ca45f429568d,0.591658178855164
ck_e077d004cd1d80ae,0.3181401507435323
ck_20a7d1ce6cc27312,0.1968832756162151
ck_8d27ff8383d48132,0.11631696883275616
ck_c47e32c47f0e6578,0.9071195762884497
ck_9d7151dbdf100e0e,0.6567223467101244
ck_5dd80b3c01457bd8,0.6641169280912609
ck_8594f165e95316d2,0.15982888572010592
ck_a58e900469dfc3f0,0.3366367895701773
ck_f5178a658225d8e4,0.10994092483194133
ck_f5dde68f6f0468e1,0.11957628844978611
ck_a8a2e296f9804bd7,0.6494805459360359
ck_463937167965a1f8,0.5800366673456916
ck_12a074db100481cf,0.7113770625381951
ck_88e3dd3039508332,0.5903646363821552
ck_9cdfaa1c30cc9d32,0.01433082094112854
ck_4e0e80f5cc271bf7,0.06719291097983296
ck_af69bfcf4f07d932,0.6224281931146873
ck_5a4d19f1b83feeb8,0.14072112446526788
ck_eaec5f1a83b66eb0,0.8984110816866979
ck_2c4be237a7ed79c7,0.1374006926054186
ck_e16528edc694fb33,0.9793338765532695
ck_3c177f5970b68bd3,0.3238643308209411
ck_ad7c256ea10c4a00,0.8630983907109391
ck_012519bb095ad36b,0.9953045426767163
ck_0ed2739384f1d644,0.5718374414341006
ck_48446a9e8184c7d4,0.13753310246486047
ck_31e1ede23247d56b,0.8293236911794662
ck_40052cac10562cde,0.5440924831941333
ck_3267fe3aac05c71e,0.28478305153799144
ck_c3db1b3ad4f16679,0.26109187207170503
ck_1b74b798eebeabdc,0.5370034630270931
ck_510e7c5df1f95d90,0.9967610511305763
ck_948517bad569b40f,0.8235282134854349
ck_b16a7c51b6f7a6b1,0.8405174169892036
ck_b53ea8713d32ca7c,0.5213892849867591
ck_11bf1039f8b3025b,0.22941535954369527
ck_4b088920f3a844c1,0.6594520268893869
ck_c2015a1200971fe9,0.6539824811570585
ck_f5a32e6160b28379,0.13265430841311876
ck_b0b5bf9254700402,0.4405988999796292
ck_eeca179341d56f8a,0.9420859645548992
ck_d94dfde9e03c9d1a,0.49165817885516394
ck_938ce30c864bc7df,0.0381544102668568
ck_66d38518f68e6194,0.09329802403748218
ck_115d86fabde77b65,0.060796496231411694
ck_9e109edd124492a5,0.09636382155225097
ck_f29471fe7c818d6a,0.28746180484823797
ck_a27bc31eecd9cb9a,0.6544000814829904
ck_ed4427962c68918c,0.9805459360358525
ck_7b55d9bb1a250d4f,0.5985027500509269
ck_461e3f7b97db8d16,0.7596964758606641
ck_2ee84f3fa27f2cb8,0.1978712568751273
ck_bdee7c86f5ebe81f,0.5369627215318803
ck_719602def4d35fe0,0.6980545936035852
ck_87c26b2f41025109,0.9906396414748422
ck_c7baebe4549fdbb4,0.7998166632715421
ck_6f847263379f2e43,0.6326848645345283
ck_95391029a21caa24,0.4700448156447341
ck_97402a153348e68f,0.3902220411489102
ck_f1acf73363925958,0.5658484416378081
ck_041614694b77e599,0.3571603177836627
ck_a7b57882ab66b111,0.039906294561010386
ck_71a0d645744302a3,0.3502546343450805
ck_bfc453eabb472f91,0.3114789162762273
ck_c33a762d98f9b290,0.08032185781218171
ck_9e75c6641939f4fc,0.7774190262782643
ck_d17653a4a2d4a79e,0.5793949887960888
ck_df20cc23b8fb8e22,0.4470055001018537
ck_62720b81617896cc,0.3396007333469138
ck_d6d2c1f6dfc455b6,0.9208494601751885
ck_a0b4209feb31f5c0,0.9981258912202078
ck_779cc0f2de4d5488,0.8548176818089224
ck_3152c7115257f084,0.4742208189040537
ck_a28d6b1601b472a6,0.6564575269912406
ck_761989aa4c47d746,0.7024139335913627
ck_97e3b04a1350f6e4,0.6751273171725403
ck_397d5fcc9972f909,0.5847932369117947
ck_bae8dae7cfd8baba,0.21696883275616213
ck_04e32ee9834c088d,0.9595233245060094
ck_bba0ccc6cd968680,0.570228152373192
ck_1b34c420a4c85a95,0.4577714402118558
ck_a1201284122c141f,0.5971582807089021
ck_5ac335f02280271e,0.6203809329802403
ck_dd882323474431d4,0.7435832145039722
ck_f9604adde929beff,0.2159502953758403
ck_44211dc210139ed3,0.4565186392340599
ck_e5e5dc431bed6f9d,0.31123446730495014
ck_17d3022ca12eacd7,0.361366877164392
ck_209f574c8d92274e,0.3389794255449175
ck_9fcde1ff46cbbea5,0.3039519250356488
ck_58fd684aa5a6f289,0.04332858015889183
ck_e96a5e1f08f8a867,0.17391525768995722
ck_90456160115f9ef4,0.1403951925035649
ck_70a60e095e9b706f,0.2009879812589122
ck_2d46291975f0dd08,0.1852413933591363
ck_f2734417c0db4ee3,0.07331432063556732
ck_651e076ee43aea85,0.12246893460990019
ck_74d602c907ee9119,0.0860765940110002
ck_4c99a6eadea143e2,0.7884599714809534
ck_8395f004cf4d4c08,0.07942554491749847
ck_3938e92585df2b34,0.4671623548584233
ck_bc32655ee5ed643e,0.6518842941535954
ck_ced9163ea85589ea,0.8126400488897944
ck_9111e3a04b14dfba,0.6237421063353025
ck_791be3378dd7d64c,0.6369627215318803
ck_7cb0c9ded4d63027,0.5264819718883683
ck_0db62d5f7f75f80f,0.6689346099001834
ck_1723900ab9afe374,0.8679364432674679
ck_54459b45d2be8459,0.18905072316154004
ck_a0543e9b3abe1001,0.7201161132613567
ck_08dba09fd7dab896,0.7235995111020574
ck_b9eaf03453ac7d5f,0.35835200651863924
ck_298922703c5bbe05,0.7988286820126299
ck_e662b14b2bab23a2,0.8691586881238542
ck_4a691892d9d6cf89,0.2780810755754736
ck_056d5f0301c30902,0.8296088816459564
ck_7cdce37d895eefb8,0.29373599511102055
ck_c0b8067c144ed6c1,0.451863923405989
ck_856ea65fa27d06dd,0.6554593603585251
ck_55d0c7012d7ef236,0.6434711753921369
ck_9bedf54df9418e4a,0.2765532695049909
ck_00f9ca84d1d8ae7a,0.09734161743735996
ck_420d1a9c604293ce,0.46115298431452434
ck_9874ad160efddf50,0.19487675697698106
ck_f4f6f0caaab70040,0.11738643308209412
ck_a26704b5b26258b7,0.6375331024648605
ck_edccb5a93b741744,0.3152984314524343
ck_a5f7b6fed6df2aba,0.7480647789773887
ck_ced6b6dcdc7c201a,0.31811977999592583
ck_77549c1a41f837c3,0.4158178855163984
ck_aa5f3ab48c17fed8,0.8993786921980036
ck_2a5a4c18c2c7274b,0.36060297412915054
ck_e05d44e46c7174e6,0.5110205744550825
ck_0084d8ab6b1044f3,0.18354043593399877
ck_42633573639a3f02,0.9793135058056631
ck_0fc1086e1c9e04b6,0.44181095946221227
ck_0e6bebf8ae9b9b03,0.5370034630270931
ck_f158d9e5f101bb35,0.7499287023833774
ck_e107537a4cb738f4,0.2880016296598085
ck_ce1b06623e4a815e,0.24746384192299858
ck_2f4f94827984c426,0.04373599511102058
ck_e8ea56e122a5a487,0.7300366673456916
ck_2d7394afd61643d0,0.20151762069667956
ck_8dacf3a2061ca17d,0.4956915868812385
ck_315fb710a0e371e7,0.015206763088205335
ck_cdd7c77823c2257f,0.8646465675290284
ck_e9287b6d909d731f,0.2704522305968629
ck_d12d2924d0f7a64a,0.4570177225504176
ck_0dda35c0c64c7073,0.9793848034222856
ck_d1ed88ea4211ba4d,0.1857812181707069
ck_2103399bdb2898a6,0.5173762477082909
ck_1a524b5cc8da71b3,0.8798024037482176
ck_58e5359efc52e0ad,0.09771847626807904
ck_3caec7dd6f8d02c9,0.6918720717050316
ck_3eb73e56751c704d,0.5519046649012019
ck_37d47cf0f34574a2,0.12684864534528417
ck_66d0c6d6b67a8d58,0.15204726013444694
ck_98149ed45d38c4d3,0.605214911387248
ck_00480407160e0743,0.06806885312690976
ck_d1ea4bcc407c7d5e,0.38121817070686487
ck_ac2f7397801036ef,0.5797820330006112
ck_799aaf9f2b9ef621,0.4614585455286209
ck_93c4e05699b3b7d0,0.3771847626807903
ck_66accecabf3901c0,0.6142798940721124
ck_f0c4aac04076a6dc,0.5652169484620085
ck_e3cb5f31d8e94448,0.9683133020981871
ck_e541967c681cb929,0.7237828478305154
ck_8aec3d3dd51517c2,0.08216541047056426
ck_23edb6d938a3b87b,0.19927683845997146
ck_740e760fdcd27835,0.10366673456915868
ck_fc40a16adfced018,0.19311468730902426
ck_7f0cd6ea3096f985,0.2462619678142188
ck_347386629d96c664,0.6259625178244043
ck_2366b29ed9887a5e,0.08765532695049907
ck_187317383400491d,0.24303320431859843
ck_dcbab304b55a42c7,0.37121613363210426
ck_ddcac1ab765ff61a,0.3864941943369322
ck_f39cfeb277ef6528,0.018812385414544712
ck_d69455220b21dc9b,0.13274597677734773
ck_b4703ee97f94d7fb,0.17687920146669384
ck_0e0bab173622db9b,0.8818802200040742
ck_d6fe761ed0db3270,0.602607455693624
ck_590716322ff147ae,0.7242615603992666
ck_494954023f0eb309,0.7496638826644938
ck_95e444a01e2ab4a5,0.7510490935017314
ck_0f909705e2e60f2f,0.1822876349562029
ck_6d03a542922b2ae8,0.4618252189855368
ck_b0ef193195a2138b,0.2453249134243227
ck_7b1660e942436e12,0.6452536158077002
ck_50ede3eb561a202c,0.5439295172132818
ck_4c4a939154446053,0.23002648197188835
ck_504a45ee08db72b6,0.40792422081890406
ck_f143641bf3dd0414,0.714351191688735
ck_b7bd3a7f263f4f29,0.7650132409859441
ck_bd23cf9bba1dd33f,0.7628437563658585
ck_e5f5cb7dd6ce4a37,0.55591770217967
ck_1658429acd5306ba,0.527724587492361
ck_db1fa53d588bf99e,0.36961702994499895
ck_edcfa9e1cf29d813,0.5890710939091465
ck_b7c37d410b1646c2,0.6360358525157872
ck_73cab88b29c7845d,0.5466082705235282
ck_f42a43e4c3f34ccd,0.08566917905887146
ck_0d0a1a021efea5b6,0.5550926869016093
ck_f8f6a03613b6dda8,0.267661438174781
ck_60557f077abc42ca,0.8953045426767163
ck_d75f25184ece2b51,0.1536871053167651
ck_bb1a981306b750ac,0.8535343247097169
ck_7e561caa5fa1f3f1,0.5770421674475454
ck_e424148c6f2223df,0.26039926665308616
ck_4937cfa6526ea138,0.5169586473823589
ck_a72d6df666e1c21c,0.35049908331635776
ck_245f5d62ead5ef28,0.31701975962517825
ck_059806c52cebe4f1,0.8947341617437361
ck_547090bf35a3b243,0.34585455286209005
ck_19988702ccd79201,0.39037482175595845
ck_90b4ac695b9c6bf7,0.377724587492361
ck_66267bbad1f1415f,0.9898655530657975
ck_ff6a6d3547dd2d37,0.4532695049908332
ck_03129b41457795d2,0.46321042982277455
ck_a892252e4e0c2828,0.1983601548176818
ck_b3905153b9eee924,0.4164188225707883
ck_e934f984bad2ff91,0.9382155225096761
ck_8d2afe17c0082e6a,0.7343043389692402
ck_ea9edf9c107d429f,0.4973823589325729
ck_61fff5fdaadd394b,0.28788959054797314
ck_3edaa94d28cd48ea,0.1997249949073131
ck_f66f06e24ff32671,0.5668262375229172
ck_7cf562578c7f158a,0.20260745569362398
ck_66949171b387bb93,0.5215420655938072
ck_87d70f5fe48a6128,0.6464249337950703
ck_3ad3fd3cceb56b66,0.9815746587899775
ck_d229dfa0e4442628,0.1129965369729069
ck_4732da7e0d2dfc7c,0.3865145650845386
ck_2209de229b4c71c5,0.5157975147687921
ck_4ed711fe4053e74d,0.8028111631696883
ck_c78b2638fadd91ab,0.6819922591159095
ck_8bb6b0a292754576,0.8838154410266857
ck_0b615ed566da1f58,0.7271236504379712
ck_d2b3ce1ebabe9f93,0.5449073130983908
ck_d3b2b250da61db19,0.9629965369729069
ck_4ffe0366df388604,0.43426359747402726
ck_d2d4a8f4a9f2c33f,0.3607761254838053
ck_b378b8d8100ee4b1,0.7053473212466896
ck_20a17e8f206a14c8,0.5717254023222653
ck_9ed53de6ef779ae0,0.13312283560806681
ck_3f16e2cd7e6874cc,0.4111224281931147
ck_ef33c04f4c9e3758,0.7407924220818904
ck_8fd91a3c99e19097,0.4110002037074761
ck_0c6e7bd357e4a348,0.14830922794866572
ck_95654593cdebd141,0.269474434711754
ck_9822f8ed05335741,0.43610715013240986
ck_11c7667920541587,0.25518435526583827
ck_ec3715add8bbb6e9,0.10525565288246078
ck_f09f9d0e0886e0c6,0.41017518842941536
ck_12107dacc6d05bd1,0.07316154002851905
ck_23a016cf6b98d89c,0.6437665512324302
ck_0e719b3a6906b8f1,0.015176206966795681
ck_7137eeb394d200f1,0.8130169077205133
ck_8026e017909aaa6c,0.21919942961906702
ck_ce36b0c287bd198e,0.7558973314320636
ck_926b81c0ba528eee,0.30298431452434305
ck_6b93bd8abf87b1d6,0.9525361580770015
ck_73762038c7ff2f6f,0.1760338154410267
ck_abd10fbcbaf2b038,0.29724994907313096
ck_7ebc5fa7f0d3b8f2,0.503075982888572
ck_fe33eb743d714c03,0.4831228356080669
ck_17cc7b411f448e66,0.7489101650030556
ck_5debd55f361b2ddf,0.1512426156039927
ck_350bf14e90b503f5,0.34973518028111633
ck_469c17407d17b706,0.5583010796496232
ck_004de16f7d8a42ae,0.6754125076390304
ck_27fd85b1e38b675a,0.06438174781014463
ck_05f79ddd8eefaa56,0.47221430026481964
ck_3a57a13ce032a6fe,0.2551436137706254
ck_c965fd6bec0f0ecd,0.6570482786718272
ck_a721f0d635fad68a,0.36409655734365454
ck_c29489366c01fe65,0.9711652067630882
ck_781b8288e54ba8f8,0.8620187410877977
ck_c9eb4df91ff07f2c,0.6817274393970258
ck_8a5a57858e8c77f3,0.6212670605011205
ck_76d010aa02eb477a,0.08231819107761254
ck_7a50abd42298133b,0.2683031167243838
ck_1d2b80ab6c4944b9,0.33278671827256057
ck_4e39e3b165edab58,0.9619067019759625
ck_e0ccfa0d689339be,0.2191892442452638
ck_89790ff26c844bc6,0.49008963128946825
ck_94e8142728e44380,0.6334080260745569
ck_e3a22799716df39d,0.28498675901405585
ck_5217b55593a332ca,0.8591973925443064
ck_c1c9d3842d758420,0.7809533509879812
ck_dd34f0a844fb115d,0.8941332246893461
ck_24cd0d779e866287,0.19141372988388675
ck_59f46321ecf6d306,0.3668466082705235
ck_e7c212f16d6df272,0.5575371766143817
ck_c69ef0f3e7d6acf9,0.6408127928294969
ck_6c1dbee7e8fdd5c8,0.2635872886534936
ck_2ad0ecbacd5acf8e,0.9747810144632307
ck_d67d9dfb60b286b9,0.10375840293338766
ck_b35d803568f82d9a,0.5677836626604196
ck_af39767cf583905b,0.4336830311672438
ck_4450b55f462ae134,0.42646160114076187
ck_545b71eb4fa594b5,0.1372173558769607
ck_c0422e638a9c6046,0.6055612140965573
ck_cd7dcc884e283746,0.8422794866571605
ck_d6ea026357ec6477,0.5913831737624772
ck_e30e17db5473c7b2,0.12939498879608882
ck_5567779d6ba184eb,0.5189549806477898
ck_fca2798914627dc8,0.8872682827459768
ck_fff9fdc2adf5100b,0.9690466490120188
ck_0c45e54897ab34e2,0.7109187207170503
ck_507a6a580ab55c76,0.5761560399266653
ck_332ad134fb909869,0.4624974536565492
ck_ca60d61cd4dc3bea,0.15579547769403138
ck_59735f4ab2ad3da5,0.5340700753717661
ck_ab9ea095a5c58b4b,0.6244448971277246
ck_ca0cc8ea9f344408,0.2588103483397841
ck_8e139f8925ef7968,0.27442452638011816
ck_9dfb2ae78659240a,0.4407211244652679
ck_90f6f5ced708aa75,0.03299042574862498
ck_4280c33af57eb4f4,0.04539621104094519
ck_5ac86682385c86b8,0.31513546547158283
ck_1bfa8abdb22be8f0,0.711183540435934
ck_65491367584c730c,0.6828274597677735
ck_3d7db96995745472,0.5054389896109187
ck_a1c39df50a5873b3,0.6199938887757181
ck_ff7c26a62bda8089,0.07243837848849052
ck_09b0d8af304646bd,0.023752291709105727
ck_3c25029e40aa8a84,0.36119372580973724
ck_765aaf42c5088545,0.3087186799755551
ck_e0f845159b6e6a4a,0.4686188633122836
ck_272ae2179bbd8e58,0.2809126094927684
ck_c0ce85fb4109567d,0.6280301487064575
ck_515379973a8044b8,0.17782644123039315
ck_b5c3075c811a2216,0.7544408229782033
ck_713159c5c6a7a4d0,0.9966490120187412
ck_5b3ba20c8bb1383b,0.4480851497249949
ck_67cdcdda3033842d,0.5361886331228356
ck_647ac26c5900f082,0.2923915257689957
ck_46d51648c1bf80e5,0.9059991851700958
ck_40b4e264d1a12b83,0.9684660827052352
ck_620d7ae27af83cea,0.4097779588510898
ck_b9e5b318ee4de68d,0.25528620900387045
ck_cd691e3466fb3742,0.2439600733346914
ck_7190177963eafdd9,0.47122631900590745
ck_362ce13eec1e33a0,0.11454471379099612
ck_646e270e0195bf05,0.3741189651660216
ck_472e0be7a3b533bb,0.8037991444286007
ck_0dae4a7eb587f3ba,0.6565899368506825
ck_e6e7257377c37b28,0.8131391322061521
ck_b7f5d10b427346ad,0.19810552047260133
ck_3365a0ad1a8aa83c,0.3252800977795885
ck_7a43ef9c7b1c67b5,0.39259523324506007
ck_7456df89f3792235,0.08160521491138725
ck_5014a3b07e1f049f,0.9311163169688328
ck_9b12fb56529ebc4e,0.6937359951110206
ck_002eb6552b504ea1,0.33531269097575883
ck_170f4688e0acd875,0.879680179262579
ck_ccc83cf66365357b,0.7353636178447749
ck_4719112b55d20161,0.6292931350580566
ck_a02aeec1914c158a,0.6074149521287431
ck_ad4a4daa826ac68b,0.7147382358932574
ck_0d40961e47797027,0.2425850478712569
ck_114c32aad4b6183f,0.8246791607251985
ck_6ee939b7f396975f,0.3811570584640457
ck_202f0c14b07ace01,0.7868506824200449
ck_09fd43f1b7e2eca2,0.11109187207170505
ck_189b6fbe9b9192e7,0.37663475249541656
ck_1383b2b1875000f2,0.5692809126094928
ck_00bd7803f2530c68,0.5240985944184151
ck_4085cd3bf2661518,0.42886534935832143
ck_79323eb5d2e5efae,0.3467304950091668
ck_7d1661a34164406e,0.9809126094927684
ck_ec30b61cbf517db8,0.06277245874923609
ck_ef346071f0b7654b,0.5903951925035649
ck_4c2f2eb657c2c60e,0.1698309227948666
ck_832d39c590a3ca75,0.9695762884497862
ck_7cc5e0fa3ca5a713,0.17562640048889794
ck_08b4619490e751a8,0.967009574251375
ck_e0b3158111370118,0.5823080057038093
ck_2685f38930866af0,0.7435322876349562
ck_cd6fbd4e8724f994,0.6860154817681811
ck_33160c443d4b3f19,0.5879710735383988
ck_2a2c336a69b8d68d,0.7870034630270931
ck_805ee564bd35ef15,0.6551436137706254
ck_08a0355d1f1890ef,0.46399470360562234
ck_15fe2a47fa7e92ea,0.1437359951110206
ck_85ca825f905a34a1,0.6387960888164596
ck_b6527a85fd682554,0.5346913831737625
ck_9dfaca4c7c80b10d,0.8193216541047057
ck_ffb4d892c5158201,0.05257689957221431
ck_a544e766540861fc,0.4582399674068039
ck_354909fecf5da8cf,0.42672642085964557
ck_fc5ea49518e5d637,0.153493583214504
ck_7c12de74de30b788,0.9355163984518232
ck_7f9a748110d70005,0.26905683438582195
ck_732f725747393ec8,0.73993685068242
ck_2452a30397dfc54c,0.4490527602363007
ck_08fb463e69f647c8,0.9911183540435934
ck_49df70f908dfd069,0.8391729476471788
ck_7af748a23775bd54,0.903025056019556
ck_5010ffb1c94187b5,0.036575677327357906
ck_68250033717cd59e,0.19760643715624365
ck_83dde7da2bf647ac,0.043471175392136886
ck_8bbb625384edebd7,0.022876349562028928
ck_5eaeb87bf6207406,0.9707679771847627
ck_0a7adc2f27f98510,0.7683336728457935
ck_c3719a30414bbb4d,0.3507639030352414
ck_580f136ced341298,0.10085557139947036
ck_70d69e5d1bb99e85,0.32583010796496237
ck_c3476080516db25d,0.5969851293542474
ck_d4e0b2a12fcfc35e,0.15145650845386024
ck_2ca91214c357c072,0.9162049297209207
ck_c3ba7534cefc1de8,0.33880627419026277
ck_e967ff05514b697b,0.6880932980240375
ck_2d3d7d64a6f443f8,0.5411489101650031
ck_9ccc030ba2de9fb2,0.6128335709920554
ck_387e5a7f163c7837,0.6204726013444694
ck_d51df5e9fbbbcc94,0.724465267875331
ck_15254db133b28371,0.40221022611529844
ck_5ac959cbcc5e98f3,0.08701364840089632
ck_619842688294dabc,0.3245263801181503
ck_179ed66cdfc1ce27,0.30945202688938683
ck_3a70b4ee59084715,0.32224485638622935
ck_c1dd3feb9a0b6471,0.5093807292727642
ck_235ce9603c7dccbf,0.8203198207374209
ck_edf1096809e83ef8,0.04601751884294154
ck_83c2c34add971d76,0.07921165206763087
ck_0a4e191cd0a57ce1,0.07694031370951315
ck_472c81a144f4631b,0.10392136891423916
ck_81818169208a8cda,0.7920350376858831
ck_06aee5a62a67a84c,0.7477184762680791
ck_754cd7b4a5ae3f94,0.7517926257893663
ck_3428910b44b9d08f,0.636168262375229
ck_a9d2bb4f2bde7052,0.1791810959462212
ck_6482ed4491bedcaf,0.31795681401507436
ck_966d4d713cbc7792,0.13570992055408432
ck_1c8c969667cbaab2,0.9560297412915054
ck_94295287a04c85d2,0.8799348136076595
ck_466103ec5bd9444b,0.6041047056426972
ck_3c0031d7514da17b,0.5457323283764514
ck_9757163e25262b74,0.6607048278671828
ck_c8ad3f01319c065e,0.6897738847015686
ck_d35e3aa9ef5d405e,0.7910368710531677
ck_3397c7856b4669a5,0.11636789570177228
ck_1745847cd4e5dc83,0.6900081482990426
ck_4b84357ae8ec7777,0.42135872886534936
ck_bd771efb4a7e15d0,0.3119067019759625
ck_764d40f865e710af,0.6041250763903036
ck_021c6a4a7e3f1f0e,0.15165003055612142
ck_123d75ffb75b606d,0.1570279079242208
ck_b48cd8593533fc1d,0.9431452434304338
ck_c7b17f7b24bef5d7,0.6013037278468121
ck_b11e22e75d9b99de,0.022255041760032596
ck_c7550723b90e5615,0.2217661438174781
ck_4dfd8947f540eb24,0.36331228356080664
ck_731943c682c9394e,0.40086575677327363
ck_7db098a17374bbf8,0.9707985333061724
ck_7f3132d6be389657,0.8276634752495416
ck_95458880a54df0b1,0.9314422489305358
ck_4c6ea04ce8ca9e2c,0.290211855775107
ck_8777beb11aabd66d,0.5216541047056427
ck_60c3d8306527a08d,0.0587696068445712
ck_cf8ecabbc61d3e11,0.4107964962314117
ck_5189a302cfa7cefd,0.03586270116113261
ck_77f293d44b4a3d2e,0.7709513139132207
ck_bed50fc64fbbf8ec,0.5114483601548178
ck_929bcae878a3ecb3,0.9325422693012834
ck_f7c6c26ef3c4ae06,0.39324709716846606
ck_59a9e000fa275e1f,0.6065288246078631
ck_3ed9e081959b2f5c,0.5832756162151151
ck_57f17254e2688637,0.44794255449174986
ck_52dec82e9cf6135a,0.2067529028315339
ck_d91ab840848a54fc,0.09157669586473824
ck_c886adec7bac250a,0.629456101038908
ck_63d4f5076fe4406e,0.20926869016092892
ck_ac0ea27e692acdc9,0.5743532287634956
ck_ba845332b730b596,0.16555306579751478
ck_7e9a8924eab779e6,0.9927581992259116
ck_38abb60995114f8f,0.7329802403748217
ck_323b9cc5c49f8ea0,0.9525259727031983
ck_c530235393360e3b,0.5397840700753718
ck_1355db6f4010232a,0.3738337746995315
ck_1cec1ed1512a2d3d,0.05673253208392748
ck_5c0fe988b8aa7fcb,0.9074760643715625
ck_79e202f06d8dfe42,0.7083723772662456
ck_e137400825a1e3e6,0.48650437971073535
ck_fefc49a2b8ad993e,0.5991546139743329
ck_7510b1023cd08531,0.3255143613770626
ck_b95fbf2b5640aa82,0.42363006722346713
ck_f4536ba8dd2d551d,0.4849052760236301
ck_9dde2c63acda3ba3,0.5028213485434916
ck_59472d17debedafc,0.5973619881849663
ck_b0fa8b84e94d8ae0,0.33773680994092486
ck_5b52ee0a13c71590,0.18579140354451007
ck_ad3c4be96599554a,0.44722957832552457
ck_458531c22ec2f9b3,0.39705642697086985
ck_b379c198d6db2d62,0.47867182725606033
ck_ed9c56fdb9f45ddc,0.9308107557547363
ck_b3ab3c210e2c7c19,0.6662253004685271
ck_98b34f2d704c1c2a,0.6006213078019964
ck_6def9d0429e4ed4b,0.7343552658382563
ck_ac68d707006c12a8,0.4061825218985537
ck_829cbf5ccda481ae,0.3457323283764514
ck_43ea894480567274,0.47205133428396817
ck_5e36042cfad96c99,0.9139030352413933
ck_891eaedae139828e,0.30264819718883684
ck_68ba25dc3385fea1,0.7906192707272356
ck_4a522ca2dc4831a0,0.01571603177836627
ck_a152165caf295b51,0.5076492157262171
ck_31c54d540b128843,0.10197596251782441
ck_cc447fcc24a0772b,0.9339274801385211
ck_8a16eb584093b12f,0.04760643715624363
ck_259271c70f3fbcbe,0.6964249337950704
ck_bd86132499defcd0,0.6195966591973925
ck_7a4e3d553e8ab5b7,0.9009064982684865
ck_8ee08f6777cc155b,0.5686697901812996
ck_604c710141327a81,0.16840497046241595
ck_3f1287e6c27de0dc,0.48431452434304345
ck_ae91b4cff57fb3bf,0.5966897535139539
ck_8d5fa65717d2e0c6,0.737604400081483
ck_c0b744eb9e7d4eb7,0.3737828478305154
ck_90114c891239d821,0.12093094316561419
ck_85de63d278f0fbae,0.016591973925443065
ck_3d41faeb96802f68,0.1430943165614178
ck_2cd21137a07fdd7d,0.3150336117335506
ck_168e7ea341a36b80,0.15387044204522307
ck_db23a0e3e54be60c,0.9399164799348136
ck_a958b2461ffc21a2,0.8558667753106539
ck_0b3c3bea0e0ed339,0.3051639845182318
ck_be5df076b8a86409,0.14384803422285597
ck_2d1548f1ee405cc9,0.4086066408637197
ck_7176bbc97b1e42a1,0.16363821552250968
ck_ad9e2088a33c8c72,0.008840904461193726
ck_324b9939d9c1c31e,0.12243837848849051
ck_dfc8f5c141fd7c63,0.5469036463638215
ck_16fc77b2bcf5ec03,0.9769301283357099
ck_4f521611ae14ae66,0.20319820737421065
ck_a7fcf7b592f68ca1,0.48797107353839875
ck_8311cb6755b2016c,0.16826237522917092
ck_724085c3452d4693,0.9132613566917906
ck_a0db4ccca08030c3,0.9711346506416785
ck_de39c1947fb675ee,0.7181910776125484
ck_96a9221a87be93c3,0.8615298431452435
ck_98217aeafa0bfefd,0.518781829293135
ck_f4a7ac178fd55f0e,0.15678345895294357
ck_5d818522cbfe2a54,0.8077918109594623
ck_874eca6776b34dec,0.14905276023630068
ck_7262b4e0c29c942d,0.2782033000611122
ck_20cd2f5666719baa,0.0200651863923406
ck_d7ad9921a4d25926,0.6999796292523935
ck_d56ee1654378ffc7,0.6305255652882461
ck_2c7667f64edec2b5,0.25503157465878995
ck_78730527f8ba1438,0.8793848034222858
ck_794ba5921cef50c9,0.8725606029741292
ck_b8cdd6d6dccc4554,0.11475860664086372
ck_12cbb211ebd2b437,0.8311163169688327
ck_85cb5033fca7c846,0.697850886127521
ck_1e51199a075ca0fa,0.2664188225707883
ck_e0f3ea3373dfc4aa,0.5952230596862904
ck_40799e129fcf42c5,0.8518028111631697
ck_5d4ed73b9efd7d11,0.24503972295783255
ck_243b1b9fdd3f9a74,0.0817376247708291
ck_9d64187c0800f84e,0.4936443267467916
ck_01eb24c18ad11fca,0.8682521898553677
ck_a0e46b67e986ab56,0.5805051945406396
ck_cff18e2d8c520272,0.1359034426563455
ck_6a27c44b691dbfac,0.11160114076186596
ck_e6ffd0754ac08661,0.08388673864330823
ck_a7acd5b015823793,0.45945202688938686
ck_c3f360c2d0ea0a37,0.48511916887349765
ck_38da3bf629458682,0.2799755551028723
ck_9a0b605e9c3220c4,0.6319413322468934
ck_e980d325b8dbb8dd,0.030841311876145854
ck_75b69034000ca7bb,0.7208698309227949
ck_d451d24c780b5884,0.42243837848849053
ck_2e824b0b27494a17,0.8300977795885109
ck_23caafc2cd34242c,0.50088612752088
ck_ffe2aa26f597e552,0.3181095946221226
ck_eed7f1f7548df15b,0.33364228967203097
ck_eeb75f8a6439f65e,0.6776431045019352
ck_2e481d75d110c06d,0.6696781421878184
ck_192579ecdca7ff83,0.4811570584640456
ck_869b1878d09d230d,0.9114585455286209
ck_323a71f9452d21cb,0.9372784681197799
ck_5e68ea2c5e893cf0,0.871674475453249
ck_be52a7ec43241ba4,0.7332348747199022
ck_77b56c49cfdb1d81,0.8462823385618252
ck_15e0b679931f7a8d,0.4015176206966796
ck_93776b0c113f41f0,0.7280199633326544
ck_1f2760764afa45e8,0.21210022407822368
ck_3fa1a523d77cd619,0.45223059686290484
ck_0e13c4f73818149b,0.49474434711753923
ck_59be61b53d971611,0.2681299653697291
ck_87eb43e3b9d96169,0.8241800774088409
ck_9b7167da0920c37b,0.8439702587084945
ck_6cd8e0196365c474,0.54170910572418
ck_9951bd806c13c7fd,0.7765430841311874
ck_c6d2e11a368184e6,0.37278468119779995
ck_c646cdead6fb79d0,0.4943878590344265
ck_abaf371ec8249c4a,0.7879608881645956
ck_ccb3767c239018c1,0.21879201466693832
ck_e5d1462846154a75,0.7896924017111429
ck_939fede90473e412,0.23504787125687512
ck_bc89644ae3688995,0.4174882868201263
ck_71c917295020ccc7,0.31795681401507436
ck_1d58f6caaa4d012c,0.6493583214503973
ck_609c249edd88c565,0.3455693623955999
ck_b1496c474c4a3239,0.1181401507435323
ck_00a07fc2a9183c3a,0.0361886331228356
ck_2122f201e65f76ee,0.45123243023018944
ck_a5051eafe8b51224,0.29056834385821956
ck_129e39ddfde92eeb,0.05013240985944184
ck_102db9615e722c9e,0.6948360154817682
ck_b6a2bdb2d335e1d0,0.9955591770217967
ck_c4cca8278bdad9b9,0.03349969443878591
ck_212525e2828a6c45,0.4232226522713384
ck_84ad096a46e1a960,0.7426970869830922
ck_1294f7af22fade11,0.874373599511102
ck_0d33977c3de8cfaf,0.9926767162354857
ck_5c47b49c26cce286,0.7586168262375229
ck_f558fe02bb0219b8,0.363465064167855
ck_c09c914e416edd08,0.4758810348339784
ck_f8b3cdffef535330,0.8279079242208188
ck_46a8db16ad00b749,0.803727846811978
ck_310f73940fc4cf4f,0.6640761865960481
ck_3d7fa32dfb9fc692,0.8136076594010999
ck_fe8e5a6c880ceb4e,0.3138317376247708
ck_7176d12b18f2cc0e,0.586718272560603
ck_61d244b2cde483af,0.5489509064982685
ck_3865b7525b910893,0.5530454267671623
ck_efd7b9e22c6317d6,0.6386229374618049
ck_5e418a7c04437b4a,0.728743124872683
ck_2db3fb565e0211ee,0.07516805866775311
ck_1071d14c46c92379,0.9294255449174986
ck_1d7cd5dcbcdafd7b,0.9299857404766756
ck_dca9dc465f759db4,0.24530454267671623
ck_0d4dfd93086e7330,0.35896312894683235
ck_16077934338472bf,0.06310857608474231
ck_5249b223000915ec,0.7347932369117945
ck_125c5a720ecb177a,0.8396414748421268
ck_62337eccb1672737,0.38027093094316555
ck_13376c59b5bd6943,0.12191892442452637
ck_399e45e5fe9beaee,0.685597881442249
ck_946afc2943298d26,0.23285801588918312
ck_a6e8e8f535b1f1d1,0.6670706864941944
ck_7c0fdfbb447cdc04,0.5674169892035038
ck_ce0166addb93bbad,0.14414341006314932
ck_7d28da4f1dab09ee,0.7095029537584029
ck_0508908697f60ce3,0.8959360358525158
ck_d96eb3cc55f2772f,0.5460684457119577
ck_b4384b6c11766ce7,0.4263393766551232
ck_e5cdbe3aa12c97f6,0.4073232837645142
ck_9f3861940d8d873c,0.5167040130372785
ck_d74a62ab3804a81b,0.486209003870442
ck_7cffb189f4f514ec,0.9768588307190874
ck_ec8738ec663cd2eb,0.40429822774495827
ck_715966f86d5c913d,0.23447749032389487
ck_6da9c5912e15d9a8,0.28240985944184155
ck_c081e1967dcd811f,0.6473518028111632
ck_f9f93d1d41be1468,0.9545528620900385
ck_583d6ca78c97d91e,0.9337543287838663
ck_533c4f7400d5ab22,0.8976166225300467
ck_80c0a7f54ff4895d,0.18150336117335505
ck_a60d6b324bae0330,0.4644530454267672
ck_4eb1c12f7d092bac,0.11217152169484619
ck_5a9d5f9901e37e31,0.6186494194336932
ck_5ee32bc6bb5d1d4c,0.8790996129557955
ck_4684fdd61c6a0fac,0.6599307394581381
ck_510bfbbee37ff436,0.5853228763495619
ck_a964e6b5d8415334,0.9323589325728255
ck_1b708e2a4a0584dd,0.5753513953962112
ck_2369689bd795ee10,0.33006722346710127
ck_e9dcf535f8c289eb,0.8253819515176207
ck_09748dfe4df3d540,0.11372988388673864
ck_2ce5afbc014763b8,0.6296699938887758
ck_132c16312f37810f,0.21810959462212262
ck_010264ae04f2e902,0.8665104909350174
ck_fec0ff92fd622253,0.4269199429619067
ck_6343e0d3b1c2962b,0.5841311876145855
ck_be51f4e5e6b85768,0.7437665512324302
ck_f2bdcfb4203ffdee,0.7798838867386434
ck_9720a472a3e0140c,0.15595844367488287
ck_9aafc33fba1474cb,0.25326950499083317
ck_5403c76fe68a08ba,0.9313811366877164
ck_6e606f73a1094afd,0.4639539621104095
ck_ca9d86f65cfdf018,0.22518842941535955
ck_b9f6040eebd1605f,0.7854756569566103
ck_b447badc9138987d,0.015960480749643513
ck_7fc513033af061af,0.8839172947647178
ck_01c631b38e8a9535,0.33859238134039515
ck_30753ffe481a1b8c,0.9312283560806682
ck_9129c92c12e0c8b4,0.07289672030963536
ck_c401a26725b17177,0.027031982073742106
ck_117d78ccd5820f36,0.5038602566714199
ck_b5777605668bfca1,0.1314116928091261
ck_0e5385c70c6de025,0.19498879608881647
ck_6a0f8f8fa4a3c2bc,0.6982684864534529
ck_1c65e8d5be3b9c60,0.9236809940924832
ck_432cc19c7eeaa46e,0.6932776532898757
ck_ec7406cb5cbc8f10,0.2090344265634549
ck_18eb1f9181f95df4,0.2920859645548992
ck_b837c7dac2a9b931,0.5149826848645345
ck_acb84dc2351eeb76,0.047239763699327766
ck_812cb3a4482cc618,0.541749847219393
ck_1436f6e11d4008f9,0.38844978610715014
ck_cb83b9f806e90dc6,0.9121104094520269
ck_60ac5e5f375daa38,0.3305866775310654
ck_a7e669cf1c3985aa,0.6103992666530862
ck_675c0ca1ebb1051c,0.18660623344876756
ck_398f3f4cf05c721b,0.06798737013648401
ck_3364a1d9261b3638,0.47392544306376044
ck_8dbf61df902a6bbc,0.16989203503768585
ck_25e551a0a8d2fcc2,0.7811163169688329
ck_7831ca5c31fb3859,0.9100020370747606
ck_7989376f8cf64a9d,0.32960888164595636
ck_0027ba644f9ae2cd,0.90503157465879
ck_02a9104419a6dbaf,0.37712365043797097
ck_f97c477986043755,0.10500101853738032
ck_4b68b38c1b3326a3,0.1804848237930332
ck_190bc849e5ff5401,0.6272662456712161
ck_a0e96fed380440b2,0.28439600733346915
ck_bd25ea782e375b22,0.7609696475860663
ck_50ed8f4e7ae6710f,0.22924220818904054
ck_86a2d852a9715432,0.8036056223263394
ck_5954f45a2ab45f43,0.5835302505601956
ck_5fc65c24e0736d5d,0.9545732328376452
ck_51d842e6dae74c71,0.3840395192503565
ck_b05c4d33c4f43639,0.5423304135261765
ck_538fdbbb3c2bcbbb,0.8342839682216339
ck_735f244b99e3aa8d,0.5317070686494194
ck_5a4eb535c9a11993,0.47194948054593594
ck_706a4f673a9fda3b,0.9363923405989001
ck_b92b11d205af91eb,0.03171725402322265
ck_84569a8fc50e73ac,0.5741698920350377
ck_a5ecbefa849ae569,0.409227948665716
ck_40bc6de252865f32,0.2082705235282135
ck_4666232ddbf77756,0.285883071908739
ck_aa0b083e2a6813eb,0.5802811163169688
ck_634276b05f4381f8,0.3017009574251375
ck_fbff7b5da8111567,0.3154206559380729
ck_c00e70606904539a,0.11109187207170504
ck_0e808afe2570ecac,0.6830413526176411
ck_b1495ee5c59a6b28,0.5246486046037889
ck_724e459b9ece38f4,0.8536259930739458
ck_3c08546dd0c92863,0.5787736809940924
ck_aa9b28e7fc43af79,0.943613770625382
ck_f2f3cf9cd23b2809,0.6554695457323284
ck_19660cec756632ca,0.1588816459564066
ck_221b5d40358230f4,0.7217355876960684
ck_dcbe6814fc4ca0b4,0.8545834182114483
ck_5f0be7b468a72333,0.3617946628641271
ck_49685deb63e4e8f8,0.36035852515787326
ck_032880f1114dd51c,0.6911998370340192
ck_238e53b6dee8c301,0.16529843145243434
ck_7c7ca54969eed187,0.7946832348747199
ck_a6c740041faf0bd5,0.29562028926461603
ck_2455d43bbdd2bb69,0.46889386840497044
ck_6c54adce174f45f4,0.16390303524139338
ck_192bbfd0d5720134,0.30621307801996334
ck_85e5494ec20383ae,0.6786921980036666
ck_479a065d5903e9c3,0.2600937054389896
ck_408efac1d3885ff8,0.7654817681808923
ck_f7e958a286ae3b57,0.16606233448767568
ck_8dd44eead7d765a5,0.44024241189651664
ck_2c4d25acbe3fabd9,0.25959462212263185
ck_621c9ddde6bf2eca,0.5383377469953148
ck_2df4854186ec515b,0.6635567325320839
ck_a15fe7d0f4b65c33,0.9365349358321451
ck_73b729cb161487f2,0.18190059075168058
ck_053746067839696b,0.5699022204114891
ck_0576b00d728bdf19,0.6987981258912204
ck_daaa995f3c2f0e47,0.6358219596659198
ck_a777c813551281fe,0.3759727031982074
ck_c4de808ae69c771f,0.024740272968017927
ck_1d3e561a7d20be0a,0.9881034833978406
ck_4cc11c7d3ca61f73,0.17171521694846203
ck_fd78f8a8663646d7,0.4382053371358729
ck_3b150afde386ecff,0.7789264616011407
ck_9fb11688dcfe1513,0.17601344469342023
ck_924e572517515f19,0.9167141984110816
ck_eda55c8fb47593d7,0.463465064167855
ck_e066f71f8b296b7a,0.25043797107353843
ck_32430e678c4f9f53,0.4485740476675494
ck_7484c214c889fe7f,0.5529028315339173
ck_7bf668e25abeeb05,0.1510287227541251
ck_3925f8565abb7fe4,0.18857201059278877
ck_933789b55361d7c1,0.9668262375229171
ck_04212a9bb9b28696,0.9975147687920146
ck_f04938570a154de3,0.3514870645752699
ck_4ac918e884cff336,0.6482684864534528
ck_666b95e75d99ec4e,0.9694438785903442
ck_9b665ef46d785324,0.3284273782847831
ck_de056e37c82e8e00,0.6958952943573029
ck_618c4e5cfae99dcd,0.8639641474842128
ck_3b74512f774a6e5a,0.3064167854960277
ck_1ad36046aaeb816c,0.41449378692198
ck_2df5a9fc87553eb1,0.3499287023833775
ck_b367449195e36499,0.6122631900590753
ck_1242aa4496576a99,0.12627826441230394
ck_133d8a1ac7c0e301,0.9887146058260339
ck_b804e784cde9af8b,0.4004787125687512
ck_4b3506b624e5193c,0.6810959462212263
ck_475ea9aa6d3898b7,0.8174068038297005
ck_337b24a474010abb,0.9972601344469343
ck_749e0e50c3907be8,0.1565288246078631
ck_d1157eade2ac3975,0.5277347728661641
ck_c2dccbc1b24b137b,0.8496435119168875
ck_af02e1817cfa40b5,0.611326135669179
ck_e9a2495dea8675e2,0.5541148910165004
ck_1df4a1781a0f6999,0.5852413933591363
ck_f85155ca5c312c7b,0.5270930943165614
ck_ff090498c4b17ac3,0.1706661234467305
ck_17673a1c2867888a,0.03313302098187003
ck_cfc2384f22954830,0.7324200448156447
ck_bd2cdd53fca26171,0.525483805255653
ck_ec1c902b9b9b9c5f,0.8794051741698921
ck_317360ec0a67d27e,0.8487471990222042
ck_3e3ea5d8c4a229dc,0.832195966591974
ck_546ad962d04b7de4,0.9812079853330616
ck_82f07504ab59ed33,0.7329802403748217
ck_382ebf136f7fa337,0.9248828682012629
ck_ed471e496916ee15,0.18167651252800976
ck_0ec820b670d48098,0.05402322265227133
ck_0b20bfc515ba42a2,0.44891016500305564
ck_42341cf31c08c981,0.34521287431248726
ck_42dcf92e9e016922,0.7830515379914444
ck_424c254249a109f0,0.7359136280301487
ck_ba576d6d4cb6130b,0.8574760643715625
ck_529fc3170fd11abd,0.6735282134854349
ck_be48f583f79427f7,0.7292523935628437
ck_94fff69584dd3b2a,0.6137298838867387
ck_6babe5b8674ff51f,0.5003666734569159
ck_7e826e233d6ea028,0.2859543695253616
ck_d55eb81a4d543c59,0.593104501935221
ck_12e2b5ebfe8986b2,0.23250152780607047
ck_206f8e3cd72768f3,0.7569973518028111
ck_a2d7a563f520b7ea,0.3179160725198615
ck_47cad6c3def4c9e4,0.13668771643919334
ck_46bc797b4d07d607,0.12962925239356282
ck_bda299466bb2136e,0.5178753310246487
ck_77fce5f86f00b8f4,0.8987471990222042
ck_25822068c86c856f,0.04553880627419026
ck_9191579254663f5d,0.268404970462416
ck_311d395fa9b8550a,0.6711448360154817
ck_31e7742f160980ef,0.6596761051130576
ck_f3dcd818db92de7b,0.7123243023018944
ck_150a1108f936e6b0,0.308341821144836
ck_4c37586080edb7fd,0.08068853126909757
ck_6f8ae0319c07cafe,0.09444897127724587
ck_fb2a35571ec719d4,0.8016704013037278
ck_e45012f22b7f91d5,0.13475249541658177
ck_70e6bca473bf6902,0.23647382358932573
ck_e7501307c0698e5b,0.5853534324709717
ck_e08e9c8ec5f23d8b,0.4131696883275616
ck_72771757dfb7f7a8,0.5616826237522917
ck_fc418f53ce4aa579,0.9771847626807904
ck_c1ab40638f04cb02,0.3789570177225504
ck_f01be92dc78a2dc7,0.43253208392748016
ck_703703bda38fdcf8,0.4757588103483398
ck_a1c78972e4ee4082,0.6991749847219393
ck_255f0e5888ae9e23,0.8555612140965574
ck_3b66196ccf436c35,0.3538908127928295
ck_75fcda73f0b43557,0.31145854552862096
ck_d3e208671cf37f91,0.964962314116928
ck_233397a8bd40d38d,0.2519454063964148
ck_01e7960c63dca3a4,0.9735282134854348
ck_d932f98bf6b83956,0.7975860664086372
ck_abbd1465fc730d78,0.23521083723772662
ck_7890208951df34f0,0.4945100835200652
ck_be5bd81e3715cb8f,0.9641067427174578
ck_ead68310311690c8,0.9382664493786923
ck_c2bd5a722aa637d9,0.3175799551843552
ck_197f8058cea1fbea,0.03697290690568344
ck_ab33fb754c818ae3,0.8297922183744144
ck_95fdc264eac72fa0,0.18002648197188836
ck_02adda6e91e49650,0.5954675086575677
ck_c54643d94d3ce355,0.6900794459156652
ck_9aa45c4e03c8c57a,0.6659502953758404
ck_427b91925952cb40,0.633224689346099
ck_c4ca1434f3778f1d,0.9932165410470565
ck_89a1a780144d808b,0.6169179058871461
ck_8bedacc6233c6269,0.4379201466693827
ck_f4f83b1403ebea46,0.718445711957629
ck_a1fd0ad03ff9b776,0.6550825015278061
ck_c30201ebd003fdc7,0.31359747402729676
ck_9fe9bdce982b312c,0.7055306579751477
ck_09169f22194fd6aa,0.6191790588714605
ck_976fac1bb3dd8c58,0.6732124668975351
ck_bac5233623b25ca4,0.28557751069464254
ck_9f83fa5a2d3b9049,0.48153391729476475
ck_b2a79dd3df560f14,0.7937359951110206
ck_62b9fb3db284941b,0.2817987370136484
ck_aa075c418ed9fe5a,0.5828783866367896
ck_c6abd5d57b1009d2,0.051741698920350375
ck_0734fd90b2cabd43,0.2812589122020778
ck_bafe82c870356706,0.9874414341006315
ck_e35eb857c61548b2,0.9542574862497455
ck_22b587c18363899a,0.4273986555306579
ck_aa295a11b0a6ab36,0.4463536361784477
ck_d839798f9520363e,0.8275616215115096
ck_8049f5fce32be185,0.9466693827663475
ck_e2ab04136a442a98,0.2340395192503565
ck_c9d72140b0389216,0.5956610307598289
ck_f234ab47061ba7c0,0.032868201262986355
ck_31fc51d5a3dfe16a,0.5895498064778978
ck_f517f06551e69507,0.16789570177225505
ck_392cf2cdd515c34d,0.32349765736402525
ck_366616a725afc6bd,0.5210429822774496
ck_e18ac29ea62cb435,0.7420248523120798
ck_170c65860e2a7e23,0.2666123446730495
ck_093e3a7134e11d6b,0.2806579751476879
ck_d111c98b36bdb791,0.21346506416785496
ck_1ebd574406235957,0.5077918109594622
ck_65519d0fb137e0c5,0.2636585862701161
ck_ddc3fc99eaba2064,0.6480647789773886
ck_1be8cb95d6d9bbf8,0.03449786107150132
ck_242521e261148fba,0.3001222244856387
ck_110608c3b03d4038,0.9563862293746181
ck_0dd7c5925d28755c,0.15589733143206355
ck_f11be8ce05382cec,0.6378895905479731
ck_129ffae92dc01408,0.11034833978407008
ck_b0b9047dddb1ec84,0.9323385618252189
ck_b4954d16b9749829,0.3133530250560196
ck_66a8325f28be7562,0.1016398451823182
ck_e1b1e7a7e4a15b3e,0.31872071705031574
ck_658b4b54be09a4bc,0.982481157058464
ck_77f8c5042065d506,0.3685781218170707
ck_b003e5b54df65db4,0.5769097575881035
ck_ce81ff9b8b35562f,0.4797820330006111
ck_d27b872648b71202,0.18254226930128334
ck_3acfec10eec32f9c,0.6014666938276635
ck_813e02e1ababd177,0.453636178447749
ck_ad9a18f58589faa7,0.27095131391322064
ck_62f5cfe22c952694,0.4793848034222856
ck_a46c1773f01f0be7,0.8783560806681606
ck_405b20ef9ad0ba5f,0.9030250560195561
ck_f948e8a8fdd79b4e,0.5227541250763903
ck_81275d9d4c559e6f,0.3222143002648197
ck_40e84e6ffe788a4c,0.6264514157669586
ck_17733f75ebdea93e,0.1623344876756977
ck_4a1f0172d3bf4fd3,0.24960277042167447
ck_01ef1036b2e66a4b,0.25171114279894075
ck_084a85145c15ed77,0.5530657975147689
ck_62f46226f244139f,0.7154308413118762
ck_43637d28c7216453,0.14113872479119985
ck_fcdb4fe2f095fba1,0.7420248523120798
ck_9f85fea4490c00cf,0.6058565899368507
ck_83e5979334345622,0.5268486453452842
ck_231ae0329ebc3220,0.2837237726624567
ck_a49a2c1f881a3560,0.26743735995111023
ck_88ab6d245228c38e,0.007068649419433693
ck_b62276c3426d680c,0.49462212263190064
ck_def344d68f06d749,0.5776532898757384
ck_8b19bb5b23b6741c,0.7212772458749237
ck_c009c97d5fafbced,0.8494703605622326
ck_9e298cae167f4693,0.19751476879201468
ck_84d62b8196da2452,0.3908433489509065
ck_6f73cdbf9305e2ea,0.48539417396618456
ck_4c1fdd1669c7cf51,0.14586473823589327
ck_744eade757ba69b5,0.7604705642697087
ck_b0fe4b92fc70f72c,0.1643002648197189
ck_dd1c490050cd9051,0.5117539213689143
ck_17bf38d51115a8f3,0.27667549399062946
ck_166aa980cc87fa77,0.7862701161132614
ck_f17ed7e0fd687742,0.8100937054389896
ck_26896c494b2768ef,0.3309329802403748
ck_88ef9f85948e1a01,0.05030556121409656
ck_a28d9bb5590d458f,0.8143308209411286
ck_8b8b9de339d75d0b,0.7300061112242819
ck_6715139e240007d9,0.18863312283560807
ck_139b54e6ccbdd7da,0.8021083723772662
ck_66e81a4190c33510,0.37667549399062944
ck_4e862c2f48c38aeb,0.1882970055001018
ck_1a3ff7620580a514,0.3804542676716236
ck_f33188c232a03526,0.8952638011815035
ck_348c874eaf0354f4,0.5885516398451823
ck_931510e384b1d0cb,0.3904664901201874
ck_e15252ebd7553422,0.18620900387044204
ck_a3cce46d15cc20a2,0.6432674679160725
ck_0dc1e536231c4860,0.34929720920757795
ck_f92cd37022b0ce21,0.6028926461601141
ck_bb99071e8f58c8a4,0.9477490323894888
ck_06010f0df5b7cef8,0.7369627215318802
ck_ab7cb50407d6b13e,0.5129048686086779
ck_16a06d58d71935bc,0.8577408840904461
ck_68f56f6560a7a933,0.15398248115705848
ck_a019151ca8e7527a,0.7945711957628845
ck_d1b9e5d32d2d789f,0.15425748624974536
ck_615763afc2e17a7f,0.0644123039315543
ck_5eff0208c74ec714,0.6390303524139336
ck_7eebd0e6ad6c070e,0.3245161947443472
ck_cd4c63155570d6ea,0.2928906090853534
ck_c5414d7a8031d4f5,0.13718679975555104
ck_9a88a5a989cb5bc6,0.5366469749439804
ck_541a734fc457246f,0.7844061927072723
ck_861af5a9a9a6d619,0.13423304135261763
ck_2cc1d9b587f6da31,0.9242819311468732
ck_7084ed3cf20781b7,0.6731106131595028
ck_e02f93f51cc8caf3,0.14169892035037687
ck_9a930faade55b8ea,0.05014259523324506
ck_0afa4449f20d5196,0.1583316357710328
ck_4d503c41cf4e5034,0.5733958036259931
ck_6ff0fc7487e737e7,0.9151049093501732
ck_b21d8630387cabce,0.2330515379914443
ck_bfd9bfc5b6ab4a54,0.8200040741495214
ck_629537d8b4d0f395,0.3682012629863516
ck_bfb067986660afe3,0.786484008963129
ck_c1a31690c8573226,0.23357099205540843
ck_94c9a4d382689e82,0.7862395599918517
ck_397c03aa33a57310,0.9195151762069668
ck_4b4a3c5b95c55b43,0.025687512731717255
ck_40780fc0f8d6f309,0.4716642900794459
ck_72022008a92c9386,0.7342839682216338
ck_0af18b3ce015d294,0.18339784070075374
ck_a481385c2e60dc4a,0.3333367284579344
ck_e49b5e4f2f2e79db,0.9453147280505195
ck_cb88ef3dc1f42225,0.25753717661438175
ck_a4e2607b4c8021e8,0.03701364840089631
ck_8aa8b9968233a1ab,0.21109187207170504
ck_cd32e58e8a1c0e85,0.4721226319005908
ck_69b5620e00ef5dec,0.11670401303727847
ck_0dbefdac0a1868fb,0.08646363821552253
ck_fdda581aec411010,0.0480749643511917
ck_35e411b05d22f663,0.6041454471379101
ck_11662cc7940ffc82,0.7578427378284783
ck_4db6d4fd2b49aa81,0.680006111224282
ck_cd0e76f0e7bb38cc,0.5679262578936647
ck_cf52e46fa54e4540,0.04308413118761459
ck_337b930fd149a696,0.4821042982277449
ck_86a61d9a39768e87,0.5644326746791608
ck_8424bf65223a5a9e,0.20003055612140969
ck_9625a64406ea16e3,0.11460582603381544
ck_ed0cc1b1c28f9511,0.7636891423915257
ck_9158bdbb63ee8987,0.2476981055204726
ck_2f241b97c0f8389e,0.3659808514972499
ck_473d6314ea614b29,0.19904257486249743
ck_7443d6dca8cd1352,0.1647789773884702
ck_c6fbdc5ba68a8466,0.3836321042982277
ck_6cb7c97b72d6b5d3,0.34837034019148505
ck_b43f04431c267dea,0.09597677734772866
ck_77b2fb17c29f5e72,0.7014055815848442
ck_b1c51fdafcd80122,0.6876655123243023
ck_819bf3e8231f4081,0.5852515787329394
ck_1dedcb48ac381a1c,0.8905174169892035
ck_888651bfc2c8cf70,0.309227948665716
ck_af0a6540ea7a36b2,0.2697392544306376
ck_97e980463aca4644,0.19584436748828685
ck_6faf3e6820398866,0.5402627826441231
ck_d0982b4e0e118e4d,0.3558769606844571
ck_3f5e8f3f1df0c8c7,0.8501425952332451
ck_5d8481e2b38bd99d,0.5296699938887758
ck_569b83668d74042d,0.9745569362395601
ck_f8b6069d7577fde6,0.12163373395803626
ck_837cc7fd48453a01,0.41346506416785495
ck_2973b8274f0bf69b,0.45781218170706867
ck_69bd0b1abea7e1f0,0.8986759014055816
ck_fa0b234481cb57d3,0.7256264004888979
ck_cbeca201dbade3e5,0.7075575473619882
ck_05a00b1dd5a03359,0.3046547158280709
ck_77c0fb524edb4a94,0.1158993685068242
ck_e64f0df63e1be595,0.8362803014870647
ck_5c7ad6e731b69333,0.9118761458545529
ck_b657ae3c146cb7bd,0.12189855367691994
ck_7dbe24ba01316775,0.7816357710327968
ck_0e3f80c1553c591b,0.6016907720513343
ck_3edc45db58760d76,0.2879405174169892
ck_24ff97ad90bdd69a,0.8684253412100225
ck_263f6c5ff26b5e98,0.14719902220411488
ck_437afe412ea4259c,0.8591362803014871
ck_ae8c9163cf957d7e,0.7146058260338153
ck_3f8571d4f7420b2a,0.765471582807089
ck_e6465c56b337e6c2,0.3894988796088816
ck_7dff6abe4bd644dd,0.9219291097983296
ck_27fa694569140345,0.06344469342024853
ck_cdc55623cb16e6a9,0.3604705642697088
ck_b08b3f089138c901,0.5035445100835201
ck_79da63fc100830b5,0.7056019555917703
ck_4339f86c87289222,0.9524852312079852
ck_38ea56d43afa5660,0.47164391933183947
ck_33ecaa7b892e73df,0.5237013648400897
ck_dba767885bd6ad69,0.3257791810959462
ck_b109ec4c63503030,0.34676105113057654
ck_a7f522382509cef1,0.08990629456101039
ck_d9143e236eef177f,0.48129965369729066
ck_f790d91e5ff0eccd,0.9025667141984112
ck_064013b0957d87a5,0.9957832552454675
ck_643f549b4ac78a26,0.8852617641067427
ck_a07e7409d6d5aa06,0.6176003259319618
ck_c37f03995f0f0169,0.03868404970462416
ck_8929d2eb09872052,0.784996944387859
ck_27f20337bef5ffe0,0.5754736198818498
ck_7c67b73196e3d0d9,0.5902525972703199
ck_e30db36e376606f7,0.8893562843756366
ck_99b4f266b61ae7ee,0.6550825015278061
ck_4072b59388976896,0.49530454267671625
ck_21c99e1d6b881894,0.03827663475249542
ck_ab2aed614ec1cdf8,0.714677123650438
ck_a8cac8d480306839,0.16706050112039111
ck_36d37be780c1291c,0.14279894072112445
ck_7b3cc6cc3f250f39,0.4542269301283357
ck_b6673bbe61d2680d,0.49035445100835207
ck_c251898b5d51e3b0,0.3196475860664086
ck_69105f881da3c821,0.5051639845182319
ck_adfb8472d5c3d669,0.7923813403951925
ck_4a24ad61d017e1ba,0.7710837237726624
ck_15ccbf8ff7d14086,0.40288246078631085
ck_c4bcc7cefd40f8e2,0.09664901201874108
ck_8d5eda29a2cffa3c,0.2852210226115299
ck_df65967b8b40319c,0.027632919128132004
ck_329f7de7279e74c5,0.3183642289672031
ck_d5b8e74e7ca6355a,0.6297616622530048
ck_faab769cce19879a,0.7381849663882664
ck_9b552204498b6762,0.5717457730698716
ck_c7dd84401e29a7fc,0.11624567121613363
ck_14436a409ebcc90f,0.2992972092075779
ck_f09165d73ee903b1,0.3803422285597881
ck_3dd542c2d31be2c0,0.4542269301283357
ck_8afc1112c12f5402,0.30702790792422086
ck_4682fad271d47eb0,0.9712670605011205
ck_9bf0d28119fc42c8,0.6207781625585659
ck_4610a073bb54d1b1,0.5618150336117336
ck_f781539b1042dc83,0.09251375025463435
ck_3199b471575aeb3a,0.3568445711957629
ck_51d3e8dd7465c015,0.15822978203300062
ck_bcfb7ffb7cd428bd,0.2646567529028315
ck_8563fed6674afc77,0.38243023018944794
ck_89c8b06aa8c84b2d,0.8425035648808312
ck_9a2fcccb82da663e,0.4572723568954981
ck_e7a3cfb9bf908e80,0.5382970055001018
ck_d99a8b4c820eb46b,0.16619474434711753
ck_ae2ab6be219219aa,0.10292320228152373
ck_a0dab7aa9c4a39a9,0.16649012018741088
ck_604e1b8a8c693aa7,0.29370543898961093
ck_17c4296276448afe,0.2021185577510695
ck_9e9a830785112a73,0.6892136891423916
ck_2bb49dc2388cdc1e,0.10236300672234673
ck_bb303568b6915205,0.8043593399877775
ck_ab1bb02f6b189304,0.9129252393562843
ck_2675e7a008e584a7,0.7962415970666123
ck_9880410fcd10a28e,0.14066001222244856
ck_e73caa3771ec5e0f,0.2558973314320635
ck_74928f5f91aa12b2,0.7955897331432065
ck_eaebaf4d28400fb8,0.5318496638826645
ck_ec5ea81cf813597c,0.3950397229578326
ck_423ff4ede6a9f066,0.3251884294153595
ck_205c107cec528414,0.9400590751680586
ck_1df66f537496ca59,0.7303218578121818
ck_3646515079e6be55,0.7053778773680994
ck_b2c896beec146477,0.29218781829293133
ck_d80283209c963f11,0.44437767366062336
ck_c4524993ec31dbe5,0.14491749847219393
ck_9f7807ed64cdb728,0.6880932980240375
ck_8550f229b5eb03ab,0.22914035445100836
ck_4199342d3aca74e8,0.7035954369525361
ck_3135c019696ee6af,0.9758301079649623
ck_5d01200ba3341462,0.4110715013240986
ck_a54dc042ebb7c766,0.8748624974536566
ck_ca5b1057f8248f73,0.4837237726624567
ck_1f7ee7b23fc6f2f4,0.4298838867386433
ck_92d782bd9ce0d1e3,0.42440415563251177
ck_7b35d218ed0c5a60,0.41432063556732535
ck_eccfd552aa652d3c,0.42188836830311666
ck_9b6ee35e8cd0b11c,0.10755754736198818
ck_d838491d3d4f5ecf,0.24957221430026483
ck_3a34c3ac83cf84b3,0.24137298838867388
ck_c08f622bcd6de6e7,0.5731309839071094
ck_2d634e3f24681c0f,0.6257791810959462
ck_956b5af6d7d86c65,0.9599001833367284
ck_9332bbc7125219a7,0.42840700753717664
ck_8007824431fa803b,0.18367284579344062
ck_54b087bd873af8b8,0.4112242819311469
ck_e70418b00cbbbac9,0.7398044408229782
ck_500948a8d4bd8e13,0.6488388673864331
ck_48e84b0cb0b90fa7,0.5690466490120187
ck_1917ef3e6e345549,0.8667854960277044
ck_5c33bb46c1a5945b,0.6881849663882665
ck_b51a58e7f032c9a8,0.7416072519861479
ck_188fdf2be7c92e9d,0.9978407007537176
ck_4a103f8254b366f7,0.2435730291301691
ck_4388abce33ecd01b,0.9185170095742514
ck_321e740066fb05c3,0.9443063760440007
ck_c93def7392f0aff5,0.8443573029130169
ck_8582490d6e365a63,0.48523120798533304
ck_bfa17a0b1760e616,0.06762069667956813
ck_65a23ac8e44eb901,0.36177429211652073
ck_bcc9cbc9ed8b7c31,0.48167651252800975
ck_6426427efe3228af,0.7079140354451008
ck_eb264d1b180d4b4c,0.8960786310857609
ck_b7af9b2ee0eebbc6,0.7640660012222449
ck_79557434c129ba52,0.2424933795070279
ck_073da541ec3f9d3d,0.6562945610103891
ck_96dff7a09d45f116,0.7992666530861683
ck_8ec86e853ad52828,0.8668669790181299
ck_64f5fba6af67e024,0.4472906905683438
ck_e0fb11fc9dcb34e6,0.3207883479323691
ck_361f535599110201,0.3516602159299246
ck_34b0988a97d96902,0.2903850071297617
ck_337c5684510cf432,0.8492462823385616
ck_258d661e450ac870,0.5114279894072112
ck_6b55ec4e87a5e22c,0.7352923202281524
ck_638df9e8a22dfe0b,0.19777958851089839
ck_e36c8da1bd359960,0.737746995314728
ck_73188a826b5f499f,0.3476879201466694
ck_286bfd719836e9f3,0.8541556325117132
ck_a209a5f7d172125e,0.5704114891016501
ck_fd0483639811f62e,0.8770523528213486
ck_0d16d9349e4a9e08,0.5477999592585048
ck_fcf5d4a4748cdd53,0.1446934202485231
ck_61e1f7168cd9ff25,0.8097474027296803
ck_b7f4baa2cc82fe61,0.27679771847626805
ck_437f9ecd2016a1a8,0.2554084334895091
ck_04219a7ea798db51,0.8152169484620085
ck_644b1c1149eea9e0,0.7036463638215523
ck_bfc82b3c1c9f2897,0.9702790792422082
ck_9cf44eb0237c2429,0.19249337950702788
ck_2106e509d77fdb4a,0.9324200448156448
ck_49a0efb5d4067b6f,0.7441637808107556
ck_82f360df1e9f4eb8,0.8034222855978814
ck_9986c7d781ac6b4e,0.4025972703198207
ck_c8413898f5f7cb7d,0.7895396211040946
ck_b3fb83f0d772a831,0.43392748013852117
ck_a2299b4f530be0d6,0.9082501527806071
ck_fce0b6855886a0b8,0.6038297005500102
ck_162513e73782929f,0.6492870238337747
ck_3e9e3bba8bd363af,0.1541047056426971
ck_88cd35378075c84f,0.013118761458545528
ck_20541686a94fb71c,0.7957425137502547
ck_fa80da579ea9afc0,0.42818292931350577
ck_7916e53daab36745,0.8725300468527195
ck_121db7ba3be29ee8,0.647952739865553
ck_01e5986ebb9a78f1,0.5612548380525565
ck_6c26c12071c91ff6,0.23740069260541863
ck_0e6e05c3cc8c8242,0.5166429007944591
ck_7738eb085e5753d6,0.2605214911387248
ck_2bf10be403849c9a,0.28559788144224896
ck_3e6f35e4500d2f2a,0.24721939295172135
ck_7a9f241d5f082567,0.1077918109594622
ck_247589ff532f7aa8,0.21265023426359747
ck_d1c787c27d50af49,0.7820839274801386
ck_49c98bebd1338879,0.07657364025259727
ck_9afc3bb849f3a64d,0.49141372988388676
ck_1d40e4fc541abe93,0.8921063353025056
ck_4fd9dc00e1913587,0.9787736809940925
ck_c19371047a2d011d,0.08092279486657161
ck_7d9f73dc7c4f90c3,0.8572010592788755
ck_8c84fcde93a04334,0.910531676512528
ck_e09c97520eb0533c,0.48397840700753714
ck_a1e13c0d58560340,0.03471175392136891
ck_cacc2ca410cbe80b,0.49909350173151357
ck_dad5cf32ab9f243f,0.23717661438174784
ck_b2cb9e6610eca967,0.3718476268079039
ck_1da2f69023ca4c13,0.06920961499287025
ck_25122cc0e8b1a662,0.8007842737828479
ck_dfee9de05e3971cf,0.17282542269301285
ck_ca54b32fca7e94cd,0.26866979018129966
ck_384ccecd342a24ad,0.12650234263597473
ck_6abf8302ce052451,0.8150234263597474
ck_6ffa90143838a4a2,0.1403951925035649
ck_34f9951b0eca1965,0.5306070482786719
ck_9385f5a1eeebefcd,0.6714605826033815
ck_3df8da6f60a89a5b,0.7301792625789367
ck_08ff5bd467226a5f,0.06830311672438379
ck_6eceeafd56b42576,0.86272153188022
ck_f744e208183971f8,0.09296190670197595
ck_7b45ed23304a854b,0.48146261967814225
ck_f88c79186a082beb,0.5993990629456101
ck_b78d785ca3ef773a,0.40498064778977394
ck_67207e3eecc02d76,0.6810653900998167
ck_7aa8bc018c2b003b,0.20994092483194132
ck_676fa5f6aae5475b,0.3054288042371155
ck_73c18e03e3c7612e,0.08428396822163373
ck_d91d9f8445b9769a,0.9274801385210838
ck_f6a4a7ed27fe76fc,0.7903442656345487
ck_8742114f4f0cb22c,0.8553473212466898
ck_5c82444b3b9160ae,0.5073232837645141
ck_2acb54ca20c3af6c,0.6446323080057038
ck_15b93103ccd38609,0.34444897127724583
ck_16541fc15683e21c,0.2313913220615196
ck_039e6d5a330cea1a,0.8584334895090651
ck_d8116c34302021d7,0.0723772662456712
ck_e03a9d8ac94161d5,0.2584029333876553
ck_eeb854318b3a6f0a,0.39129150539824814
ck_e9f228845bf6e28b,0.8546954573232838
ck_203c2a22c0c165ac,0.5693420248523121
ck_5b59e859bed5b40e,0.5184558973314322
ck_7b61717f172f9317,0.9786616418822571
ck_114722e12db90a73,0.3567936443267468
ck_ccc7916b56d42195,0.2505907516805867
ck_2dd147ce6d61749f,0.46115298431452434
ck_9ede51c8434cff6e,0.49573232837645137
ck_88a8b1d442ca3686,0.6522204114891017
ck_36d2be9012f7909e,0.786158077001426
ck_495d814d6d6d521e,0.1797616622530047
ck_6f5bb0c930644cae,0.9993175799551844
ck_79749eca42ff1f5f,0.4139234059889998
ck_cebb8aa8c8f62c60,0.26374006926054183
ck_349cc5edda1b8853,0.7394988796088816
ck_85df7b7de9700aba,0.08140150743532287
ck_e0983999ca26c19e,0.8416479934813608
ck_d879d645d6e44207,0.34309431656141776
ck_a6c02ae50932cd9d,0.1815135465471583
ck_50176dae5b1b716d,0.15727235689549807
ck_d6880578428b965e,0.9133530250560196
ck_f51fe59cd445d2cb,0.5399572214300264
ck_8440ef1386c07194,0.22200040741495217
ck_28cb9b03e89263f1,0.06048074964351191
ck_5ccc1a1c78cb33ee,0.8278569973518027
ck_e04166b0ce66393a,0.31237522917091054
ck_72ff52c4824072ce,0.6541963740069261
ck_11f85bc705dbe036,0.7255551028722755
ck_89f3e380b0686963,0.3492055408433489
ck_26df74feac7ec51d,0.6428804237115502
ck_a9812ff3c111ea94,0.6098798125891219
ck_bf6fb7e6470e95cb,0.04952128743124873
ck_cee4e4e1b62bf82f,0.5563658586270116
ck_7c560467daca735f,0.008148299042574862
ck_f72a5a3b0d6c1177,0.07029944998981462
ck_5fc90b4668ea81bf,0.623905072316154
ck_c2a5c54ad8d0d297,0.656101038908128
ck_7508aa554fae6afb,0.8753513953962111
ck_003aa842b7ca1d77,0.9495722143002647
ck_573feefba6bf78bb,0.7575168058667753
ck_83b2b192f41ee2bc,0.9021083723772662
ck_64796b6b2c3c7f06,0.6183845997148095
ck_5fd8924732fe403e,0.8837339580362599
ck_1d96d7fd65f208b2,0.6433183947850886
ck_9d00823bf60388d7,0.49051741698920354
ck_0ee6965e68efc177,0.5144836015481768
ck_337e98c69f6e7886,0.33716642900794463
ck_b8e8dba20676d87b,0.6389488694235077
ck_f8ac3a0500c0ec62,0.22536158077001428
ck_577c816b41cab002,0.9559278875534732
ck_05c97fc9de11aba6,0.9103992666530861
ck_c82364d87875a1a1,0.6641271134650643
ck_e43e53cc7b8b8e41,0.6252291709105724
ck_d07c5b0321c685ea,0.8646261967814219
ck_16077ac345472e6a,0.4662660419637401
ck_e07fd57565c94c28,0.8595946221226318
ck_a4d6e152b0076964,0.24257486249745366
ck_9929723f65636c7f,0.9892442452638013
ck_d90b1d03ae151f62,0.5369525361580769
ck_a553418f2fba1440,0.6607863108576084
ck_105b0c93573fd5b7,0.9632104298227745
ck_2a01e610348b84f8,0.6849867590140557
ck_df1585c7d72a96e0,0.18188022000407414
ck_df520a7a6e405889,0.7298431452434306
ck_2d9524787cfe1ab3,0.9171725402322266
ck_7f15b50b29dead01,0.6050621307801997
ck_fcb2a559474c3493,0.6659299246282339
ck_e5ca550b39ed45bf,0.9171827256060299
ck_d2ca47180a926ba2,0.37333469138317377
ck_0a93ed76bf36c8b6,0.5764106742717457
ck_406c4442dee45cd1,0.06837441434100631
ck_56de216eda6b7fa6,0.040272968017926264
ck_3d56b477fe2370b6,0.6878488490527602
ck_edfe8e90e8f4366e,0.19508046445304542
ck_2096d32f3d497ea1,0.8669179058871461
ck_c18245be844680f3,0.312629863515991
ck_0253b3e7be021306,0.13146261967814218
ck_fa5ba9ed9ed6a343,0.78727846811978
ck_c9c99e5b19aeced8,0.034508046445304544
ck_14b4bf7be6ac2b61,0.8144224893053575
ck_b7df99aecef385e6,0.8413628030148708
ck_17ab3068fa303682,0.12393562843756367
ck_592a3520d841d11b,0.3184457119576289
ck_094974d75e29fb2f,0.8164697494398044
ck_6cfa71d27fc27f92,0.27190873905072316
ck_f2ddae2eb1cb29b4,0.23678957017722552
ck_1757fcb0e6e3f88e,0.8682216337339581
ck_7afefa349b960a3e,0.4492666530861683
ck_487f7fbc290e4ae2,0.31295579547769403
ck_28dc0de0ae291f37,0.5963332654308413
ck_2c2f080ba185016e,0.6448767569769811
ck_f4a2bb10afa85743,0.21966795681401508
ck_9ad08fcc183ea1e7,0.07182725606029741
ck_d08e00c842b75176,0.42955795477694036
ck_a3be871ca22ac416,0.5053371358728865
ck_ab70961e7c6695b2,0.41649012018741094
ck_c6200734c7f9b2f9,0.9804542676716235
ck_d0f470f8078c91df,0.27937461804848235
ck_11c7a58e09e6547b,0.6397636993277653
ck_2e0eedaaf2980c2c,0.34290079445915667
ck_0e2bc3a5afa439d8,0.603962110409452
ck_c416357d20238a4e,0.38822570788347943
ck_f0c44ee5e3a42e3d,0.6794764717865146
ck_8342e08cc2f9bcb7,0.3675901405581585
ck_93c0cb3dac4891fe,0.44888979425544917
ck_5c5284c45d9ad8bf,0.7967508657567731
ck_3954b7b0fd1d6614,0.05606029741291506
ck_eb1ddfc353b4da83,0.34237115502138926
ck_ae668e4564cd2aa1,0.10704827867182724
ck_d89abbab3d4957aa,0.3361682623752292
ck_364f8203a3e98d36,0.9484823793033204
ck_004fe0daecbe2c1a,0.5503055612140966
ck_a31a64a39a2c4941,0.2718679975555103
ck_c49f25dfb39909cf,0.6435017315135466
ck_4ab74a6e7450416c,0.18767569769810552
ck_55f50a9ae2db8ff7,0.10693623955999185
ck_7a86ef4e2beaec38,0.08415155836219189
ck_f67ee7910d532216,0.4974536565491954
ck_21860dd2159dff28,0.1275718068853127
ck_63560eec94b76d2f,0.4903646363821553
ck_dd78cb6ae2866cc6,0.6495009166836423
ck_c1f4509c8f5dac5c,0.17754125076390306
ck_b921af37d500e139,0.5364738235893257
ck_e23e50e02cb3904d,0.7589223874516196
ck_80c4e9274cf976b6,0.9851802811163171
ck_4c352dd3e7c81269,0.7724383784884905
ck_1cb6dc67f9a321b5,0.8281829293135057
ck_497ed60723283c0b,0.4786820126298635
ck_db23a5100f338d72,0.36307801996333267
ck_57658eda1c59bc52,0.16276227337543286
ck_94410eedfca91304,0.61449378692198
ck_eee99af3598311b8,0.6327867182725606
ck_832341c98254bd84,0.5006518639234059
ck_094d10439b7b4eac,0.23179873701364845
ck_2493ee8e7b91d304,0.721246689753514
ck_254a7c97c36dab8d,0.7022102261152985
ck_f268416945316815,0.44762680790385007
ck_59e77e3a81f1fa0d,0.5709818700346303
ck_614ef655f0685060,0.8845487879405174
ck_04d2ea38ee27770f,0.11306783458952943
ck_b89c6fa2ad0a12f5,0.43852108372377263
ck_1805fcfc4a9e4ffa,0.963515991036871
ck_3f5ae4673a9f858e,0.385088612752088
ck_ba88a244d5f7380f,0.5614381747810145
ck_fc832b0c90c9bdb9,0.964544713790996
ck_7109923fd7dab20a,0.7509370543898961
ck_a97b481ade6f7972,0.5862090038704421
ck_f56200205280bddf,0.6517620696679568
ck_754f30ea19df857c,0.6467203096353638
ck_59fd11b3232de9dc,0.9734161743735995
ck_7519260415c2998e,0.626695864738236
ck_b7f5acf5df1bb13e,0.5009879812589122
ck_46656a23f4456d22,0.9471175392136892
ck_994316fa5a02b319,0.14679160725198614
ck_ccccb17d2ca6ce94,0.7980851497249949
ck_269f1746f2609ed4,0.21756976981055204
ck_3521243bdac61178,0.42929313505805666
ck_cf920313f6dd28fa,0.6166123446730496
ck_75d2a2715259c4d7,0.791749847219393
ck_616cc31910f5de50,0.317844774903239
ck_31e70f2f04b48b88,0.01917905887146058
ck_76ee10d6e2dba70f,0.803768588307191
ck_05b2b04e11d9ae9c,0.48851089834996947
ck_8089fe7403c5f537,0.47674679160725203
ck_3209c530c9812e39,0.2432572825422693
ck_fbf7351958ad9615,0.40299449989814623
ck_0adcb1fffcb0a34b,0.6854552862090039
ck_8f6ca5d3b17eac6e,0.07591159095538805
ck_77a40c7d2f862a32,0.6739356284375637
ck_73de0b49709e5f8c,0.1114585455286209
ck_e3982142336782df,0.7424220818904054
ck_c6a7bbd0adc4d5f3,0.7412813200244449
ck_fb04ecbaebb774bd,0.35751680586677537
ck_de7259c3741db179,0.5170808718679976
ck_b6f2a2fd232c141b,0.5075066204929721
ck_91fa5032f7aff0f1,0.9004481564473414
ck_c5f8ab515840a0fe,0.42581992259115914
ck_b0f8f5408662337b,0.2393562843756366
ck_eb4f4267e24d042c,0.24183133020981873
ck_8cd1b68dd74b1375,0.8868303116724384
ck_3398551e81dbf3db,0.7745467508657569
ck_9a881d5433126ada,0.22236708087186802
ck_9fd0be2c018ff5e4,0.40696679568140154
ck_364cde38958b7af3,0.9043593399877775
ck_8c95aeec6a4c75b0,0.18331635771032798
ck_2595669e421299f6,0.7905174169892034
ck_1402d24dd623df72,0.19364432674679158
ck_5c2d43ff841632f9,0.32900794459156646
ck_791d5392bbd80447,0.36415766958647383
ck_f6e9d14dfb6f3c28,0.7531167243837849
ck_18df83242ff3cdbb,0.8608372377266247
ck_c363d3b050baf3b8,0.5917294764717865
ck_f8540cf3a8b2f8c9,0.5391525768995722
ck_dbc487cb0a6c18da,0.9706050112039111
ck_98831b57c7ca2e4f,0.03701364840089631
ck_a6c7b8d6e8596d4f,0.6151965777144022
ck_13f2560c6a1ec62f,0.5006111224281932
ck_6c48c58678f64bae,0.027907924220818905
ck_e0346d5081e640e8,0.7419535546954574
ck_0c9e420f97baaa06,0.9548380525565288
ck_da06d97db0b18851,0.09360358525157872
ck_6e4f31bd108571f0,0.049480545936035854
ck_120e995d50956bee,0.7420044815644735
ck_cbe525da0b69f18a,0.6393359136280301
ck_b62f3e3185251f71,0.04883886738643308
ck_1747fcc466f0ae38,0.05984925646771236
ck_c6afa913168ce8fa,0.3528926461601141
ck_e12a9f7d027e3387,0.22321246689753518
ck_ddf787359d2b5deb,0.02062538195151762
ck_e1140be6157bacbe,0.09812589122020779
ck_47d3e8d1dd3fbcef,0.5474129150539825
ck_f90293f1eba5d7b6,0.8165716031778366
ck_2f6e64f638da0f97,0.10034630270930944
ck_25dd0b02af5b2f37,0.6607150132409859
ck_a2637e4872cf4811,0.9236504379710735
ck_2ae44938847f3852,0.43960073334691385
ck_8347455ab53ff620,0.1554899164799348
ck_7aa2deeda0e57412,0.9949989814626198
ck_f9c4f8b4ce2691f0,0.5591464656752902
ck_e5f7b99ba6ec5767,0.5483907109390915
ck_59371c9140239fd7,0.5245161947443472
ck_3380d60067b4634b,0.1907822367080872
ck_27466468d06db4eb,0.7644123039315542
ck_16d2d27fadeeacf7,0.3402220411489102
ck_0d5c0736ec76385a,0.028997759217763295
ck_8053f1879a9b4e43,0.14069056834385824
ck_ecf9794349eb4b3b,0.6905988999796292
ck_913ecdeeb8e21a9c,0.5921368914239152
ck_687eab3ffe1f8cfa,0.5451823181910777
ck_e4459115cd8e5e4f,0.33133020981870037
ck_1964ee9db929a173,0.9709614992870238
ck_77fdac602d0c6f95,0.7577816255856591
ck_1a28b6a40a6bd3b4,0.7162660419637401
ck_bf285dd49f372de4,0.5806070482786718
ck_eb6baff0f85ba936,0.6112446526787534
ck_a9bf75bea912027b,0.726889386840497
ck_bb4aec09d4968dda,0.890578529232023
ck_48011996d54855ac,0.9256365858627011
ck_a1b4c96faed3e0db,0.640588714605826
ck_8cb20053914692d0,0.821389284986759
ck_5f52728d777ff2c5,0.43558769606844566
ck_d66f42a269d5c1ed,0.7567223467101243
ck_244b897bb4d57c1f,0.3577306987166428
ck_4eadbe7298b15e96,0.36026685679364434
ck_179039559ff7566c,0.5485842330413526
ck_a60fe02fc04407a9,0.7901201874108781
ck_baa47383ffd50f04,0.30028519046649016
ck_3b1766a1d51f8f0e,0.9087390507231615
ck_abc54ed7111e9ed1,0.04294153595436953
ck_2a46b7ca55239413,0.3798024037482176
ck_4ef9de711c3d93b1,0.5423507842737829
ck_ff822700f3605e06,0.9971277245874925
ck_783fe5bc20cd02db,0.6646261967814219
ck_ac9d3d9754104cf0,0.10402322265227132
ck_9800c21dfbd8e811,0.14187207170503158
ck_454b9e21b7f25a4c,0.04224893053575066
ck_17946516d5df71d7,0.3799551843552658
ck_b7e7f7d0cd886412,0.8884396007333469
ck_9eb5b3f5f672c2b1,0.11321042982277449
ck_089e3a07abbe3b8f,0.24680179262578938
ck_6a28ea6ce69cb869,0.8364330820941129
ck_3be854e42e76569a,0.24044611937258098
ck_d3e2c26b8adff099,0.6574149521287431
ck_47de038381a9cd65,0.5907414952128742
ck_e26a6659c237b650,0.6234059889997963
ck_7cf301d075e4e709,0.3639234059889998
ck_c56a44fe315c0389,0.38841922998574047
ck_0e70516fa07cfb17,0.9687105316765126
ck_d38f941d09eec820,0.7655530657975148
ck_d6a290ff8362c7b9,0.8732837645141578
ck_cda72f597330d0f3,0.20966591973925444
ck_7c4f12d70f184533,0.06280301487064575
ck_bccbf9fef367f00f,0.6258504787125687
ck_710f867a3bd5898c,0.1624363414137299
ck_be05447853d423a9,0.03467101242615604
ck_0414507baeea936a,0.355683438582196
ck_60796eb60fc3043e,0.29012018741087797
ck_d0b32e039abb8200,0.1886942350784274
ck_9060f4e7ab7a1b0c,0.3811977999592585
ck_1e0841ed17fe0562,0.5463536361784478
ck_d523f0e50a2747ad,0.2078223670808719
ck_e322da8b213eab52,0.2414952128743125
ck_54b0b070689c50d6,0.03532287634956203
ck_e7dce27edb700f27,0.44627215318802205
ck_79e45040dbdd6447,0.7105011203911185
ck_259eb102342057ea,0.2561214096557344
ck_cd92852d7376a4a8,0.06788551639845182
ck_a705c61bd679496f,0.25272968017926256
ck_4bfeb78b47b7c6a1,0.8032491342432267
ck_f7112818a6d81422,0.8125585658993685
ck_c2504f5a113433ee,0.22196985129354246
ck_9915ceedf63a5289,0.8599511102057446
ck_bccff46fb0868454,0.8909859441841514
ck_db8733fd92f20cd7,0.603452841719291
ck_8f3ccbd20d59f1f4,0.22748013852108373
ck_f77dfe6512eae322,0.5431452434304339
ck_957fb25437c75e41,0.7914544713790996
ck_46225858a38b2e57,0.30853534324709714
ck_f637fabf0f60528f,0.42443471175392133
ck_e6a6caf6e7de17c2,0.2038806274190263
ck_f7bc569b37e8bdda,0.4164290079445916
ck_e739eaaa7a1822f2,0.7356589936850683
ck_8409716d174635b6,0.3080668160521491
ck_04e40f556a5062ef,0.38056630678345893
ck_fa3b1e85d27af2ee,0.7340497046241596
ck_703b375dd86a6124,0.5750865756773273
ck_63ce4f44c92d7143,0.820920757791811
ck_0d641d32658d6e0f,0.1764310450193522
ck_6a2c4edd82e10969,0.04354247300875942
ck_4c5ff58afe3d7a67,0.11628641271134652
ck_6b114f2a48152b96,0.0953962110409452
ck_e842fb0cf055a83b,0.8544611937258098
ck_53d17ab97de1ac3e,0.2698105520472601
ck_8bb9e75393954a1f,0.12276431045019351
ck_07cb2b6f2a4303e1,0.7164697494398043
ck_31631e2028d4f855,0.5127317172540232
ck_4bca22b5926b9c28,0.2160521491138725
ck_1631bab0ba1256db,0.4878284783051538
ck_41d91dc9f5063566,0.619199429619067
ck_cd78f0832a09bd8f,0.9366877164391934
ck_d5194f2e92fd6427,0.5172234671012426
ck_e25f70d0b7229420,0.5201466693827664
ck_1496568ddc3b2d56,0.6474740272968018
ck_53a6a33060d5c8b8,0.29167854960277045
ck_1dbf1f15193197db,0.7419433693216543
ck_5c85d93ecfed4b0e,0.41833367284579337
ck_2b359a979520276e,0.2230698716642901
ck_1c93cc58f314bf71,0.7508352006518639
ck_9341c7959543c542,0.06459564066001224
ck_1da9d40837ebaa57,0.7300672234671013
ck_265accb3c5c32620,0.7541658178855165
ck_ec4e597f17f473c6,0.1642085964554899
ck_612089ec90c37219,0.4221430026481972
ck_c6bf67470f526771,0.6315746587899776
ck_6eda4c36aecad602,0.18745161947443473
ck_e62eb708d2688fae,0.4666429007944591
ck_e21a900556b382ad,0.5952536158077001
ck_fa3a766e49dc77ae,0.29309431656141777
ck_18a55b06ccccd88b,0.6682318191077612
ck_6ba091eb42ffa9fb,0.8395599918517009
ck_7b8cb0f90fbdc8c6,0.16957628844978612
ck_228a583f23abff48,0.4172642085964555
ck_a3ce05e9e5e32142,0.4056834385821959
ck_fb4797045077bc6d,0.09071093909146467
ck_5fdafeaec036f016,0.444917498472194
ck_e9e8cacd2fa35e79,0.5372580973721736
ck_ff182f033134dbb8,0.6071603177836625
ck_0cbd3b27063d4415,0.8349969443878591
ck_81709736281fa3eb,0.05748624974536566
ck_b0a0fb0ee9ebf106,0.38847015685475655
ck_2faf7ecccc9fec58,0.04644530454267671
ck_d251e9fa09e542dd,0.9972397636993278
ck_32f590e87bc3d715,0.008087186799755551
ck_20de8abfd8960ee3,0.6246078631085761
ck_a60e6edc48e3d0ac,0.9347830515379913
ck_905e460591d9a278,0.803585251578733
ck_2ca83dbd728af019,0.3723263393766551
ck_7061786fe2f22f5a,0.6887859034426564
ck_821446adc95e6da5,0.3953249134243227
ck_b1182471d9ac6b26,0.0253310246486046
ck_59d380a0973b3951,0.5125381951517621
ck_f7fbc95ebf584379,0.357924220818904
ck_8e9faf94e3e6c757,0.02824404155632512
ck_d9ba2a6c0d926b4d,0.17390507231615404
ck_4d3aa36ff83f1132,0.9458545528620899
ck_db906debc36a5d1e,0.7593603585251578
ck_329a73dbd585ee09,0.373762477082909
ck_f6aea576cde8d592,0.01619474434711754
ck_c40ffefe4e30b001,0.8303014870645753
ck_501dcf1ead036d2b,0.2722244856386229
ck_8247b79ac67aae7d,0.6408127928294969
ck_e48d14d5b70ef5aa,0.5347830515379914
ck_f3ab5dd853d38252,0.7835913628030149
ck_1a0aac7f7b94b1be,0.889009981666327
ck_d4c8f0d957c3965d,0.6662965980851497
ck_9e3896c2668ce06b,0.757038093298024
ck_227602ad072b838b,0.02726624567121613
ck_9aa899a5230b0963,0.6004074149521288
ck_344b2e326a6c3dcc,0.20185373803218581
ck_baf43bf1bd963f9f,0.7780607048278672
ck_e6c584b4b1ad6d9d,0.3718170706864942
ck_ab9f0e08af030060,0.46992259115909557
ck_5ad798286384484e,0.4346302709309432
ck_ae7780327e210522,0.4602770421674475
ck_185f15b1523bbcf4,0.18546547158280707
ck_bf378ea558a4125f,0.9361784477490322
ck_1325000bc7f35b5e,0.09467304950091668
ck_98e1992ac8e7d2de,0.7687003463027093
ck_71fd8c346fde5cca,0.8451619474434713
ck_47a884dec960ff2d,0.4463943776736607
ck_2dcbb71e39d64305,0.5911081686697901
ck_d546994fc5d3e9d1,0.39502953758402937
ck_c2c7d1e45a521857,0.736952536158077
ck_d72035cb29db3aa4,0.703350987981259
ck_a0498755cd8d7188,0.13439600733346915
ck_a9aa389688ee5aea,0.4574149521287431
ck_ff24776280ceeeed,0.4044815644734161
ck_124432fd5c92af7e,0.9519963332654306
ck_b27a9e39726b26d9,0.044000814829904256
ck_c4a72c09f2fdacc4,0.482664493786922
ck_bf47375e41ca3bc0,0.19343043389692402
ck_4c518637db2322d5,0.8531880220004076
ck_9e7278fc7679f002,0.7006722346710124
ck_b9facd2210daca5c,0.8145956406600123
ck_1c607e24f2c4397a,0.7556834385821959
ck_b1e81b58b9a545ce,0.8335302505601955
ck_9d5049e195eda029,0.3264717865145651
ck_29076a13f539187a,0.9198105520472601
ck_00013fdfa0bd37dd,0.32232633937665517
ck_b6675a04df1a4276,0.1793949887960888
ck_52427b3f8478db19,0.6482583010796495
ck_3b810f15ca0eaa55,0.2585557139947036
ck_0f6d916c92189516,0.6193012833570992
ck_b3dd1198ac5aea73,0.583550621307802
ck_9776cd8263a9f415,0.3151965777144022
ck_7d51c86e0eec72ac,0.3949480545936036
ck_bc2e771a1d8d2dee,0.8060195559177021
ck_c10e54c9db29e6ef,0.992635974740273
ck_7184ad7709ae4c80,0.5503666734569159
ck_e55f5ca37f30ce8c,0.5261152984314524
ck_fcfe06e44d09a344,0.5063658586270116
ck_ab3426435b0017d6,0.709737217355877
ck_c383aeabd53e9c89,0.5793236911794664
ck_71bc01291e0533a0,0.4346506416785496
ck_8220da627e9992a5,0.13688123854145445
ck_91d417507a8c58cb,0.8999796292523936
ck_79d6793d1d0cf43c,0.04265634548787941
ck_8d84d771a21942a7,0.07052352821348544
ck_b046a42684468e63,0.4928294968425341
ck_1058129ed7b48c59,0.45150743532287635
ck_962e65ab33b5c311,0.9665512324302303
ck_3ded7a8720d7e311,0.322275412507639
ck_9da82e567074da9d,0.6816663271542066
ck_7b1319a5ca2f63c6,0.9867691994296192
ck_2cfb9a7775e8a5bc,0.9809635363617845
ck_6846100e43659bf3,0.10278060704827865
ck_c72a7d0d03cf3e17,0.837146058260338
ck_fb00aae4e17740c5,0.29788144224893054
ck_2770b0400a7bef08,0.8308311265023425
ck_b36086ae6d87eec1,0.26582807089020166
ck_ea2a83ccb8d57490,0.13588307190873905
ck_4be03a2aa62b93c7,0.02564677123650438
ck_2786cbc3e75ec034,0.8955184355265837
ck_ae1da8ee98e402a4,0.6288959054797311
ck_b5e54e22e3d6960a,0.26960684457119577
ck_3d139692c51b604a,0.8034732124668977
ck_718a8390b3d42d7d,0.29268690160928906
ck_62081bc35aa59931,0.39373599511102053
ck_7c7266f6ef2a8466,0.7106335302505601
ck_885cf685a9541190,0.9621817070686495
ck_2857a4ce9f72fbfa,0.0837135872886535
ck_0ffdff7b2f5fdfe4,0.49241189651660217
ck_01a750db6fc1168a,0.8904155632511713
ck_7eb4f33260f1dcd4,0.4922896720309636
ck_260ef2f3e6434819,0.7684762680790385
ck_544a9e80b7fdc279,0.1819107761254838
ck_97d4bd922996fa10,0.5835811774292117
ck_795c49f312640019,0.006009370543898961
ck_0f8cb09d3f4fc980,0.7656345487879405
ck_69eb0b2ccfbe5f95,0.4104196374006926
ck_44950df09ff14ded,0.08130983907109393
ck_70d19d5650ddc8f5,0.3173151354654715
ck_da39653add0f1109,0.06536972906905683
ck_b7431d4706461ec6,0.29490731309839074
ck_2f6a639468f41043,0.21287431248726832
ck_5a29b7018e43280c,0.05120187410877979
ck_18bc51bbf3ef198e,0.6405072316154004
ck_5486768475af7bb5,0.9699124057852925
ck_edc9668282e3c8cb,0.5729985740476675
ck_b64c87d5e3b10e6a,0.9595844367488287
ck_bb399ed6bf28c230,0.7492259115909554
ck_7ea52b6f27edcb73,0.7178753310246486
ck_0789a05e061b2784,0.9201059278875534
ck_29ea329fa40ace62,0.4981666327154207
ck_0034d010d28aea78,0.44978610715013245
ck_b52b99dad89ecdfb,0.4393053575066205
ck_e7b583acaa3171a2,0.7889488694235078
ck_d2d4282f9d256b3e,0.2556325117131799
ck_130d3848b9dcdb05,0.361509472397637
ck_4fe4b072f03f2c1e,0.09362395599918516
ck_16801e628e883d78,0.3651252800977796
ck_610c7bcc1cd7ecb0,0.43066816052149115
ck_34d6d74bb3ed11e5,0.10278060704827868
ck_e87897767c612942,0.5153595436952537
ck_d902183f80cc81fa,0.6741291505398247
ck_df69858b8a8b3165,0.402933387655327
ck_90489c405e6886d8,0.13962110409452028
ck_84d07028b5fca2f6,0.6159604807496436
ck_d96c893721385e4e,0.04804440822978204
ck_f65ab819373edb37,0.5513852108372378
ck_21cac21fc10b7768,0.4195355469545733
ck_a0255ab46e122d2f,0.07847830515379914
ck_084322dc5a3a86f0,0.4957832552454675
ck_786448fe3004cbd0,0.233876553269505
ck_e155cf506b2fb699,0.13752291709105724
ck_5984be472d2bc267,0.9114789162762273
ck_dc3d8b5c17b67ae9,0.1265940110002037
ck_5ab68b434ad53fea,0.3407414952128743
ck_2bd73d9098504760,0.849164799348136
ck_d21b38231a8a9f4a,0.886718272560603
ck_1dfa91405d7e66bc,0.1881136687716439
ck_ecdd01a391610d99,0.1880016296598085
ck_f928dba0d587d7c1,0.10388062741902629
ck_d87e26eb5bc84b01,0.1387553473212467
ck_d66d59981307db93,0.649898146261968
ck_07f1734be7fac56a,0.6508046445304542
ck_a9b0c4dbd7db6a91,0.46099001833367287
ck_1587763dd54688c9,0.15337135872886537
ck_dd30558576b45e7b,0.49859441841515584
ck_4cedf26628c84f26,0.7886127520880016
ck_a2d709e7eb91e4af,0.756976981055205
ck_3c48e0cfc2a58041,0.9363108576084742
ck_b8fd61a8e82bce32,0.9864636382155225
ck_7a1519ad5ff45312,0.07210226115298432
ck_9dc23031b6b494af,0.5529639437767366
ck_9ae904fbef56065c,0.17131798737013648
ck_958acf84c6137a22,0.6646669382766348
ck_fe6e168cdbb46b9a,0.8650947239763699
ck_962c3bbf27cd4b80,0.7871155021389283
ck_df1a6edaa3e6b271,0.20816866979018134
ck_df0a8f20ab8f14f4,0.6798533306172336
ck_b0a947b498e47018,0.6557241800774088
ck_b616b6f45225f319,0.8458036259930739
ck_ba3a6be026c87079,0.5179568140150743
ck_bc7710f7e9fae649,0.15269912405785294
ck_c5eefc0697451de9,0.7523528213485435
ck_e69195a3c885053d,0.07283560806681605
ck_52e37e2170532e2a,0.9287431248726828
ck_826a27ff7555192e,0.42535139539621103
ck_08c6cc1e143475e3,0.172275412507639
ck_923d6a0f83accef1,0.37950702790792423
ck_09a988ebcf062297,0.5563556732532084
ck_17de46314b5c6a92,0.6153595436952537
ck_6176baea8cbebbb6,0.25080464453045426
ck_e74716a525ee5b24,0.06168262375229171
ck_8fea7d915259f1be,0.22152169484620088
ck_ddc11fc481eef58d,0.5777042167447545
ck_4feb21e2fb0b3977,0.3683642289672031
ck_03d3026107175dae,0.6960175188429416
ck_6ad56ef40086dbe4,0.3613363210429823
ck_e81fc223bed3c46a,0.7466795681401508
ck_862c7953bdea48b0,0.4273171725402322
ck_c0dde2a6ef1e08c5,0.09173966184558974
ck_660f0006780e87e7,0.337421063353025
ck_69887d0a9aaca6df,0.035414544713791
ck_a95f212a02433d23,0.2299246282338562
ck_ce1e695884511479,0.6116826237522918
ck_ebc5a2c6cf88e252,0.6691281320024445
ck_2122e9bb1afffef7,0.4346302709309432
ck_38730aace405f2ae,0.9951721328172745
ck_5691cd6fdb6d8147,0.5376960684457119
ck_7dadef33f5e2d94f,0.9891220207781626
ck_278b36c5932d9bff,0.19967406803829701
ck_6a892dd5d05c1649,0.2981564473416175
ck_4a733aeb833406f4,0.49405174169892035
ck_953bd5de48ccd70f,0.9486555306579751
ck_3db59982cbae4410,0.7948156447341618
ck_b8d210e741be186e,0.1941332246893461
ck_7d6bff85e7a694bc,0.1605113057649216
ck_be86a1db08dea456,0.6047871256875127
ck_f761b7650a0c1a85,0.5206661234467305
ck_de8494b13adeffb5,0.19882868201262988
ck_f854fba8f4adae3d,0.8002037074760644
ck_b98e9c3ec6e7d1e7,0.305591770217967
ck_ccb72a33cc1877b7,0.5880423711550214
ck_76997a33c3ea5107,0.029629252393562844
ck_d00e09e66ed6458b,0.8846811977999594
ck_2bd96ddb8c323d63,0.9942350784273782
ck_f792586ad0381eac,0.6571603177836626
ck_1eeeee651e05d535,0.6595946221226319
ck_fdf0c5b722d83464,0.19061927072723572
ck_a823f5bcb0e4b9df,0.014218781829293136
ck_28f530aec8e77130,0.7295070279079242
ck_80b04344c98ec072,0.5473619881849663
ck_97e56e6037024dff,0.16859849256467713
ck_7c38ec898f0fc21d,0.13555713994703605
ck_205c3405045bd835,0.2972906905683438
ck_b456f62b80e21557,0.013638215522509677
ck_1d6990d94a4d2ad6,0.5228050519454064
ck_a574a08edaf81781,0.289559991851701
ck_c8f2a1dd8a6141a4,0.11096964758606641
ck_51440f64f7250ad7,0.8246282338561824
ck_fa7de64d37287615,0.6882664493786922
ck_d07bfb16a4a7dac0,0.9720207781625586
ck_0d362ddb4a1cb6d4,0.42970055001018537
ck_292f81186358b0fa,0.29888979425544915
ck_d6e7e257751c299b,0.09524343043389692
ck_1b5b75762f033462,0.5002546343450804
ck_152671fbf8a9a78e,0.7993888775718068
ck_c0cf50eef030b401,0.09255449174984723
ck_c1466b52c0a10b93,0.6129252393562844
ck_d208494cf5c90047,0.7985740476675495
ck_7fa947a0b1c1cf74,0.676655123243023
ck_6cdac067cc4db5c5,0.7548482379303321
ck_e3894ed88a7977e4,0.06315950295375838
ck_53f55c6e8cf2d432,0.1480749643511917
ck_a2c3e82fab520483,0.4733245060093706
ck_519a26ecf3d29c90,0.19382766347524955
ck_1a415416f620d49d,0.17393562843756366
ck_c24b47184534cc2c,0.9939600733346915
ck_b2b63ea65edf1dde,0.7848237930332043
ck_482dea6eed92cbbc,0.40925850478712567
ck_7297bff2b7fdcbc8,0.027877368099409248
ck_9a21d183524734aa,0.7822265227133836
ck_95945f48453ca532,0.7876451415766959
ck_6fc37dea4b4f35c6,0.9091464656752903
ck_afaf374009d3b248,0.36073538398859234
ck_10de0b0d86b17839,0.3015787329394989
ck_142c00f9f8557504,0.6713485434915462
ck_c0133f60d39b2fb5,0.5387655326950499
ck_864a11202e19e812,0.8695253615807701
ck_3f943f20a9da9bff,0.42119576288449784
ck_7346e4f820d9c00a,0.9685170095742515
ck_9790138467a06223,0.07298838867386433
ck_35b1939c48182a9a,0.46407618659604805
ck_11f362dca2dfaf5a,0.6406396414748421
ck_ae0a7be6b0a0ea68,0.46254838052556535
ck_0af5b7d128035b35,0.3870442045223059
ck_8d8226520722af78,0.7209003870442046
ck_de58ef6f9fe2b546,0.3771847626807904
ck_0274d881d6db82c8,0.3550213892849868
ck_c88fc1bac79fa6d3,0.8135771032796905
ck_826ee896c9f1144d,0.8975453249134243
ck_3b436cb29af99f3d,0.5337339580362599
ck_6f8102f62c876cc9,0.49787125687512734
ck_20fad010969f1abf,0.12564677123650436
ck_23aab322810b9fec,0.3189142391525769
ck_4e329e29dfa743ea,0.8903646363821551
ck_2a7eba01ceba6c2c,0.8132308005703811
ck_9eb1da8cd35a50ce,0.41949480545936046
ck_da1a2450219dcf19,0.6704522305968629
ck_3716c6181a5035bc,0.4258199225911591
ck_51fe0b613c076cbe,0.27985333061723366
ck_8584fea2df4c6317,0.6325320839274802
ck_ea623358f704daa7,0.8594418415155836
ck_ca491debd3b32a59,0.6437359951110206
ck_18c3a095606209e8,0.5207985333061724
ck_71db4131d7efe218,0.21848645345284173
ck_a76e8d83b9141364,0.6640456304746384
ck_5d5ef9e75f65d076,0.7070075371766145
ck_683af7b1540a0b22,0.7702587084946018
ck_e8d37262e859d9a1,0.5194438785903442
ck_de5bb7a4d091386d,0.894540639641475
ck_970c7dc195161272,0.11081686697901814
ck_80a64a7f0275a71d,0.2762171521694846
ck_04bd8a1ffaf3ffd8,0.07428193114687309
ck_77e0589ab339ca66,0.250325931961703
ck_7baf1e55db0dc558,0.6342432267264209
ck_f05f5e4b40afa52f,0.8296699938887757
ck_dddd14091ce812c2,0.4350275005092687
ck_12c46bc52bf45b36,0.6522204114891017
ck_740d8fe8028b5a2e,0.38323487471990225
ck_cf78169633a1600f,0.11551232430230189
ck_1a3fd2cc4b4de196,0.26145854552862086
ck_f4fe78e249092ab1,0.6199633326543085
ck_966901ea9c77cc02,0.3796801792625789
ck_f9fc468915afe49c,0.6959156651049094
ck_af3f74b1d75a5d95,0.5796598085149725
ck_af70aa32c009c3c9,0.5552556528824608
ck_da645ea91d66aa6f,0.912395599918517
ck_e15e3390f5ed45f3,0.5421165206763088
ck_5f87eb05d18186c0,0.3411489101650031
ck_a61a879dd46fc9f2,0.46302709309431656
ck_024dcab126876002,0.5977592177632919
ck_819b482bca14c068,0.9352515787329395
ck_15220e78d1545e40,0.5587797922183745
ck_2ca0020038bfec58,0.8979629252393562
ck_fb00dd5021642507,0.5243532287634957
ck_2737a72de6b700f3,0.8556936239559992
ck_263334d722ecbc97,0.9413322468934608
ck_ba1f6dd43fc8a0b1,0.26883275616215113
ck_5a22cb36d612236e,0.20846404563047463
ck_d86ccf148c06c8c8,0.7964860460378896
ck_60b023af6d1e30bf,0.9555815848441639
ck_1c8b94efe9238f5b,0.12914035445100835
ck_0284dc2b4f856b3a,0.9284171929109799
ck_72e550559487b919,0.3064473416174374
ck_7e73e1d44ce82ed9,0.5118455897331432
ck_f8dc8473c2772729,0.8587390507231616
ck_4596624a7c01d501,0.5253208392748013
ck_04e89fbd739243fa,0.058616826237522915
ck_6149ffaf18872dc8,0.07232633937665513
ck_e0171f91cb3411fe,0.5335200651863924
ck_1ecd5516c92caa4f,0.11660215929924629
ck_21e3b3bd998745e5,0.758535343247097
ck_05ed92a7c3e10e5d,0.6699837034019148
ck_d6fb9cc5171e3e9b,0.9461295579547769
ck_f0cf85b67a9b840f,0.5303320431859849
ck_c58bafff7b1955cc,0.6952841719291099
ck_06280e6d6d2485b0,0.30452230596862906
ck_99d3983f907828bf,0.2351089834996945
ck_05ea4440dac6cfad,0.5029028315339173
ck_5eec9ed855c26000,0.11167243837848849
ck_5ab39bdc9610f6f3,0.946873090242412
ck_c35d444e05799db6,0.734294153595437
ck_87cce4126e215153,0.5328885720105927
ck_713649668a7ca824,0.5915868812385415
ck_0b0c93039f987abc,0.46632715420655946
ck_6d07d6d1bd227d37,0.872132817274394
ck_e00e82a9419ff086,0.7634039519250357
ck_eaf3b6d11bc3cb11,0.1879914442860053
ck_2bb7c17168a9d17d,0.42139947036056224
ck_416f7ac57da081a3,0.5256875127317172
ck_b60de9e97aad9e45,0.9592585047871256
ck_7973edc9f22ee7b6,0.7254838052556529
ck_8452b6cf97c65a5e,0.3591362803014871
ck_6fb39b60c67d5475,0.09686290486860866
ck_785fa45e86bc5e95,0.3649419433693216
ck_3eba1fd2c7acc4c0,0.9170808718679975
ck_c10c8bcf5bcd516e,0.7973721735587695
ck_2825e34dd3e7ea2a,0.2553778773680994
ck_67f3794d93e2dd67,0.8402322265227135
ck_9cbd9ecf8374f65f,0.2893868404970462
ck_32246c62640648d9,0.07009574251375027
ck_f301f6758e170d66,0.6352006518639234
ck_885a83975cea5e64,0.23644326746791605
ck_0d2901bfe585c391,0.8485944184151557
ck_52453401f88935da,0.6083214503972296
ck_f9d481aa4f9b2808,0.936209003870442
ck_18c179b4afc4fccc,0.5737828478305155
ck_a477654d34783e06,0.11612344673049502
ck_7310cda3bc65a73f,0.3206966795681402
ck_c20e89afe575549b,0.16335302505601956
ck_668ec61c4c39cae3,0.061173355062130785
ck_fc2cb29918631f10,0.877632919128132
ck_15ce50f2704227be,0.5084946017518843
ck_0c533ff2d0f9962a,0.5359339987777552
ck_5881b174e49b04ee,0.08628030148706457
ck_371bd9388b287677,0.03611733550621308
ck_91a16336ce3217dc,0.7285903442656345
ck_a760d38d1bc4de97,0.1264310450193522
ck_a9dded7f6294e44f,0.69408229782033
ck_c8a03c516ed5b05c,0.802790792422082
ck_25bfca1d8eaa152d,0.5887044204522306
ck_191673540d8486af,0.6116724383784884
ck_82eed68d05a42128,0.6884294153595437
ck_24b0803447211bf3,0.45490935017315137
ck_023908db0a193076,0.8683845997148095
ck_aca35dbcb835ad02,0.6233346913831738
ck_248b3659a9239240,0.7884599714809534
ck_a51abde881ebeff3,0.6350682420044815
ck_db9b9d5d30f74070,0.8284681197799959
ck_8b3401b44aaae728,0.2006009370543899
ck_0841a5c24fd3dd28,0.6193522102261153
ck_541b6ad5d2fa5a39,0.42162354858423307
ck_16c7bf94ed3e7a6f,0.06669382766347524
ck_c82897ebffb6ae66,0.3511713179873701
ck_b4a6bb4689cd7cfa,0.4937359951110206
ck_7c4f42c5397113b0,0.3453554695457324
ck_73f124f075ede0fc,0.6309126094927684
ck_7584e7bd755cb28a,0.4248115705846404
ck_9f792e7e721ff7f1,0.20271949480545934
ck_c735b643d3cbf67b,0.32561621511509475
ck_58bb02d98e2b9cd5,0.7275106946424934
ck_0d65bc749eb42710,0.6167040130372783
ck_6c33cb15b0d8af54,0.4639539621104094
ck_c7f6f45710bc050f,0.2884701568547566
ck_aefa0d8d933e0eca,0.7662354858423304
ck_c1ee56d65a42f59f,0.5746689753513954
ck_66147fb994495396,0.9288755347321246
ck_06e73afdec26aecc,0.8815848441637808
ck_9fb8e3d38cdf276d,0.9639030352413934
ck_ff3998d6858daa21,0.0572927276431045
ck_7f188aaa63d1d442,0.4314422489305358
ck_c7d444d90fa86d7c,0.9457934406192708
ck_d68d42858a55adff,0.6249134243226726
ck_fa7d5be26bf7b31c,0.9028722754125076
ck_352657008983fd4b,0.7778773680994092
ck_7476e7fe1ff45545,0.6061214096557344
ck_41406cfa209b6bda,0.20058056630678345
ck_475ebccca25e30d1,0.58550621307802
ck_49ccc3716a564256,0.21146873090242416
ck_04470bc93b8a0d71,0.5421165206763088
ck_084cd84501012218,0.961183540435934
ck_684609767df4a14b,0.7506620492972093
ck_3e4d02a04be2aaf8,0.4429720920757792
ck_f01af1b0c977cc06,0.30285190466490114
ck_027614eeba8b1a4b,0.32733754328783865
ck_0f743bd13373748e,0.5513750254634345
ck_399b0d510be98bd2,0.5497759217763292
ck_ca4465f2b5c1a52e,0.9884192299857405
ck_2a59f23fc5194699,0.7952638011815032
ck_243c18dbf150831c,0.20211855775106943
ck_88d9244a9cf7a77e,0.943338765532695
ck_1ba28fb7ef726ce2,0.4092788755347322
ck_786f079389126e44,0.6325931961702995
ck_4f01f7eac0efaba5,0.3778569973518028
ck_47d29c01b20cf69f,0.6074047667549399
ck_07a5610ed28162fb,0.43589325728254225
ck_57b8226610b48854,0.4467304950091668
ck_c6fff412f531db0f,0.03229782033000611
ck_bac6dadf428eaea9,0.6453147280505195
ck_e37196b20968b73c,0.5691383173762478
ck_12631b78f8a03df2,0.1097066612344673
ck_2c6b174b063ec637,0.4236096964758606
ck_af559f990c640e41,0.2899062945610104
ck_e7a3881c3e36bd51,0.8894479527398657
ck_5839f5cbd8165b1e,0.5454980647789773
ck_67858bc00e81490d,0.017416989203503767
ck_4737e0d56c6fa0a1,0.7731717254023223
ck_93e0d6befb67f7a1,0.7124261560399268
ck_2e315f1b1e533dab,0.20867793848034225
ck_af32a0660090dd68,0.5324404155632512
ck_ede2e887697ffac0,0.07645141576695866
ck_f48acb73a5d6af07,0.629313505805663
ck_756d2c13d02b3e09,0.6245773069871664
ck_96fb9bf556842bbc,0.4482073742106336
ck_916784595f028226,0.7793848034222856
ck_20c99b645f462449,0.29972499490731314
ck_9863bff41d24ce9b,0.15105927887553472
ck_5009a6c8bbaf15ba,0.7774903238948869
ck_a821980ac4db9943,0.9295783255245468
ck_e6de67c0d82a7b83,0.7892442452638011
ck_752dd3d2487f78ea,0.33429415359543696
ck_9652283c9f61fcec,0.07119576288449787
ck_ff8059ae5fa5f1ee,0.0594825830107965
ck_fc4a43f8876bf10f,0.9197290690568343
ck_a9aa5c344c315532,0.5856793644326748
ck_8e2b2251ee224aa4,0.4065593807292728
ck_3a47e3f54475e854,0.25144632308005704
ck_51bd5f69b4fe0b92,0.9542065593807293
ck_d52432ed597f3cc9,0.22511713179873702
ck_04fb61e5739642f8,0.9175392136891424
ck_fc3d95030b81f416,0.015797514768792015
ck_1906f0dfaf6e9bad,0.936626604196374
ck_66cfc1ebc9a513c8,0.2473008759421471
ck_1411a80a157ff39c,0.4997555510287228
ck_9b436162039a77d0,0.6688531269097576
ck_b9485218cef413f0,0.09148502750050928
ck_b62f5144db15ad34,0.7591159095538806
ck_5dcd443fe0bbdeac,0.12483194133224688
ck_b7dd681eb3d2ee38,0.13035241393359137
ck_bd21164bd2bbb635,0.7689346099001835
ck_e6222925762273b8,0.8700651863923405
ck_bfecad7586f65e4d,0.5896414748421267
ck_aa9953c0ca2bed7b,0.006742717457730699
ck_bea56db7f3e930e8,0.2964351191688735
ck_e40a156511345d6a,0.09359339987777551
ck_03f6664a96de7d0f,0.606335302505602
ck_1a319e509f1efa1a,0.09232022815237319
ck_7a52674e2806d8f5,0.8009676105113058
ck_ec4dd3675a8d28cc,0.49331839478508865
ck_dce1fb3acd65562f,0.13713587288653492
ck_abb9d65ff1f95b64,0.6541047056426971
ck_aaa9861c91bd14dd,0.2889794255449175
ck_2cbc2f93a32eede8,0.7324811570584642
ck_f2d3e3d90608596d,0.9193216541047058
ck_127273af97d7827d,0.2252189855367692
ck_a6def1e4b2d57e0d,0.6364228967203097
ck_96247fee0eb44420,0.1430739458138114
ck_5517b9a865960542,0.21873090242411897
ck_37176850ed68831e,0.3792320228152373
ck_ae416325fef92c9d,0.9792218374414341
ck_f285e5e1912a7c62,0.09042574862497454
ck_368b65fca69fc415,0.7361784477490324
ck_9a36916b60178ded,0.9603381544102669
ck_4a0eae220a762ac5,0.7314116928091261
ck_e9b0bca7368555ef,0.1790486860867794
ck_da1c853b0a061e83,0.44316561417804035
ck_58412a2674fea506,0.7580668160521491
ck_9ab42875a0f95b43,0.7879710735383989
ck_affa5aa0bff9bb0c,0.43796088816459566
ck_d27a73596b6500c2,0.5604196374006927
ck_2d963f9b2c4d11e1,0.7547769403137095
ck_dc16f939c2f44ad8,0.8305764921572621
ck_97c38e7f61c27e47,0.49484620085557146
ck_861d8e3d88f1079e,0.7447137909961297
ck_819988d8a7f26415,0.21416785496027704
ck_5e021f2a3b66e256,0.6258708494601752
ck_0428728df24cdab4,0.3164290079445916
ck_780738e0d71e7e43,0.3472092075779181
ck_5fed957287ebca03,0.09617029944998982
ck_bc19c383560c7477,0.3907618659604808
ck_b1befe967f7a5ebf,0.7797107353839885
ck_73a54b56a2bf35fe,0.9600631493175801
ck_60bf8a2870956fb1,0.5062232633937666
ck_6a0ccd7357979f0f,0.8631493175799552
ck_6b255bf68709109a,0.2845386025667142
ck_2cb3c99845e572da,0.25597881442248926
ck_c9e1e3229baae708,0.5750662049297209
ck_1a4bb7d3d2ee3227,0.5776023630067224
ck_c7e07ebfb0bc15f6,0.8019454063964149
ck_4bb90a61c21a303b,0.4911794662864127
ck_3ade9eac7d7b0dbf,0.8656752902831535
ck_8171ef803f5ff604,0.5567936443267467
ck_4859a58629622915,0.6888368303116723
ck_20124c3a16c53ce4,0.476094927683846
ck_dd3feb77d7d4f6d3,0.27676716235485843
ck_ed0c4a83701ca230,0.5187512731717254
ck_982ebb24174a4ade,0.30672234671012427
ck_deb3ac0606d6f6db,0.5293338765532696
ck_e666629e5a41b39b,0.3157567732735791
ck_1a9d6190c57ea7e2,0.9446832348747198
ck_527550dd15f38782,0.7348339784070077
ck_480347ad92037105,0.5274292116520676
ck_00b9818e2064405e,0.8101853738032185
ck_b53281da70defcfa,0.7253310246486047
ck_3f090fc96c24eb28,0.20917702179669995
ck_3d9afd862b3f4053,0.9289672030963536
ck_9bf3ce30b65f75c7,0.7922998574047668
ck_2d5a6b6636a2596b,0.15612140965573437
ck_9a4967cdf49265cd,0.8779995925850479
ck_69691226c68fd50b,0.9118048482379305
ck_1b1efbd9c0964c8d,0.7154715828070889
ck_78bc3f1d0f35ea6c,0.5058769606844571
ck_d288b77d1e227970,0.7805866775310654
ck_017208fcc01b5d40,0.4504176003259319
ck_8b3b874249adece9,0.5951008352006519
ck_49ab879b5aa7fccd,0.8380423711550214
ck_b3ce8f1bcedfa043,0.3891525768995723
ck_7e3923d278a5106e,0.38530250560195556
ck_e05e91cc180063d4,0.880708902016704
ck_ba666a425930615a,0.06421878182929312
ck_a8382d8345f21e1e,0.23195151762069668
ck_3dee83fa2d109484,0.09078223670808719
ck_2d177b2f4f0b40c9,0.9101140761865961
ck_40140bef4db73741,0.440772051334284
ck_22c862a496008c96,0.9967203096353636
ck_aa42976a31cb7770,0.26649012018741086
ck_782b0be796164335,0.2411794662864127
ck_5f864d72d1eead99,0.8628233856182521
ck_0ada6fed1864e7c4,0.5280097779588511
ck_7878545739af0a73,0.05906498268486453
ck_ab973888c20c9120,0.8865654919535547
ck_1ae460f331e49ae2,0.35744550825015275
ck_509c22828d467ba3,0.7483397840700754
ck_24dae044dc05f849,0.729445915665105
ck_2b8f33e22f939372,0.9562130780199634
ck_6a01c375fc26705a,0.13472193929517215
ck_ae96d35465b3b4bd,0.40308616826237526
ck_512ebe97c0af94dd,0.907262171521695
ck_5af9934a56801ac0,0.3222143002648198
ck_fc7445ec76389a58,0.9325524546750865
ck_b8266dcd90cbfa62,0.2234671012426156
ck_884b2e463ff1d54f,0.2545426767162355
ck_95aff1fe27fb24bb,0.60265838256264
ck_7bc752ae7cf5d55f,0.3786412711346506
ck_57b3fee69bdf85e8,0.13622937461804852
ck_ef0d702d7b0ed745,0.09708698309227949
ck_212380e0371d8a6d,0.5298533306172336
ck_2b90b76cf4d162f9,0.5308616826237523
ck_87771861e0447210,0.846363821552251
ck_21fe7bc59dcd78fb,0.1435424730087594
ck_fc0cc4b25e6a8194,0.3132613566917906
ck_e7a530e09d113dd7,0.85177225504176
ck_3f94a34f5038f7c1,0.9658382562640049
ck_124565a11b2f8bb8,0.21603177836626608
ck_38ba4a6b6a292054,0.7915461397433287
ck_6a4981bc721df37a,0.6741393359136281
ck_4672167d7c989bbf,0.8392544306376044
ck_817926b449754917,0.5276736606233449
ck_54c2604c9ca6256b,0.7536667345691587
ck_0302f67d75973dce,0.46002240782236714
ck_9a6a1f8102febfca,0.7872886534935832
ck_7f1c20319eb60aa6,0.9951721328172745
ck_a86cd653472eccbc,0.5012935424730087
ck_02028b72f26fe855,0.5329802403748218
ck_4108b4038f762817,0.949297209207578
ck_63356762d24aab81,0.6399266653086167
ck_5e3bc76eddbdb0a6,0.09462212263190059
ck_7f3685aa2933b251,0.845436952536158
ck_3b92a46daf8d00d2,0.548044408229782
ck_f1d8a2695a575e56,0.38787940517416986
ck_0324a4812ec319c6,0.40787329394988797
ck_5c36c78b7a4d138c,0.7080362599307394
ck_9b6282e3bad50710,0.7146160114076187
ck_7373d7b04c7799bd,0.6218781829293135
ck_0b0e79d33e50cba5,0.16328172743939706
ck_f3c16d8f747db046,0.8218272560602975
ck_839ce35819bfa4fc,0.058117742921165214
ck_275386782b1606f8,0.19551843552658382
ck_4e9fba1ec54c3ff8,0.5499592585047871
ck_4b041217690fca2f,0.545335098798126
ck_a59e90219939a1f0,0.23929517213281726
ck_a9c2cdc758df8510,0.7918211448360155
ck_720cd658d11ea428,0.7822265227133836
ck_fdeaa1cd085691f0,0.6794764717865147
ck_2bb1389e5e72c8f4,0.6670706864941943
ck_5de33a7a87e9aa62,0.6526380118150337
ck_f7a07283345a0dce,0.35591770217967
ck_c375e929becde422,0.4387553473212466
ck_c84ef83489badbfd,0.6373599511102058
ck_cc3318839c4b0745,0.21094927683846
ck_279a1d3a3836e5cc,0.31037889590547973
ck_7977135c2ff61e92,0.5236911794662864
ck_6a1ff9d69466181c,0.9995009166836423
ck_e1ff9e31becc27ae,0.8572316154002853
ck_a13fee8cd925d0dc,0.4683438582195967
ck_b170a7db522a0d6f,0.4525565288246079
ck_8d38747058d0aeea,0.9490323894886942
ck_18116d0ac08f1996,0.9752902831533917
ck_2210f7a0d13bdbef,0.6531269097575881
ck_1af547077ba2dd03,0.8723263393766552
ck_516163fcf04d5e77,0.5951925035648808
ck_8b39d8aacfdd72b4,0.558158484416378
ck_d39b0152116203be,0.5595538806274191
ck_ed33f8a937f9c7c8,0.49420452230596856
ck_ea1e5b5128ecba2c,0.16166225300468526
ck_8247f008a14bd1a2,0.11253819515176207
ck_3d6046a533057795,0.41905683438582203
ck_0bf2e13b9f2601ac,0.7739865553065798
ck_f4de03f44e3a5bd5,0.3038297005500102
ck_3ba3fa5387bacee8,0.00994092483194133
ck_8f604fa70fc3c8e3,0.21097983295986963
ck_64f3bb17101b7c42,0.4282440415563251
ck_a4e6fc391b674335,0.9645650845386027
ck_79b6a86830156b5a,0.7367793848034223
ck_d74123617f22a21e,0.16607251986147892
ck_9dbe184e81c1ca8d,0.8539009981666328
ck_de2924955926d046,0.6235282134854349
ck_e556c4d36aadbe03,0.15363617844774902
ck_e37cee7b123692af,0.7139743328580159
ck_c50fed2a7c9198c0,0.39393970258708494
ck_5647030283171ed5,0.9555612140965571
ck_d4972a775aadbbc8,0.4308922387451619
ck_ce5ed372b1a2ed6b,0.6730596862904868
ck_3eb6146c262e0fc3,0.08830719087390508
ck_53816231f3ffb48d,0.27986351599103687
ck_afb23858a4ef42ed,0.9884192299857405
ck_3882423b449f6291,0.9802913016907719
ck_79b235d51718435d,0.4591464656752903
ck_298278a9da874437,0.39302301894479524
ck_32f632706608859e,0.5883886738643308
ck_3638bc3388dbc1bc,0.862629863515991
ck_ac7cdb9b8da7b5dd,0.5137298838867387
ck_7d025dea5951cba7,0.25713994703605625
ck_f06d00a4f9c87d80,0.13758402933387656
ck_d9c2622cb6df380b,0.4470767977184762
ck_d4ec44760cbe03f4,0.4896720309635364
ck_c1d05ef0ec6e4be7,0.4341006314931758
ck_5abe57dfff4b735c,0.4322672642085964
ck_53cddfba570b4a3b,0.46539009981666324
ck_7c500e219af39486,0.23953962110409455
ck_3bece63711407e25,0.5932980240374822
ck_8ff1e6028e764472,0.9516602159299246
ck_8c346eeefa9ce692,0.3383581177429212
ck_d840db8cfe2ef6f1,0.10403340802607455
ck_cc6d33890d47a6cf,0.6781523731920961
ck_2ab28149b0986642,0.652515787329395
ck_4ad5937bef176d89,0.22283560806681607
ck_645f15bbbcff3b4f,0.990303524139336
ck_aba32acb61c1aaca,0.7622224485638622
ck_26de14b96bdad4f6,0.21386229374618052
ck_ab80466ef615e85c,0.12994499898146264
ck_ba93cb604f792915,0.7020778162558566
ck_3830c58d841e9e69,0.9520065186392339
ck_1d5d74169cf892ef,0.7531880220004075
ck_eb2323215ff70362,0.7175697698105521
ck_6775e387dace7525,0.6375432878386637
ck_0ea30eff5f361cba,0.19441841515583624
ck_cc5a35175d381d5a,0.41795681401507434
ck_e14681aad43e1a72,0.6156651049093502
ck_3222ea25aa29bfa6,0.08303116724383786
ck_f6c42001b84a10cb,0.7836321042982278
ck_3753cc5b9d02e2fd,0.2342635974740273
ck_eaf6f7082c3db2bf,0.8140863719698512
ck_a9ffd6b3957bd41e,0.09919535546954575
ck_558a82590f65df69,0.12230596862904869
ck_7ec423cb56257516,0.6455286209003871
ck_b3867f7f494db64c,0.049042574862497454
ck_3c9a06eb07c300e4,0.21482990425748624
ck_d960af7a55b892b1,0.4395701772255042
ck_3d83e0a3c1cfbf8b,0.4446526787533103
ck_34ed59bc2c9b0186,0.24828885720105928
ck_4136b00924695ab4,0.001395396211040945
ck_c802cf8f61466027,0.11807903850071297
ck_de436e7b319be1fa,0.9956814015074353
ck_91081be0254878a5,0.49122020778162556
ck_ec2eee6a133e9a6f,0.8301283357099206
ck_81429c4910ca46cd,0.2032185781218171
ck_80ad4396e1084c68,0.76034833978407
ck_11667f5b9fac7bc7,0.06472805051945407
ck_7367917891a63771,0.7563047463841922
ck_f908b527c4db422d,0.650183336728458
ck_2329cc9702cdf7a0,0.7463332654308413
ck_6573c4947cc8607e,0.6170706864941944
ck_ebcb93a2990fc914,0.8742004481564474
ck_7a1782cefe26a456,0.7114381747810146
ck_ee3e7c9d3a9c74b4,0.8485027500509268
ck_720776a46e56dfa8,0.6319005907516807
ck_bc8f31f4a2ffa1ae,0.23395803625993072
ck_0cd8802264e0a1ef,0.5858932572825423
ck_c0d2c56f9c722e99,0.9817987370136485
ck_8c949bdc6e8720fa,0.8805561214096557
ck_0ada63008be5685a,0.5561112242819312
ck_a3f821bdf408c326,0.24179058871460585
ck_de13de941bebc7cf,0.11763088205337136
ck_fc8cd8a8209e802d,0.5187410877979222
ck_181f3dae03b87136,0.6820533713587288
ck_ecaa6f13304e3dc5,0.07677734772866164
ck_e06f6fed020ae014,0.3828172743939703
ck_2c041b1efb1c5063,0.29069056834385826
ck_8abd1a50a9227463,0.593236911794663
ck_8ef1d05cc1e53e7e,0.7194235078427379
ck_4637e54a9f79e2e7,0.0749949073130984
ck_e8bc49e6494c1f37,0.07382358932572826
ck_11f9390a11ce9ff5,0.7745161947443472
ck_15b4840922195ffd,0.42729680179262575
ck_6bcfa37c717f19f1,0.5501120391118354
ck_efb24be983342f75,0.521338358117743
ck_5b137d74bba6b1b4,0.040833163577103274
ck_295c0072eca7f7a2,0.3116724383784885
ck_4af7b97c24d89a45,0.6755652882460786
ck_fa0ecbcf9a33d6ce,0.12541250763903036
ck_da84a0dfe947fd3c,0.22134854349154615
ck_3e3c64b3b7876ce6,0.7608270523528213
ck_da2729307af06ed5,0.4805561214096557
ck_74d0e7c2c6b63d36,0.9726217152169485
ck_c478aae3031bb328,0.23225707883479324
ck_cf301f2194975866,0.6072723568954981
ck_086d29ccae565e5d,0.2119067019759625
ck_34a33ffe8339f66d,0.9749134243226727
ck_e57c79eaab35ded7,0.2649012018741088
ck_4940e78cbdcfecf3,0.5415461397433285
ck_578f67e69e5d2cfd,0.14002851904664904
ck_c767fc454fa215d0,0.31187614585455287
ck_5d644224135d7c65,0.5732226522713384
ck_e78ab4ff52b5fd2d,0.34494805459360356
ck_51efdd240e34c642,0.7849562028926463
ck_c39c6a1453e2b92c,0.052159299246282334
ck_b080ff636932d1f1,0.022774495823996734
ck_5c8390017fabfaef,0.5448156447341618
ck_61176dafb33b2d8a,0.9430332043185985
ck_fc6fed6ea96a004a,0.3420655938072928
ck_3e2516a3e35067e0,0.2708392748013852
ck_17a95bba77217d85,0.6062028926461602
ck_1ffbce3a239bb264,0.3072723568954981
ck_7f960541e5174565,0.15653900998166634
ck_9b1c3742dd6fcb8b,0.6332348747199023
ck_d5458ba39ae94498,0.6221633733958036
ck_0a921a73a90c2e39,0.7189040537787736
ck_293581d879f6663b,0.9436545121205948
ck_03e904682dc73bba,0.5248013852108373
ck_4f490e379e9ded9a,0.19892035037685885
ck_9b9ce7bebc235fe8,0.13977388470156854
ck_a4a42d4bff8af645,0.2075168058667753
ck_b046067c6ca3831e,0.21718272560602972
ck_bc7ece8787ca7200,0.24381747810144633
ck_2c5bc11bb7ae5d2c,0.9795172132817274
ck_b74b9ba6d7c9aab7,0.8549806477897739
ck_91d48d69e4f5d9c2,0.37557547361988186
ck_1a71f8081ae00190,0.9751986147891628
ck_38ba64efa7c38250,0.712762273375433
ck_1a6ddfeef82b1b1a,0.4006314931757996
ck_c4402ea6291df271,0.518079038500713
ck_478d2667aa9896d9,0.6426257893664697
ck_c9490cb61aff5112,0.6698818496638826
ck_88f27ab479063852,0.7937156243634143
ck_b7793edca26fc512,0.4356691790588714
ck_f88028c3f306bc70,0.5993583214503971
ck_e8a6acea22b20312,0.9038398859238134
ck_c8b7f241810b45e5,0.06738643308209412
ck_2408db62e4395ccd,0.6413016907720512
ck_bcdbf57d98dc0d27,0.7328682012629864
ck_b3225a98acd04f83,0.31132613566917905
ck_35694db37f0cde7a,0.028569973518028115
ck_87d55ca333f22072,0.07711346506416786
ck_ccc917533d4b73d4,0.598095335098798
ck_0c5ba86f4e05b38d,0.6791097983295986
ck_8740a14d8096c6e1,0.47526991240578526
ck_17ab24fe914ae44b,0.08957017722550416
ck_3b963d6be2773861,0.22848849052760237
ck_c183dff3781746cb,0.8122122631900591
ck_7336611650dcc088,0.10869830922794868
ck_c817259019588d30,0.6328172743939702
ck_d39864119cdd460f,0.25620289264616014
ck_463ae759e2b6ad1d,0.48487471990222036
ck_e560f720a988d8a2,0.9625891220207783
ck_72dd0dbdf808cb00,0.5819413322468935
ck_32bb42f9bff197f8,0.41794662864127113
ck_70bef9ddd4bab005,0.17130780199633328
ck_4b15b0746318cf42,0.8741189651660216
ck_39a68c55a1bd3ace,0.9110816866979017
ck_4c76efcc1ee6762d,0.5066408637196985
ck_79f5198f0decef20,0.1479119983703402
ck_f655399ac75c4450,0.5925748624974537
ck_24b53090faf722cf,0.28668771643919333
ck_11cb98211b2ed134,0.9732939498879609
ck_3534be0f4efd313c,0.8939906294561011
ck_28d2003c2d16e4b6,0.04360358525157872
ck_d3796aebda1cfed5,0.9666021592992463
ck_a3a0bd59729fe619,0.306895498064779
ck_8ddaf745bbb9cd62,0.04379710735383989
ck_fa24db9d416ab904,0.30226115298431455
ck_493b6256091014cd,0.691525768995722
ck_57a6b56b09bff24e,0.2676410674271746
ck_a2245822cfea997d,0.1667956814015074
ck_92f6ebc11ebca89b,0.8305357506620492
ck_fbf630c960194033,0.410389081279283
ck_1c17c65804f8889e,0.3036972906905683
ck_00ff7389d6a83e29,0.6338052556528826
ck_bdd8eba728800e29,0.7986147891627624
ck_0525349f3945375b,0.7790385007129762
ck_d1b0699d26282871,0.6866979018129965
ck_a678731156ad7bd2,0.9082501527806071
ck_011551a596544f5d,0.11906701975962518
ck_0bfe62e0c7eab9c9,0.7250356488083114
ck_e5ee006ecd8ff661,0.7682521898553676
ck_e2374c7136c964fd,0.7856691790588715
ck_af528d66c86f0cb8,0.5428498675901405
ck_5448c946cc4758fe,0.4397127724587492
ck_37d3e5c681a2214d,0.9090242411896517
ck_fca478361870a4ca,0.45336117335506204
ck_fb44d15fb93a7157,0.6821959665919739
ck_0e8f26536ccc8947,0.7711040945202688
ck_6768c4b2aa8ce586,0.45457323283764506
ck_6a548da1728b5823,0.9877062538195153
ck_0e7bf10ef49aa818,0.8072010592788756
ck_f2c824d3473db24c,0.5623243023018945
ck_d9ffca35188e49d8,0.6549500916683642
ck_3db73bbe03c3d240,0.0738439600733347
ck_899f88464305824a,0.5824200448156448
ck_148c28df51bba5e9,0.9706151965777143
ck_7955a359b6448799,0.12579955184355265
ck_8c748aaa4a4554f9,0.6437665512324303
ck_fba15647b3a140d9,0.3042269301283358
ck_c2fc0ac460786d02,0.8703401914850275
ck_e42206e91f6a1752,0.1261560399266653
ck_8c136dc691e65695,0.01051130576492157
ck_8c0955dad13c3ca1,0.18789977592177637
ck_6d4cd2de601a2308,0.48381544102668567
ck_76ea90ebc74bcdc7,0.4936443267467916
ck_734f06bd4aa92781,0.6171725402322266
ck_41af3729590c2484,0.42370136484008963
ck_e63256667aa19070,0.7775616215115095
ck_1b2ce474fa6582b4,0.649857404766755
ck_c8131ddc7ed33448,0.2823996740680383
ck_33ecff7914349ebc,0.5573538398859238
ck_36287d063350ce9d,0.24608881645956407
ck_956dd784525f5886,0.7573436545121206
ck_ba7b78d31d74c794,0.597718476268079
ck_5bea0e0ee0b094cd,0.22152169484620088
ck_d6a4faadab58a3de,0.24306376044000816
ck_bdb966f43ac350ee,0.6519148502750052
ck_3fa559c679751b3a,0.5872580973721736
ck_7ef019ed77276496,0.17297820330006114
ck_0e6046fc30f81705,0.5613872479119983
ck_53aca610e20598bc,0.4558769606844571
ck_5275be4e1577c1c7,0.1810450193522102
ck_43948784650bb9ac,0.41659197392544306
ck_5c87eea1cc07cc92,0.755214911387248
ck_5f445182829ef342,0.7336524750458342
ck_cc81dbc83a8879fd,0.40470564269708703
ck_68ef3e7301c621b7,0.5449073130983907
ck_e988c108754cee9c,0.4612955795477694
ck_3327a0582407068b,0.7124974536565492
ck_e1d563fab4d6116a,0.33369321654104706
ck_588f6e6a6a6d93e8,0.49150539824811573
ck_723b4afc388113c8,0.21516602159299247
ck_240f7f894c5a86e7,0.3348441637808108
ck_ab553954435e8854,0.9684558973314321
ck_78cd402a2a4f2e35,0.14428600529639438
ck_09054e97bdf9624e,0.054400081482990435
ck_303b33910d67f306,0.08738032185781218
ck_74e9747954a46eaa,0.6166123446730495
ck_b56c62c950eda009,0.14431656141780402
ck_58f757e40a9b8877,0.655082501527806
ck_45a16ce12893cf9b,0.35680382970055
ck_3272c2c4a37d5220,0.944265634548788
ck_9cb89cc3178e0172,0.47605418618863315
ck_c5d62b2b7a6f3bac,0.9856589936850682
ck_0dd417fcbf19e424,0.5574353228763496
ck_5379452a9d74efae,0.15982888572010592
ck_344a95cb7115ec67,0.27121613363210434
ck_6f9fd15ac6b163de,0.15887146058260337
ck_173e1198c341087b,0.23931554288042373
ck_9994323f97109f4b,0.9882155225096761
ck_05f375fc8ae0afb0,0.3887044204522306
ck_d328db1e1052d820,0.5617335506213078
ck_70396398e4a96449,0.3509268690160929
ck_61b067de8ffc1ca1,0.5316052149113872
ck_87809324c2675b0a,0.5959665919739255
ck_27cdf9c5e6f0915b,0.5665206763088205
ck_5b8fc4a76f340797,0.6993583214503972
ck_a44462a3853ac67e,0.990772051334284
ck_466a7316eaf149b1,0.6667549399062946
ck_d35c51e981b98c5c,0.4145650845386025
ck_99c0004d8b7079f8,0.25461397433285804
ck_8a8f81bf3558fd9c,0.20735383988592382
ck_b4dcebc543deaafb,0.8382664493786922
ck_7158ad9e58769ffa,0.8654308413118762
ck_3c02d4dbbf6716b6,0.47970055001018536
ck_41ef7967faf5ce82,0.1374312487268283
ck_a7c1dabf3869772f,0.8139437767366062
ck_77d9f86dcf251739,0.34138317376247707
ck_02903c48b6cfd65d,0.2456406600122224
ck_b45e47c39d4dc7bf,0.5210429822774496
ck_e55e5bdfc0242aef,0.7051639845182318
ck_ae20e28f9854f3ee,0.530382970055001
ck_9e65a8a2f587691a,0.46104094520268896
ck_dceabbe04d99afc2,0.04006926054186189
ck_837be8126bb19250,0.15641678549602772
ck_c05737ab74cf03c6,0.7520268893868405
ck_2cdf5fd97ba75e06,0.8721939295172134
ck_97b8e05d62abdc14,0.47580973721735587
ck_7df9910af2bba21b,0.3130372784681198
ck_850e2b59bc535490,0.7246587899775921
ck_978c21bb5fe3171e,0.7639539621104094
ck_d654449f9231ad76,0.3398146261967815
ck_e136e20c1c74fe38,0.3632104298227745
ck_2fe6cac002142f67,0.6531574658789978
ck_8432ccec1a4ec7fd,0.9944897127724588
ck_95e4bef65c36af1a,0.07673660623344876
ck_a725d7aed2a0bdc2,0.06908739050723162
ck_9b9d9e579e7b55b2,0.8444184151558363
ck_ea4332c8fe48e2a3,0.4646363821552251
ck_9937dad93a0ed3c1,0.14872682827459768
ck_3dc4d464386f0eb2,0.8939804440822978
ck_e0e90b196bef3c11,0.12957832552454676
ck_2139062d4569aa07,0.18367284579344062
ck_8de38f8c7f91961f,0.7500101853738032
ck_bdbb4230c91e1604,0.579771847626808
ck_f7305b3c64cf8a03,0.7828070890201672
ck_454a7e4d859a3409,0.024556936239559988
ck_00d6730134a1eb51,0.2964758606640864
ck_dd89a282375bbab6,0.869474434711754
ck_be2251640f27a3c9,0.8877266245671216
