cookie_id,cookie_created_at,window_start_ts,window_end_ts,target
ck_54a059eb7d3ea68b,2025-11-21 09:30:41,2026-04-06,2026-04-07,0
ck_7e4de46eeab82974,2025-09-23 10:10:24,2026-04-06,2026-04-07,0
ck_9320229ef6304522,2026-03-04 00:08:02,2026-04-06,2026-04-07,0
ck_30ccd25bc1714ed9,2026-04-05 10:52:40,2026-04-06,2026-04-07,0
ck_a77c5f05948cdeef,2026-01-01 03:54:35,2026-04-06,2026-04-07,0
ck_ea6f843af2292fec,2026-02-28 17:39:05,2026-04-06,2026-04-07,0
ck_e38634dc2f188574,2025-11-02 16:17:05,2026-04-06,2026-04-07,0
ck_ad7f01440bb250d1,2026-04-05 15:53:42,2026-04-06,2026-04-07,0
ck_a7a58d28a4482bdc,2025-08-05 13:31:50,2026-04-06,2026-04-07,0
ck_e00e1e6c2a2ab4ac,2026-01-19 06:46:34,2026-04-06,2026-04-07,1
ck_443cc8bd57c7a4ca,2026-02-20 00:18:00,2026-04-06,2026-04-07,0
ck_3c4b9b2cebab9c92,2025-12-19 18:43:37,2026-04-06,2026-04-07,0
ck_b39259e62b556a17,2026-04-05 08:07:01,2026-04-06,2026-04-07,0
ck_46b2a4f75114c6a9,2025-12-27 09:39:30,2026-04-06,2026-04-07,0
ck_86bb8d44fd720965,2025-09-03 11:08:58,2026-04-06,2026-04-07,1
ck_be4d455644772b4e,2025-07-31 18:26:11,2026-04-06,2026-04-07,0
ck_34637064ed85b7ab,2026-03-30 10:49:24,2026-04-06,2026-04-07,0
ck_4b1cef75ecc48e2b,2026-04-05 13:58:36,2026-04-06,2026-04-07,0
ck_8763034404efcfe8,2025-11-04 08:40:07,2026-04-06,2026-04-07,0
ck_6a026f2e1e6bb2f3,2025-11-22 16:25:19,2026-04-06,2026-04-07,0
ck_43729f582301bb19,2026-04-04 01:49:37,2026-04-06,2026-04-07,1
ck_904e92d092e703e7,2026-04-04 18:28:21,2026-04-06,2026-04-07,0
ck_c0adce7e6cfedbcb,2026-02-20 22:00:01,2026-04-06,2026-04-07,0
ck_a05cdbbabf68cfc0,2026-03-25 21:21:20,2026-04-06,2026-04-07,0
ck_d069f57a5d733547,2026-01-20 18:31:56,2026-04-06,2026-04-07,1
ck_45d7dc4d450aead5,2026-03-01 20:33:34,2026-04-06,2026-04-07,0
ck_b0231b5d987a0948,2026-03-17 12:35:17,2026-04-06,2026-04-07,0
ck_07fd7a73be9fde03,2026-01-08 03:05:49,2026-04-06,2026-04-07,0
ck_cbb988870c3a5da2,2025-10-05 02:07:42,2026-04-06,2026-04-07,0
ck_c84c4bc6e146c5ee,2026-02-04 04:28:06,2026-04-06,2026-04-07,0
ck_d89e9ea6502e5ea5,2026-01-27 11:25:42,2026-04-06,2026-04-07,0
ck_d1c990b29cc6b088,2026-04-04 00:15:26,2026-04-06,2026-04-07,0
ck_ce4a4243613e70e6,2026-01-31 12:00:08,2026-04-06,2026-04-07,0
ck_64db7c332256d82b,2025-08-24 16:35:41,2026-04-06,2026-04-07,0
ck_abdcd3c166589f45,2026-02-26 06:03:38,2026-04-06,2026-04-07,0
ck_91bec20f99df0158,2026-02-28 01:19:11,2026-04-06,2026-04-07,0
ck_57c202ad602dfe6d,2026-01-10 00:46:25,2026-04-06,2026-04-07,0
ck_89a32f4f1f41726d,2025-12-24 03:03:13,2026-04-06,2026-04-07,0
ck_a3bc0f2d525e5c25,2026-02-23 07:10:03,2026-04-06,2026-04-07,0
ck_b548490ce630d875,2025-10-23 12:01:06,2026-04-06,2026-04-07,0
ck_5b4c0b3453683d84,2025-12-20 09:49:02,2026-04-06,2026-04-07,0
ck_d4f04c86259101b9,2026-02-28 11:14:08,2026-04-06,2026-04-07,0
ck_1a1dd2f8eee064d5,2026-02-12 15:51:17,2026-04-06,2026-04-07,0
ck_b779a7866589ace6,2025-12-14 13:16:07,2026-04-06,2026-04-07,0
ck_70642c916017d547,2025-10-23 16:58:45,2026-04-06,2026-04-07,0
ck_93e8df38cfb880da,2026-04-04 23:48:47,2026-04-06,2026-04-07,1
ck_838938f902d1d41a,2026-02-14 07:36:48,2026-04-06,2026-04-07,0
ck_32db9c51a34843a5,2026-01-17 10:13:53,2026-04-06,2026-04-07,0
ck_36fe631648c0c749,2025-06-15 19:54:59,2026-04-06,2026-04-07,0
ck_06b3a40f0482df42,2026-02-17 00:57:46,2026-04-06,2026-04-07,0
ck_935a2871b0b39fd9,2026-03-07 01:53:29,2026-04-06,2026-04-07,0
ck_c8c2b518278da3b5,2026-04-05 19:59:33,2026-04-06,2026-04-07,1
ck_a312c8f2f2aa9de6,2025-10-23 23:44:40,2026-04-06,2026-04-07,0
ck_2d2f1d926d8acba5,2026-01-15 07:38:21,2026-04-06,2026-04-07,0
ck_3331a6a61b247763,2025-12-29 21:36:26,2026-04-06,2026-04-07,1
ck_5a3fdf16e39a1b01,2026-04-05 14:15:43,2026-04-06,2026-04-07,0
ck_411e436f74d08243,2025-12-01 21:31:09,2026-04-06,2026-04-07,1
ck_8a9a569567bfb94a,2026-04-04 06:55:46,2026-04-06,2026-04-07,1
ck_5a831d4458145645,2025-06-06 23:57:00,2026-04-06,2026-04-07,0
ck_5065c4be0c014449,2026-04-04 23:16:05,2026-04-06,2026-04-07,0
ck_31e111fd0518dd63,2025-12-23 22:07:31,2026-04-06,2026-04-07,0
ck_b30daf05accae5d4,2026-04-04 23:54:29,2026-04-06,2026-04-07,0
ck_2456a0b218b0fd57,2025-10-20 12:56:47,2026-04-06,2026-04-07,0
ck_116bb6827a58f54e,2026-03-01 02:01:58,2026-04-06,2026-04-07,0
ck_ee4f7d0455914cda,2026-02-23 23:55:33,2026-04-06,2026-04-07,1
ck_83266b294e403288,2026-04-05 00:49:30,2026-04-06,2026-04-07,0
ck_dbdb90b73d3887af,2026-03-02 05:28:42,2026-04-06,2026-04-07,0
ck_2c455af7bfbee84d,2026-02-27 00:22:02,2026-04-06,2026-04-07,0
ck_20d76edd25c530b8,2026-04-05 19:12:32,2026-04-06,2026-04-07,0
ck_f26a6c9e1390a89b,2025-09-15 14:47:58,2026-04-06,2026-04-07,0
ck_6e8e8e4701ab8de7,2025-12-05 01:04:53,2026-04-06,2026-04-07,0
ck_d069467707ae9ccd,2026-02-15 11:17:51,2026-04-06,2026-04-07,0
ck_dc4f823995863dde,2026-02-06 07:25:27,2026-04-06,2026-04-07,0
ck_d1b7482f360ff0f2,2025-12-25 05:31:10,2026-04-06,2026-04-07,0
ck_89422b1b05957fb4,2026-01-24 16:40:57,2026-04-06,2026-04-07,0
ck_398edc79a816dfbe,2026-02-20 15:31:00,2026-04-06,2026-04-07,0
ck_502b4b7c589bf057,2026-04-05 21:22:17,2026-04-06,2026-04-07,0
ck_129d7246a817709c,2025-10-28 01:53:15,2026-04-06,2026-04-07,0
ck_82be960472a24221,2025-07-28 18:49:46,2026-04-06,2026-04-07,0
ck_025e91b166455d6b,2025-06-05 15:53:51,2026-04-06,2026-04-07,0
ck_8e7a37c1312b4654,2025-11-07 10:45:57,2026-04-06,2026-04-07,0
ck_8770496bdb413376,2026-04-04 10:50:35,2026-04-06,2026-04-07,1
ck_7aa087f38d34beaf,2025-10-28 17:14:02,2026-04-06,2026-04-07,1
ck_01398e0204df2412,2026-02-06 15:40:12,2026-04-06,2026-04-07,0
ck_9ddcddcd601a23bc,2026-01-13 21:59:12,2026-04-06,2026-04-07,0
ck_6f427af4e9a793b3,2026-03-02 07:34:44,2026-04-06,2026-04-07,0
ck_d044b10d781d0f7a,2025-11-16 13:27:22,2026-04-06,2026-04-07,0
ck_1d570c9a2a108ca1,2025-11-07 19:56:27,2026-04-06,2026-04-07,0
ck_4ef550e744a79bd9,2025-12-07 08:04:41,2026-04-06,2026-04-07,0
ck_cbba3f99c9331f69,2025-11-23 15:32:58,2026-04-06,2026-04-07,0
ck_5d344e29bc027ccf,2026-02-15 15:02:29,2026-04-06,2026-04-07,0
ck_9795b3216b669439,2026-02-17 10:17:02,2026-04-06,2026-04-07,0
ck_cfd443a8a62ad345,2026-01-30 18:56:27,2026-04-06,2026-04-07,0
ck_d898f984de5b0e5f,2026-02-14 14:06:35,2026-04-06,2026-04-07,0
ck_3b34e59e894fbef9,2026-04-04 20:50:33,2026-04-06,2026-04-07,0
ck_d7ffd1e1b2fae08a,2026-01-14 05:26:01,2026-04-06,2026-04-07,0
ck_7b499f9b02a1081b,2026-04-05 13:10:49,2026-04-06,2026-04-07,1
ck_b3e04594cc8e3f06,2026-04-04 02:16:00,2026-04-06,2026-04-07,1
ck_ff1b67a00532c584,2025-11-17 06:11:49,2026-04-06,2026-04-07,0
ck_05744a4b99776b6c,2025-09-21 22:34:42,2026-04-06,2026-04-07,0
ck_96ed955b9d2b4516,2025-12-15 23:28:54,2026-04-06,2026-04-07,0
ck_e261354f19de3e73,2026-01-11 17:39:25,2026-04-06,2026-04-07,0
ck_83a2531dab2f495c,2026-01-31 03:20:00,2026-04-06,2026-04-07,0
ck_7e9016281b8ffa89,2026-01-19 07:46:20,2026-04-06,2026-04-07,0
ck_e1f9e435a64bddd3,2026-02-14 23:26:03,2026-04-06,2026-04-07,0
ck_933f1af4e45463d1,2026-04-04 23:21:30,2026-04-06,2026-04-07,0
ck_c2f689772441a999,2026-02-27 15:30:06,2026-04-06,2026-04-07,0
ck_c2353d450f93e1a9,2026-02-09 19:35:43,2026-04-06,2026-04-07,0
ck_c3cfa94c46556bb6,2026-04-01 16:25:26,2026-04-06,2026-04-07,0
ck_d70aaeae2e6825db,2026-04-04 23:01:15,2026-04-06,2026-04-07,0
ck_6d5c6626fad0d841,2026-04-04 13:06:52,2026-04-06,2026-04-07,0
ck_d3799e3b66c01b13,2026-04-05 07:57:18,2026-04-06,2026-04-07,0
ck_c6854c38a8fa526f,2025-12-30 10:28:00,2026-04-06,2026-04-07,0
ck_9eec76944b0a4bf3,2025-11-02 14:40:47,2026-04-06,2026-04-07,0
ck_d95dbbe8520baa1a,2025-12-07 03:19:04,2026-04-06,2026-04-07,0
ck_0902356079ee0c05,2026-04-04 23:35:13,2026-04-06,2026-04-07,0
ck_b2f6c8b015583733,2025-12-12 08:48:25,2026-04-06,2026-04-07,0
ck_78092edab4147bc1,2026-02-22 19:10:46,2026-04-06,2026-04-07,0
ck_c31dbf45c1b40ccd,2026-04-05 06:42:01,2026-04-06,2026-04-07,0
ck_32a19ace25000904,2026-01-23 11:20:16,2026-04-06,2026-04-07,0
ck_a0138a62d84d3374,2025-11-21 14:24:36,2026-04-06,2026-04-07,0
ck_d214328452c57e8a,2026-04-05 12:04:54,2026-04-06,2026-04-07,0
ck_75c0f13ec36b7c85,2026-03-21 20:47:24,2026-04-06,2026-04-07,0
ck_c07f63ad690112fb,2026-02-10 14:17:41,2026-04-06,2026-04-07,0
ck_03f71aa6b1039edf,2026-03-16 00:52:59,2026-04-06,2026-04-07,0
ck_47034cf44f68a3bb,2026-04-05 10:24:12,2026-04-06,2026-04-07,0
ck_373fd409d78344ae,2025-11-28 11:44:39,2026-04-06,2026-04-07,0
ck_e23e224802e747e7,2025-11-17 14:56:04,2026-04-06,2026-04-07,0
ck_db7b0296c1924bec,2025-08-18 06:21:06,2026-04-06,2026-04-07,0
ck_a3e5143fe64c0ac8,2026-04-04 20:47:28,2026-04-06,2026-04-07,0
ck_75b1ec8e65bfa1ec,2025-12-09 07:29:45,2026-04-06,2026-04-07,0
ck_2fba914d34d21f84,2025-12-06 12:58:42,2026-04-06,2026-04-07,0
ck_c4dcb517a86118a6,2026-02-06 02:15:04,2026-04-06,2026-04-07,0
ck_e90ba0f5c5f93625,2026-03-27 15:37:11,2026-04-06,2026-04-07,0
ck_0c71a94d963573f4,2025-12-06 10:36:50,2026-04-06,2026-04-07,0
ck_b91be2a7253ade34,2026-04-02 13:20:30,2026-04-06,2026-04-07,0
ck_76f7ca65102cf3dc,2026-02-05 01:41:15,2026-04-06,2026-04-07,0
ck_6038541402f5401f,2026-01-26 00:13:35,2026-04-06,2026-04-07,0
ck_539e566056f166d5,2025-12-09 11:03:33,2026-04-06,2026-04-07,0
ck_5dddbbee81004461,2026-04-03 06:03:29,2026-04-06,2026-04-07,0
ck_bd9c09bccfb74041,2025-12-27 21:03:06,2026-04-06,2026-04-07,0
ck_4590bcde7097b311,2025-09-27 23:36:33,2026-04-06,2026-04-07,0
ck_ea94ac72d14f6696,2026-04-01 21:19:56,2026-04-06,2026-04-07,0
ck_f8d517b594ab04db,2026-01-18 16:27:11,2026-04-06,2026-04-07,0
ck_f135d57ec747266b,2025-12-16 01:54:15,2026-04-06,2026-04-07,0
ck_44c2abfc92c0cb45,2026-01-03 20:13:29,2026-04-06,2026-04-07,0
ck_7721b8ba0ae656b1,2026-03-06 01:00:03,2026-04-06,2026-04-07,0
ck_325c7c0de6550c00,2026-02-24 18:26:44,2026-04-06,2026-04-07,0
ck_4ccdd526b42d0ef6,2026-04-04 23:11:48,2026-04-06,2026-04-07,0
ck_96937615a1afcbb0,2026-02-01 11:47:50,2026-04-06,2026-04-07,0
ck_426e6dc092a0932a,2025-06-12 05:06:39,2026-04-06,2026-04-07,0
ck_965c4d444d9f5478,2025-10-30 20:30:41,2026-04-06,2026-04-07,0
ck_fabf7eadc4ab096e,2026-03-31 07:24:02,2026-04-06,2026-04-07,0
ck_913855e3fab8d84c,2025-12-08 17:28:01,2026-04-06,2026-04-07,0
ck_148ce8fff4f33590,2026-01-07 11:51:22,2026-04-06,2026-04-07,0
ck_8788b53b4034b6e6,2026-01-30 06:48:57,2026-04-06,2026-04-07,0
ck_46f7816e6c6188bc,2025-12-16 11:24:40,2026-04-06,2026-04-07,0
ck_403d983783a5e788,2026-04-03 22:19:31,2026-04-06,2026-04-07,1
ck_512538e804a07eca,2026-02-23 04:07:19,2026-04-06,2026-04-07,0
ck_23dffe2af9084b6f,2026-01-15 16:27:40,2026-04-06,2026-04-07,0
ck_b51e28974fe262be,2026-04-03 18:28:02,2026-04-06,2026-04-07,0
ck_a67855adca860716,2026-01-26 01:34:37,2026-04-06,2026-04-07,0
ck_d08b6d55c38745a5,2026-02-17 22:33:56,2026-04-06,2026-04-07,0
ck_f58a3d54a18de025,2025-11-19 04:23:45,2026-04-06,2026-04-07,0
ck_d74e6232664c7781,2026-04-03 10:11:22,2026-04-06,2026-04-07,0
ck_b2dce863087049a5,2026-04-05 11:51:17,2026-04-06,2026-04-07,0
ck_d9a86c607e928895,2025-06-16 03:22:12,2026-04-06,2026-04-07,0
ck_a3847cf9ad43220e,2026-02-07 16:06:04,2026-04-06,2026-04-07,0
ck_34b0036ba51cc00a,2025-12-03 15:50:08,2026-04-06,2026-04-07,0
ck_d67dac2e8411f3f8,2025-09-30 19:18:49,2026-04-06,2026-04-07,0
ck_9f3a6ccc2d5cf4e5,2026-02-15 15:43:29,2026-04-06,2026-04-07,0
ck_a5881d8b38c13569,2026-04-05 08:22:22,2026-04-06,2026-04-07,0
ck_dd7949af9ae2978d,2025-12-05 16:08:24,2026-04-06,2026-04-07,0
ck_2ad1fa371f7b9d34,2025-11-16 00:24:28,2026-04-06,2026-04-07,1
ck_32b76589e219f2ba,2026-03-08 09:37:16,2026-04-06,2026-04-07,0
ck_1512261aa39d1a1c,2026-04-05 19:34:10,2026-04-06,2026-04-07,0
ck_18d63dbd531aed25,2026-04-05 04:02:12,2026-04-06,2026-04-07,0
ck_ef0b97117ab5d4ff,2025-12-31 03:16:10,2026-04-06,2026-04-07,0
ck_6a37eb5b1d242783,2026-02-28 09:03:22,2026-04-06,2026-04-07,0
ck_18db81faadd2e569,2025-12-20 00:34:22,2026-04-06,2026-04-07,0
ck_089c766c3149d041,2026-04-05 13:48:02,2026-04-06,2026-04-07,0
ck_540e3556554124f0,2026-02-01 05:17:07,2026-04-06,2026-04-07,0
ck_83665768e25d7bf2,2026-04-05 23:42:12,2026-04-06,2026-04-07,1
ck_6f303a3a41fa29a1,2026-02-09 05:49:35,2026-04-06,2026-04-07,0
ck_01a044250e5c8ac9,2026-04-04 17:24:21,2026-04-06,2026-04-07,0
ck_ec57ce7e8ad872c1,2026-01-08 12:35:51,2026-04-06,2026-04-07,0
ck_a8e5f07f8d8ba39b,2025-12-12 19:58:17,2026-04-06,2026-04-07,0
ck_45b6ddb462b531a2,2026-01-11 16:35:04,2026-04-06,2026-04-07,0
ck_4b1c76378ed8b615,2026-01-09 10:24:23,2026-04-06,2026-04-07,1
ck_103b6758b29bfc54,2026-01-07 16:40:52,2026-04-06,2026-04-07,0
ck_c4080557f6b3993c,2026-03-14 08:25:48,2026-04-06,2026-04-07,0
ck_a5419436ce06cfe8,2026-01-24 13:52:40,2026-04-06,2026-04-07,0
ck_96f6bbd4a2a71633,2026-01-28 12:17:06,2026-04-06,2026-04-07,1
ck_b6e758f1d4168be0,2026-04-05 09:15:42,2026-04-06,2026-04-07,0
ck_c8a9792409ec2736,2025-12-27 09:04:04,2026-04-06,2026-04-07,0
ck_8ee40a465308203c,2025-12-03 04:11:05,2026-04-06,2026-04-07,0
ck_fa36ab5f2bfd49eb,2026-01-16 06:30:28,2026-04-06,2026-04-07,0
ck_3234064dd609e3a9,2025-11-22 21:01:53,2026-04-06,2026-04-07,0
ck_ae9faf38c1a63a48,2026-02-21 06:21:11,2026-04-06,2026-04-07,1
ck_bdb97192eeac131e,2026-04-03 21:30:56,2026-04-06,2026-04-07,0
ck_68fb0cf6cd9c1f28,2026-01-30 02:01:57,2026-04-06,2026-04-07,0
ck_d54c33c2a752148e,2026-04-02 22:07:05,2026-04-06,2026-04-07,0
ck_27efafa3722b63d6,2026-04-04 08:08:32,2026-04-06,2026-04-07,0
ck_df2c486dc7f086c8,2026-01-26 14:25:58,2026-04-06,2026-04-07,0
ck_e90e24d689f71f94,2026-01-26 08:31:41,2026-04-06,2026-04-07,0
ck_85e349fc54282e4c,2026-01-03 02:48:51,2026-04-06,2026-04-07,0
ck_b77fa0f221138edd,2026-03-02 08:34:32,2026-04-06,2026-04-07,0
ck_f651208e01a328c2,2025-11-11 11:37:34,2026-04-06,2026-04-07,0
ck_d3a121076a0362be,2026-02-05 19:57:11,2026-04-06,2026-04-07,0
ck_d981913fcb6df379,2026-03-05 22:37:32,2026-04-06,2026-04-07,0
ck_c4ca806db614878e,2026-04-04 12:42:43,2026-04-06,2026-04-07,1
ck_9fa712d3ee98a6bd,2026-03-05 08:13:36,2026-04-06,2026-04-07,0
ck_ee91ea43245e6e54,2026-02-07 15:48:18,2026-04-06,2026-04-07,0
ck_53833c870ef9b5bf,2026-04-04 19:17:55,2026-04-06,2026-04-07,1
ck_d509865a28631cd6,2025-12-23 16:18:39,2026-04-06,2026-04-07,0
ck_fbf74239b76b4279,2026-04-05 13:03:44,2026-04-06,2026-04-07,0
ck_552a2d3e3688d38c,2026-04-01 02:01:03,2026-04-06,2026-04-07,0
ck_259670b18e2e7a4e,2026-03-18 04:25:34,2026-04-06,2026-04-07,0
ck_189d4a71dfc8c807,2026-01-26 19:34:43,2026-04-06,2026-04-07,0
ck_147bb0821ea02446,2026-02-22 16:24:52,2026-04-06,2026-04-07,0
ck_08fb167826cb972b,2026-01-08 18:12:01,2026-04-06,2026-04-07,0
ck_d7024ca017afd471,2026-04-05 20:53:16,2026-04-06,2026-04-07,1
ck_05970e743a4b225a,2026-04-02 22:42:32,2026-04-06,2026-04-07,0
ck_a464b435542c90fc,2026-02-17 00:48:57,2026-04-06,2026-04-07,0
ck_bdef3499361d6051,2026-01-26 17:53:44,2026-04-06,2026-04-07,0
ck_025f2fd0c69a94f0,2026-01-14 06:59:14,2026-04-06,2026-04-07,0
ck_3ed2428eb46003be,2026-03-30 05:21:51,2026-04-06,2026-04-07,0
ck_e0a8a897286e1948,2025-12-19 15:40:34,2026-04-06,2026-04-07,0
ck_6ae54e2bed780f40,2025-09-30 08:05:49,2026-04-06,2026-04-07,0
ck_0473422546a7f5f7,2026-02-03 07:58:50,2026-04-06,2026-04-07,0
ck_f723184da5d8b965,2026-01-16 17:56:43,2026-04-06,2026-04-07,0
ck_04a91b4263bfa4e3,2025-11-15 00:58:46,2026-04-06,2026-04-07,0
ck_bda2da82c58e61a0,2025-10-25 12:49:05,2026-04-06,2026-04-07,0
ck_b304d4c8ecb4e73c,2025-11-01 03:33:02,2026-04-06,2026-04-07,0
ck_95e2b624a495670b,2025-09-12 16:53:56,2026-04-06,2026-04-07,0
ck_be3766c3232a154c,2025-09-07 11:20:39,2026-04-06,2026-04-07,0
ck_137a6cd5e6d2713c,2026-03-02 10:27:30,2026-04-06,2026-04-07,0
ck_8cd30bbd9dd1fbcc,2026-03-07 00:10:53,2026-04-06,2026-04-07,0
ck_6a4ae4bef0a13fa2,2025-11-13 14:06:06,2026-04-06,2026-04-07,0
ck_0ab5aac5c6d064f6,2026-04-04 15:17:48,2026-04-06,2026-04-07,0
ck_4cabac5ce6c0d86e,2025-12-25 07:23:10,2026-04-06,2026-04-07,0
ck_cfe25807d8b6fd01,2026-04-04 03:43:33,2026-04-06,2026-04-07,1
ck_8cd62e4c62a1ae60,2026-03-10 02:37:29,2026-04-06,2026-04-07,0
ck_b00df2420a0dca7e,2026-02-24 21:40:30,2026-04-06,2026-04-07,0
ck_3d9cca343ae4b783,2025-12-21 05:30:25,2026-04-06,2026-04-07,0
ck_41bc33322312c787,2026-04-04 07:39:38,2026-04-06,2026-04-07,0
ck_73c5e8915274ea11,2025-11-12 23:25:29,2026-04-06,2026-04-07,0
ck_df77b38df33f9bc0,2026-04-05 06:27:35,2026-04-06,2026-04-07,0
ck_b4f2dc273222d66a,2025-12-29 00:29:55,2026-04-06,2026-04-07,0
ck_c2b15c57b8213cb3,2025-08-24 02:43:34,2026-04-06,2026-04-07,0
ck_b53b70b5a86b9c59,2025-06-14 03:02:50,2026-04-06,2026-04-07,0
ck_655c40dc4dcdb8f7,2026-02-08 18:36:31,2026-04-06,2026-04-07,0
ck_cb878348da188c49,2026-03-04 11:22:26,2026-04-06,2026-04-07,0
ck_208379904384e52d,2026-04-05 17:26:34,2026-04-06,2026-04-07,0
ck_50f6ac21a1f544e5,2026-02-25 16:32:51,2026-04-06,2026-04-07,0
ck_58a5f01a89bd8604,2026-04-05 11:56:33,2026-04-06,2026-04-07,0
ck_2edd43a1f8da317b,2026-01-07 14:16:47,2026-04-06,2026-04-07,0
ck_66582ec786d79626,2026-03-19 07:20:36,2026-04-06,2026-04-07,0
ck_495c0162a22a2c18,2026-03-06 08:42:39,2026-04-06,2026-04-07,0
ck_da433614fdd1e117,2026-04-05 17:51:05,2026-04-06,2026-04-07,0
ck_6e0a489e267bb734,2025-11-20 00:45:27,2026-04-06,2026-04-07,0
ck_43654155887827ad,2026-04-03 15:24:46,2026-04-06,2026-04-07,1
ck_2965d6a371300f5f,2026-03-09 23:26:19,2026-04-06,2026-04-07,0
ck_76eeed03dbec0199,2025-08-23 10:40:43,2026-04-06,2026-04-07,1
ck_e2665f9f549bb622,2025-12-28 01:11:12,2026-04-06,2026-04-07,0
ck_c411f5cf1665e4b2,2026-02-21 15:07:29,2026-04-06,2026-04-07,0
ck_cbf022675623fb1f,2026-01-21 04:28:02,2026-04-06,2026-04-07,0
ck_a1181074abcc46ee,2025-11-23 18:38:52,2026-04-06,2026-04-07,0
ck_1acce9c33e89e904,2026-02-28 14:42:26,2026-04-06,2026-04-07,0
ck_6d8662025bebe7f7,2026-04-04 17:48:35,2026-04-06,2026-04-07,0
ck_29bb37c22696a96e,2025-12-18 07:53:09,2026-04-06,2026-04-07,0
ck_8c509f86fe143eed,2026-04-05 07:49:19,2026-04-06,2026-04-07,0
ck_a35c7801cb9c2eb8,2025-09-15 15:47:02,2026-04-06,2026-04-07,0
ck_181dca60bba9938b,2025-09-19 01:24:56,2026-04-06,2026-04-07,0
ck_445f0aa5924f78a1,2026-02-15 12:23:01,2026-04-06,2026-04-07,0
ck_111b98cf3bb105ac,2026-03-01 19:17:05,2026-04-06,2026-04-07,0
ck_c3383d9784911a9a,2025-10-14 22:22:03,2026-04-06,2026-04-07,1
ck_fe1f708fa12ff44e,2025-11-23 12:00:07,2026-04-06,2026-04-07,0
ck_018e6d871ddfbc2a,2026-02-17 02:22:01,2026-04-06,2026-04-07,0
ck_e972a8ba764a90bd,2025-10-02 21:52:33,2026-04-06,2026-04-07,0
ck_d61ea0f4fb4abfcd,2026-03-17 21:52:15,2026-04-06,2026-04-07,0
ck_9f0f4c722525bcbb,2025-11-30 05:40:20,2026-04-06,2026-04-07,0
ck_e1843ea3a9b0dba4,2026-01-01 21:45:54,2026-04-06,2026-04-07,0
ck_2a8eb322dceb212f,2026-01-15 23:29:48,2026-04-06,2026-04-07,0
ck_f185a8170709d085,2026-01-11 11:08:37,2026-04-06,2026-04-07,0
ck_a5c424c0f8c2debb,2025-10-10 03:30:44,2026-04-06,2026-04-07,0
ck_7286d7f50662f51a,2026-03-22 17:49:49,2026-04-06,2026-04-07,0
ck_3b437871155aba04,2025-12-17 10:51:57,2026-04-06,2026-04-07,0
ck_e1c8d4da9775ee24,2026-04-05 07:20:08,2026-04-06,2026-04-07,0
ck_24a6716e8f1e7a5e,2026-02-14 10:23:04,2026-04-06,2026-04-07,0
ck_aa922e4fb07f4cf8,2026-02-09 12:32:33,2026-04-06,2026-04-07,0
ck_809567de31a80699,2026-04-05 16:42:57,2026-04-06,2026-04-07,0
ck_1631e08c293ccf00,2026-01-12 12:58:29,2026-04-06,2026-04-07,0
ck_5862169f1e71771e,2025-07-13 13:07:42,2026-04-06,2026-04-07,0
ck_10b77757c49e4967,2025-12-21 09:56:18,2026-04-06,2026-04-07,0
ck_a560dfb718c389cd,2026-04-04 20:13:42,2026-04-06,2026-04-07,0
ck_675b6b44afb5d263,2026-03-19 21:56:46,2026-04-06,2026-04-07,0
ck_be305740d20fd182,2025-12-25 02:07:29,2026-04-06,2026-04-07,0
ck_5dbaa6cf47b8d39f,2026-03-15 20:02:40,2026-04-06,2026-04-07,0
ck_bd2eb0d56171531d,2025-12-21 20:05:21,2026-04-06,2026-04-07,0
ck_8115dbbd42f33789,2025-10-13 07:45:04,2026-04-06,2026-04-07,0
ck_23e62b65dea53927,2026-03-15 06:26:15,2026-04-06,2026-04-07,0
ck_a6108640ff604ee5,2026-03-12 10:27:40,2026-04-06,2026-04-07,0
ck_8ad1927ab68f0d96,2026-03-13 01:58:04,2026-04-06,2026-04-07,0
ck_9f6d4ca89af76a2d,2026-01-17 05:13:44,2026-04-06,2026-04-07,0
ck_bdd240bf9e65eef7,2026-04-04 07:13:57,2026-04-06,2026-04-07,0
ck_132e00fd90fd8520,2026-02-16 04:29:08,2026-04-06,2026-04-07,0
ck_0428a77a0b9bde9c,2026-03-07 05:16:11,2026-04-06,2026-04-07,0
ck_973100473223fe7a,2025-07-21 11:27:44,2026-04-06,2026-04-07,0
ck_e586e20a0b9d73a2,2026-04-04 15:01:11,2026-04-06,2026-04-07,0
ck_eeec4fba24c2a64c,2025-08-26 14:26:45,2026-04-06,2026-04-07,0
ck_78a61152f408ce0f,2026-02-05 16:31:59,2026-04-06,2026-04-07,0
ck_ec55e77bb3c3c7af,2026-04-04 11:27:01,2026-04-06,2026-04-07,0
ck_93398140481da797,2026-03-09 15:55:37,2026-04-06,2026-04-07,0
ck_41f53e564710d7c2,2026-02-26 15:26:23,2026-04-06,2026-04-07,0
ck_55e2435cc329cb80,2025-11-30 14:34:35,2026-04-06,2026-04-07,0
ck_559191c602641b99,2026-01-25 20:00:31,2026-04-06,2026-04-07,0
ck_b096c440a6eecd9c,2026-01-25 09:31:32,2026-04-06,2026-04-07,0
ck_29ff5cdb3f0c8c10,2025-10-27 12:37:24,2026-04-06,2026-04-07,0
ck_af21484a628f1319,2025-11-13 23:05:47,2026-04-06,2026-04-07,0
ck_cefd60009fd46ac2,2026-02-19 15:43:43,2026-04-06,2026-04-07,0
ck_1a20e5f89c5243c4,2026-04-05 17:10:20,2026-04-06,2026-04-07,0
ck_e89b0cf4b014894d,2026-02-25 11:51:34,2026-04-06,2026-04-07,0
ck_da649d53f91d5f28,2025-11-22 23:41:36,2026-04-06,2026-04-07,0
ck_5d15b627da6083d3,2026-01-24 22:09:38,2026-04-06,2026-04-07,0
ck_2bc9969770097ae7,2026-04-04 07:21:42,2026-04-06,2026-04-07,0
ck_4b70dda68048d1c7,2026-02-23 08:16:45,2026-04-06,2026-04-07,0
ck_fe0eedb2c029d39f,2026-04-05 16:37:45,2026-04-06,2026-04-07,0
ck_0b923110f59ff908,2026-04-05 05:43:51,2026-04-06,2026-04-07,1
ck_33eb7685a5ef35a5,2025-11-28 03:59:57,2026-04-06,2026-04-07,0
ck_d0d63fbd56988951,2026-01-20 23:26:12,2026-04-06,2026-04-07,0
ck_ccce6d2739771869,2026-01-18 01:05:27,2026-04-06,2026-04-07,0
ck_9e4cc2a383b29ce9,2026-01-31 09:13:30,2026-04-06,2026-04-07,0
ck_6eedd427aad13471,2026-03-19 16:48:47,2026-04-06,2026-04-07,0
ck_c8a1ee8c28436857,2026-02-18 21:26:11,2026-04-06,2026-04-07,0
ck_f44a8933926cbc08,2026-04-04 17:49:48,2026-04-06,2026-04-07,0
ck_a002d1cb5eadbc97,2026-02-06 06:07:16,2026-04-06,2026-04-07,0
ck_d6d7413f863ffee9,2026-02-08 19:06:21,2026-04-06,2026-04-07,0
ck_5ab163457da6c684,2025-11-02 16:49:13,2026-04-06,2026-04-07,0
ck_30391cc656c2631d,2025-12-25 09:51:01,2026-04-06,2026-04-07,0
ck_803f69f4fc9fa68b,2025-12-01 16:50:02,2026-04-06,2026-04-07,0
ck_38b1aff1a2913019,2026-04-05 00:28:29,2026-04-06,2026-04-07,0
ck_4cb6e396bdf96b6b,2025-10-31 23:01:31,2026-04-06,2026-04-07,0
ck_9fb4b8c4b0193e83,2026-04-04 10:19:49,2026-04-06,2026-04-07,0
ck_a97c0ecad804f4d8,2026-01-18 17:37:59,2026-04-06,2026-04-07,0
ck_61e7d4463f6697f6,2026-01-20 16:33:04,2026-04-06,2026-04-07,0
ck_456a416f8c6980e7,2025-12-09 17:00:00,2026-04-06,2026-04-07,0
ck_1f0356f296b8dc1b,2026-01-26 06:10:42,2026-04-06,2026-04-07,0
ck_d1e7b2bc7f82a1a2,2026-04-04 13:16:22,2026-04-06,2026-04-07,0
ck_9f7e3d8bff3b64ee,2026-04-05 16:28:44,2026-04-06,2026-04-07,0
ck_446ec484d1c1539d,2025-12-22 22:48:53,2026-04-06,2026-04-07,0
ck_0d4564bd0f418599,2026-02-27 23:03:34,2026-04-06,2026-04-07,0
ck_fe125c7b1c5bbcfe,2025-12-21 04:22:21,2026-04-06,2026-04-07,0
ck_564ecc92df49585a,2026-04-04 04:35:50,2026-04-06,2026-04-07,0
ck_b37fcd45040829d5,2026-01-03 02:34:39,2026-04-06,2026-04-07,0
ck_f1c915550cf00302,2026-04-05 00:52:05,2026-04-06,2026-04-07,0
ck_af8b3c46b65b6403,2025-08-30 00:24:50,2026-04-06,2026-04-07,0
ck_b3289775a9fb245c,2025-11-14 10:41:46,2026-04-06,2026-04-07,0
ck_a3510cc873b6c768,2026-02-28 00:50:47,2026-04-06,2026-04-07,0
ck_8205af2f7f8d0bd8,2026-03-10 15:13:03,2026-04-06,2026-04-07,0
ck_008c04d82d0561f5,2026-01-02 23:57:46,2026-04-06,2026-04-07,0
ck_0ccc159b70d26f35,2026-02-05 01:10:48,2026-04-06,2026-04-07,0
ck_a436359ba4415f20,2025-05-07 13:00:33,2026-04-06,2026-04-07,0
ck_cb49e4537d489d46,2026-01-09 15:43:57,2026-04-06,2026-04-07,0
ck_e8a34ea1dcb85b2a,2025-11-13 21:10:23,2026-04-06,2026-04-07,0
ck_69c0e8ec73cbb724,2026-02-08 01:18:49,2026-04-06,2026-04-07,0
ck_4c98b78efd8bff85,2025-12-01 17:46:53,2026-04-06,2026-04-07,0
ck_69160f766e200b50,2026-04-04 13:38:09,2026-04-06,2026-04-07,0
ck_cb7f677d1307b3e9,2026-01-27 03:07:43,2026-04-06,2026-04-07,0
ck_f7ef3fc995565769,2026-04-04 18:41:54,2026-04-06,2026-04-07,0
ck_b644bea16a3b2a9c,2025-11-13 15:17:27,2026-04-06,2026-04-07,0
ck_3b6b39dc47ba1b38,2026-04-05 00:04:12,2026-04-06,2026-04-07,0
ck_e011608cb945e798,2026-01-27 02:55:30,2026-04-06,2026-04-07,0
ck_db60c2ebe324062e,2026-02-28 14:18:40,2026-04-06,2026-04-07,0
ck_d7b798909fa4440f,2026-01-09 01:26:06,2026-04-06,2026-04-07,0
ck_77f682276a3b1ad2,2026-04-05 10:28:15,2026-04-06,2026-04-07,1
ck_66091888acbc521a,2026-04-05 06:41:42,2026-04-06,2026-04-07,0
ck_64538999ef43f9d5,2026-03-03 02:34:25,2026-04-06,2026-04-07,0
ck_3a6bf153a72bf63d,2026-04-05 14:44:15,2026-04-06,2026-04-07,1
ck_20da985fa9ebc5f9,2026-01-22 17:36:25,2026-04-06,2026-04-07,0
ck_847f806cc1968751,2026-04-05 15:39:20,2026-04-06,2026-04-07,0
ck_81db9008567c8094,2026-02-28 05:59:41,2026-04-06,2026-04-07,0
ck_85c653f2b1f86fc8,2026-03-03 06:47:00,2026-04-06,2026-04-07,0
ck_223bd373b6be6a1e,2026-02-05 13:41:28,2026-04-06,2026-04-07,0
ck_676009748757ba38,2026-02-18 18:03:14,2026-04-06,2026-04-07,0
ck_73ed687324e78802,2026-01-13 22:57:52,2026-04-06,2026-04-07,0
ck_0fd7d619a8362ce4,2026-02-16 05:18:15,2026-04-06,2026-04-07,0
ck_09e321f17a345887,2025-09-15 08:09:09,2026-04-06,2026-04-07,0
ck_497bf95e3bcd3299,2025-12-17 07:41:52,2026-04-06,2026-04-07,0
ck_94af93cd7d0bcb40,2026-03-06 13:17:56,2026-04-06,2026-04-07,0
ck_a903f0ae6ab0d9b1,2026-02-01 06:40:06,2026-04-06,2026-04-07,0
ck_9506494a8c2c9a19,2026-04-01 06:06:04,2026-04-06,2026-04-07,0
ck_59c4c7ba7c616a20,2026-01-16 04:29:48,2026-04-06,2026-04-07,0
ck_1e93633f98206964,2026-01-03 14:13:16,2026-04-06,2026-04-07,0
ck_d7be46943eaa5bcf,2026-04-05 07:58:38,2026-04-06,2026-04-07,1
ck_ac85866b0ddaa489,2026-01-23 18:09:24,2026-04-06,2026-04-07,0
ck_76b791f6f2906aef,2025-12-10 20:38:30,2026-04-06,2026-04-07,0
ck_9dec62a1a827367c,2026-02-13 01:09:32,2026-04-06,2026-04-07,0
ck_5bb6cfacbef65e52,2025-10-01 08:44:09,2026-04-06,2026-04-07,0
ck_6a6f327592968818,2026-04-03 00:39:35,2026-04-06,2026-04-07,0
ck_29ad7f7383d69473,2026-02-27 03:54:38,2026-04-06,2026-04-07,0
ck_bf46eee06293ddb4,2026-02-04 21:39:58,2026-04-06,2026-04-07,1
ck_e6638356bd4958f5,2026-02-27 10:47:09,2026-04-06,2026-04-07,0
ck_2cfea4e63eb36bb2,2025-12-14 17:32:52,2026-04-06,2026-04-07,0
ck_1d744beb2bacef88,2026-04-05 19:56:26,2026-04-06,2026-04-07,1
ck_bf50e45b1856ae22,2026-01-12 21:57:47,2026-04-06,2026-04-07,0
ck_242822aa8a64488c,2026-03-27 12:56:37,2026-04-06,2026-04-07,0
ck_bf4dc7552f9b27c2,2026-02-16 02:40:37,2026-04-06,2026-04-07,0
ck_08615198deeba560,2026-04-04 15:13:16,2026-04-06,2026-04-07,0
ck_eaf3b944de90c92a,2026-04-05 21:16:43,2026-04-06,2026-04-07,1
ck_46cc174ab16c369a,2026-01-06 15:42:41,2026-04-06,2026-04-07,1
ck_27bb21ac24a551c2,2026-02-19 21:32:34,2026-04-06,2026-04-07,0
ck_9f740b09cd8e2451,2026-03-15 12:40:13,2026-04-06,2026-04-07,0
ck_489b9c31e6cf6e30,2026-01-29 17:37:01,2026-04-06,2026-04-07,0
ck_03673635266dfd23,2026-01-21 11:50:52,2026-04-06,2026-04-07,0
ck_8bedcb74aabf93f8,2026-02-08 21:15:08,2026-04-06,2026-04-07,0
ck_6c9802191fb47b32,2026-04-05 19:19:14,2026-04-06,2026-04-07,1
ck_2987d8179fbb4e58,2026-04-05 12:42:24,2026-04-06,2026-04-07,0
ck_07f4b0e2f39fa224,2026-01-31 21:16:44,2026-04-06,2026-04-07,0
ck_f47e4f47e9f3884e,2026-01-19 23:11:19,2026-04-06,2026-04-07,0
ck_05cfe3f368a09978,2026-02-11 04:33:47,2026-04-06,2026-04-07,0
ck_3c989c20b06b722e,2026-03-03 07:40:29,2026-04-06,2026-04-07,0
ck_d8bf021445653dfe,2026-04-03 16:08:13,2026-04-06,2026-04-07,0
ck_49d1115fb39c8750,2026-03-21 14:47:37,2026-04-06,2026-04-07,0
ck_800f0a7f989ca963,2026-04-04 09:01:41,2026-04-06,2026-04-07,0
ck_107d273e009a903b,2026-02-18 17:35:40,2026-04-06,2026-04-07,0
ck_93c748b67c8d1b69,2025-08-30 15:31:21,2026-04-06,2026-04-07,0
ck_b214adf833eaddb8,2026-04-05 11:40:12,2026-04-06,2026-04-07,0
ck_3933f31a9224d8ef,2025-07-24 11:03:29,2026-04-06,2026-04-07,0
ck_9297202e3bad00d5,2025-11-15 07:09:30,2026-04-06,2026-04-07,0
ck_6b6b545d977f4092,2025-12-15 18:06:10,2026-04-06,2026-04-07,0
ck_72bb6e6d282d1e0e,2026-03-29 16:45:06,2026-04-06,2026-04-07,0
ck_4fe4625c49b98597,2026-03-20 10:12:09,2026-04-06,2026-04-07,0
ck_e7dcc4242f56eb2d,2025-10-29 12:14:29,2026-04-06,2026-04-07,0
ck_0a6a6f6b74e2afd9,2026-01-23 23:01:05,2026-04-06,2026-04-07,1
ck_2a23a318c7af4b57,2026-02-18 15:30:46,2026-04-06,2026-04-07,0
ck_d53d9a17a287b0c1,2025-11-26 00:59:20,2026-04-06,2026-04-07,0
ck_304f51b041d9dce0,2026-02-13 12:49:29,2026-04-06,2026-04-07,0
ck_f2d5c00bd4270327,2026-01-21 23:59:17,2026-04-06,2026-04-07,0
ck_055d248abb37dca8,2025-10-22 18:16:53,2026-04-06,2026-04-07,0
ck_a346d5a69deb1bbf,2026-01-05 07:07:03,2026-04-06,2026-04-07,0
ck_23ffc5d7f89cedad,2026-01-31 20:51:08,2026-04-06,2026-04-07,0
ck_44a277b1c5059550,2025-09-26 06:59:24,2026-04-06,2026-04-07,0
ck_685820a744b12a58,2026-02-07 07:50:44,2026-04-06,2026-04-07,0
ck_52ca07266c826651,2025-06-15 20:07:09,2026-04-06,2026-04-07,0
ck_ba7b0ca07c97dc22,2026-04-04 05:02:26,2026-04-06,2026-04-07,1
ck_0010ec3874fb5378,2025-12-24 14:30:54,2026-04-06,2026-04-07,0
ck_23f0a897a91082b0,2025-12-01 01:01:28,2026-04-06,2026-04-07,0
ck_5b62fdde23928a89,2026-02-18 13:36:55,2026-04-06,2026-04-07,0
ck_892a6ec6d085afbb,2026-03-12 23:04:56,2026-04-06,2026-04-07,0
ck_d1c9d762bece6106,2026-02-17 09:37:53,2026-04-06,2026-04-07,0
ck_c6e6aa385567ac43,2025-10-20 01:22:18,2026-04-06,2026-04-07,0
ck_61fafd6c9f868049,2026-04-05 12:57:39,2026-04-06,2026-04-07,1
ck_3120277531318ff4,2026-04-04 15:24:51,2026-04-06,2026-04-07,0
ck_e4ba45027aaeba41,2026-02-01 23:55:44,2026-04-06,2026-04-07,0
ck_534a62dfb012acab,2026-01-21 14:22:55,2026-04-06,2026-04-07,0
ck_e33c478a9c68d9eb,2025-11-10 14:46:58,2026-04-06,2026-04-07,0
ck_bb3efa39eeec4ae3,2026-02-23 05:00:52,2026-04-06,2026-04-07,0
ck_78ff83917366acdd,2026-01-05 03:48:43,2026-04-06,2026-04-07,0
ck_7e010462e69bc996,2026-01-03 05:26:44,2026-04-06,2026-04-07,0
ck_056500fa84102e6b,2026-02-02 09:40:58,2026-04-06,2026-04-07,0
ck_2ecc2256f0d2af4a,2026-02-14 12:32:45,2026-04-06,2026-04-07,0
ck_3cb793114808df56,2025-12-05 20:50:26,2026-04-06,2026-04-07,0
ck_45e8dd6a85b622d8,2026-04-04 19:01:24,2026-04-06,2026-04-07,1
ck_3b11340d7c6554c9,2025-12-29 01:38:04,2026-04-06,2026-04-07,0
ck_4f63f9ab61051761,2026-02-03 07:03:06,2026-04-06,2026-04-07,0
ck_1530c6fbc7e93e61,2026-04-04 23:31:59,2026-04-06,2026-04-07,0
ck_a5522d77ecac7bb7,2026-04-05 07:29:13,2026-04-06,2026-04-07,0
ck_0b74cc244b07c765,2025-09-19 08:40:15,2026-04-06,2026-04-07,0
ck_3921bf4c0741cf80,2026-04-03 23:28:14,2026-04-06,2026-04-07,0
ck_ecec3662e1a852dc,2025-12-27 15:20:52,2026-04-06,2026-04-07,0
ck_ecf2bb87fa61e799,2025-04-26 00:03:55,2026-04-06,2026-04-07,0
ck_194225cfc48ff062,2026-01-16 01:15:17,2026-04-06,2026-04-07,0
ck_80298bc4ac98e2ab,2025-03-19 01:08:43,2026-04-06,2026-04-07,0
ck_55a43fa83b92814c,2026-03-25 20:35:25,2026-04-06,2026-04-07,0
ck_463729cea0ad7a94,2025-11-28 20:54:04,2026-04-06,2026-04-07,0
ck_3921cfc8abb77b93,2026-04-04 17:00:03,2026-04-06,2026-04-07,0
ck_294a2c8bb9144393,2025-12-21 05:51:55,2026-04-06,2026-04-07,0
ck_eab920ddbd317f8a,2026-01-29 08:00:47,2026-04-06,2026-04-07,0
ck_d2325670f1713300,2026-04-05 07:18:58,2026-04-06,2026-04-07,0
ck_a06745243edc2996,2026-02-22 15:13:06,2026-04-06,2026-04-07,0
ck_8c505f2007483f85,2026-01-27 13:45:27,2026-04-06,2026-04-07,0
ck_5114da495ba4a4f9,2025-12-10 19:31:45,2026-04-06,2026-04-07,0
ck_16bd032158933407,2025-11-29 17:59:40,2026-04-06,2026-04-07,0
ck_2aab4c508c62e147,2026-02-17 11:42:17,2026-04-06,2026-04-07,0
ck_4de109620a725295,2026-02-28 03:05:33,2026-04-06,2026-04-07,1
ck_651062cb64f69362,2026-02-18 05:50:53,2026-04-06,2026-04-07,0
ck_bacf04e58f703588,2026-03-14 17:09:04,2026-04-06,2026-04-07,0
ck_fb8f0d8511d61166,2026-04-05 07:02:53,2026-04-06,2026-04-07,0
ck_2498f6e537997e7f,2026-03-02 02:55:50,2026-04-06,2026-04-07,0
ck_08db5e7f4e87a708,2025-11-07 09:52:30,2026-04-06,2026-04-07,0
ck_54e7f9ad1d7e1e16,2026-02-15 08:08:33,2026-04-06,2026-04-07,0
ck_1e82d9451458073f,2026-01-21 15:38:23,2026-04-06,2026-04-07,1
ck_bce1a5e1ea2056ef,2026-03-19 21:18:08,2026-04-06,2026-04-07,0
ck_4f96e5a1d10b863d,2026-04-05 13:39:47,2026-04-06,2026-04-07,0
ck_3a0557ac0f05fccf,2026-01-11 20:22:15,2026-04-06,2026-04-07,0
ck_38b1cf5fd944501b,2025-11-29 22:55:20,2026-04-06,2026-04-07,0
ck_d7a873d44702cf56,2025-06-22 21:29:13,2026-04-06,2026-04-07,1
ck_fb008f2b05c72b30,2026-02-22 01:04:16,2026-04-06,2026-04-07,0
ck_33b51d3295fa679e,2026-04-01 16:53:14,2026-04-06,2026-04-07,0
ck_67afca3fae2155bc,2026-04-05 12:01:43,2026-04-06,2026-04-07,1
ck_ddc238e6c7e7608d,2026-04-04 22:24:13,2026-04-06,2026-04-07,0
ck_0b4ccac44352eb46,2026-04-03 23:31:49,2026-04-06,2026-04-07,0
ck_b49fb5d36a61b700,2025-12-22 03:44:22,2026-04-06,2026-04-07,0
ck_10426d617bffe6c2,2025-10-03 00:02:02,2026-04-06,2026-04-07,0
ck_d4f0e25c8b4495c2,2026-04-05 00:01:20,2026-04-06,2026-04-07,0
ck_c1f8a49d932b97e0,2025-12-17 14:03:09,2026-04-06,2026-04-07,0
ck_85e7f8bc27bd4b06,2026-04-05 11:26:07,2026-04-06,2026-04-07,0
ck_fba5de9a38d93044,2025-11-26 01:13:07,2026-04-06,2026-04-07,0
ck_d78c63eb5397508e,2026-03-31 21:31:42,2026-04-06,2026-04-07,0
ck_6c57aad917661b5d,2025-10-06 11:38:19,2026-04-06,2026-04-07,0
ck_a0562a5073d4d701,2026-01-15 10:03:42,2026-04-06,2026-04-07,0
ck_81aa76c7d8828c4e,2026-01-04 10:28:41,2026-04-06,2026-04-07,0
ck_1638714cfceaf8e4,2025-12-23 06:19:02,2026-04-06,2026-04-07,0
ck_1b1eab2804ba5c56,2025-07-12 09:01:43,2026-04-06,2026-04-07,0
ck_833764122aa55054,2026-03-14 09:23:57,2026-04-06,2026-04-07,0
ck_fd79e52a2f733191,2025-11-21 14:40:53,2026-04-06,2026-04-07,1
ck_09edd8b7fd8050bd,2025-11-23 19:16:22,2026-04-06,2026-04-07,0
ck_0c8d5f57ab55f558,2025-11-07 06:56:08,2026-04-06,2026-04-07,0
ck_097b94f9100f67f6,2026-04-05 20:29:45,2026-04-06,2026-04-07,0
ck_3e8f55f4a6f13790,2025-12-30 04:29:11,2026-04-06,2026-04-07,0
ck_0d187504a66f16d8,2025-11-16 15:04:15,2026-04-06,2026-04-07,0
ck_fc6fd13d48ea2621,2026-02-02 04:28:56,2026-04-06,2026-04-07,1
ck_6fe887e65bbbb177,2025-12-27 03:11:14,2026-04-06,2026-04-07,0
ck_04443a67668e0a34,2026-02-16 03:58:07,2026-04-06,2026-04-07,0
ck_28effb03485ff0f1,2026-02-22 19:32:49,2026-04-06,2026-04-07,1
ck_ae6f073e5f1c80b4,2026-04-05 12:11:26,2026-04-06,2026-04-07,0
ck_8adb7fff42e70509,2026-02-16 03:06:42,2026-04-06,2026-04-07,0
ck_c9aac8fda49ac24e,2026-02-05 17:23:53,2026-04-06,2026-04-07,0
ck_8229c943a1ba1b58,2026-04-05 04:42:35,2026-04-06,2026-04-07,0
ck_dc9880274b5f2a77,2025-10-30 05:59:46,2026-04-06,2026-04-07,0
ck_4f39635f23fc6993,2025-09-25 17:55:50,2026-04-06,2026-04-07,0
ck_bcf6ef6ba25e4eae,2026-04-02 09:31:04,2026-04-06,2026-04-07,0
ck_aadb2d6fc2fd41d6,2025-11-01 01:28:34,2026-04-06,2026-04-07,0
ck_5fbc5d0cf62328c1,2026-03-04 08:54:36,2026-04-06,2026-04-07,0
ck_cae532cb41fb1466,2026-04-05 13:29:28,2026-04-06,2026-04-07,0
ck_c578bb09bb0a42bf,2026-02-12 18:19:59,2026-04-06,2026-04-07,0
ck_4feff4f38d4d0048,2025-06-02 14:47:52,2026-04-06,2026-04-07,0
ck_305d0f5d409df97f,2026-03-03 20:36:56,2026-04-06,2026-04-07,0
ck_de302706e96c8478,2026-03-31 14:22:15,2026-04-06,2026-04-07,0
ck_00f708f4ee157b65,2026-01-28 02:24:44,2026-04-06,2026-04-07,0
ck_bb4de0a632fd887f,2026-03-08 22:24:40,2026-04-06,2026-04-07,0
ck_bbb2cceae252daaf,2025-08-28 16:38:32,2026-04-06,2026-04-07,1
ck_973542c5ac42dc1a,2026-03-13 12:32:47,2026-04-06,2026-04-07,0
ck_0c328d52427e3137,2026-04-02 02:57:20,2026-04-06,2026-04-07,0
ck_f2692167f1ddffb0,2025-10-13 12:24:10,2026-04-06,2026-04-07,0
ck_582f214bae84e375,2026-04-05 13:01:51,2026-04-06,2026-04-07,1
ck_e9d02e9eb6303a97,2026-02-12 14:34:08,2026-04-06,2026-04-07,0
ck_98dc03b026f950de,2026-03-27 10:36:12,2026-04-06,2026-04-07,0
ck_b458b9c56eac6395,2026-04-05 14:25:42,2026-04-06,2026-04-07,0
ck_cebea78dd8e0dca8,2026-01-29 09:19:54,2026-04-06,2026-04-07,0
ck_640ca62241df5298,2026-01-25 10:43:14,2026-04-06,2026-04-07,0
ck_cbba97cf8d5255e8,2026-04-05 01:22:31,2026-04-06,2026-04-07,0
ck_d6ae289151e6061a,2026-02-14 20:43:22,2026-04-06,2026-04-07,1
ck_76bfa35aad18f7ec,2025-12-06 20:34:57,2026-04-06,2026-04-07,0
ck_32a9965393ae08fe,2026-04-05 09:47:04,2026-04-06,2026-04-07,0
ck_6eccff5e2e6c4617,2025-12-25 21:01:12,2026-04-06,2026-04-07,0
ck_7fd4f39d064793de,2026-03-09 20:13:37,2026-04-06,2026-04-07,0
ck_804718b4723340ae,2026-02-22 20:06:06,2026-04-06,2026-04-07,0
ck_9e573b29ff1b386c,2026-04-01 21:30:24,2026-04-06,2026-04-07,0
ck_ab06c7c36993886a,2026-04-04 19:24:09,2026-04-06,2026-04-07,0
ck_d9b81f2ac374d12a,2026-01-18 00:32:59,2026-04-06,2026-04-07,0
ck_3ea4dd8e2580047d,2026-01-25 21:20:27,2026-04-06,2026-04-07,1
ck_b2b065daef7c667a,2026-04-04 15:15:26,2026-04-06,2026-04-07,0
ck_8ae8d5d59e8e82d6,2026-02-12 07:31:20,2026-04-06,2026-04-07,0
ck_b20ed2d907c64fe6,2026-03-25 14:14:13,2026-04-06,2026-04-07,0
ck_c45ed9ebadf6be5c,2026-04-04 22:08:45,2026-04-06,2026-04-07,0
ck_0ed17f4f166e08b4,2025-05-06 01:42:33,2026-04-06,2026-04-07,0
ck_15182dbde4312001,2026-03-06 20:35:00,2026-04-06,2026-04-07,0
ck_fa3647143d3c03b8,2026-01-05 14:09:09,2026-04-06,2026-04-07,0
ck_3529b8af207f261d,2026-02-02 17:41:33,2026-04-06,2026-04-07,0
ck_b98f941980513fbb,2026-04-03 20:58:55,2026-04-06,2026-04-07,0
ck_9e0ed80d83a65053,2026-02-10 05:59:02,2026-04-06,2026-04-07,0
ck_e208c28dcbb1979f,2026-03-02 05:59:03,2026-04-06,2026-04-07,0
ck_b9337896c5357839,2026-04-05 05:03:23,2026-04-06,2026-04-07,0
ck_0dcabd58e6450bbd,2026-02-28 15:52:36,2026-04-06,2026-04-07,0
ck_08db29bebe8a94c5,2026-02-03 05:05:15,2026-04-06,2026-04-07,0
ck_6c1ef0d1776e22e6,2025-12-24 18:20:06,2026-04-06,2026-04-07,0
ck_6a6bcabc19c4f972,2026-02-04 05:42:08,2026-04-06,2026-04-07,0
ck_044e42e5676f4272,2026-04-04 01:01:07,2026-04-06,2026-04-07,0
ck_4b43a3ec29d091f2,2026-04-05 20:04:47,2026-04-06,2026-04-07,0
ck_63589d208c850d7c,2026-03-21 07:06:29,2026-04-06,2026-04-07,0
ck_c067a4999cd617b5,2025-12-17 07:42:10,2026-04-06,2026-04-07,0
ck_59752ed148b4038f,2026-04-03 12:43:30,2026-04-06,2026-04-07,0
ck_c5955b14800105c1,2025-10-10 22:38:13,2026-04-06,2026-04-07,0
ck_1efe3ce58249f783,2025-12-20 03:24:32,2026-04-06,2026-04-07,0
ck_68849fec8d813c2d,2025-12-28 22:26:44,2026-04-06,2026-04-07,0
ck_f9d0570187264ebd,2026-04-03 19:37:22,2026-04-06,2026-04-07,0
ck_ff5dbd74de8f79b9,2026-02-28 16:26:44,2026-04-06,2026-04-07,0
ck_41d8e12d407f1517,2026-02-25 04:15:19,2026-04-06,2026-04-07,0
ck_fc9535f7765c4068,2026-01-25 20:52:46,2026-04-06,2026-04-07,0
ck_c9fab625e630c092,2025-09-10 00:45:52,2026-04-06,2026-04-07,0
ck_d6161e4573c0beb4,2025-12-19 02:34:35,2026-04-06,2026-04-07,0
ck_ef92e9fe3c01da4b,2026-03-11 14:11:21,2026-04-06,2026-04-07,0
ck_a75786905a1adf9a,2026-04-05 04:34:24,2026-04-06,2026-04-07,0
ck_bbb01ef23c8f6bd1,2025-10-24 12:52:39,2026-04-06,2026-04-07,1
ck_341871e906d0ac15,2025-11-25 23:47:29,2026-04-06,2026-04-07,0
ck_61ef89e884d7d4bb,2026-02-04 23:11:54,2026-04-06,2026-04-07,1
ck_4f979478f6022aac,2026-04-05 05:13:54,2026-04-06,2026-04-07,0
ck_e07eb08f4aba2574,2026-04-05 17:48:54,2026-04-06,2026-04-07,1
ck_de3daa93d1c2f6f0,2026-04-01 21:18:30,2026-04-06,2026-04-07,1
ck_8e61d06ee9701940,2026-01-17 12:27:18,2026-04-06,2026-04-07,0
ck_ceeb8f114ec1333c,2025-11-22 00:22:33,2026-04-06,2026-04-07,0
ck_52d693e266cf4bf7,2025-10-06 18:43:38,2026-04-06,2026-04-07,0
ck_ee09a01a2ace8053,2026-04-04 20:51:49,2026-04-06,2026-04-07,0
ck_d455501ae4cfcf9c,2025-10-09 01:36:47,2026-04-06,2026-04-07,0
ck_96cc551cf5da5de1,2026-02-10 03:26:03,2026-04-06,2026-04-07,0
ck_ba84e7fecc7a7e47,2026-04-04 05:48:31,2026-04-06,2026-04-07,0
ck_6cd0d19e88f85295,2026-04-05 04:07:55,2026-04-06,2026-04-07,0
ck_a48d68e10724d3a9,2025-12-02 23:17:51,2026-04-06,2026-04-07,0
ck_180ca13c358eb45f,2026-02-15 08:55:34,2026-04-06,2026-04-07,0
ck_f5c903cc39f9a37c,2026-01-21 01:54:05,2026-04-06,2026-04-07,0
ck_34feb9f46e78a205,2026-04-05 21:01:00,2026-04-06,2026-04-07,0
ck_ec79efb62f49a7e3,2026-04-05 12:07:22,2026-04-06,2026-04-07,0
ck_f34ad37fb9c3df05,2025-12-06 14:25:15,2026-04-06,2026-04-07,0
ck_ccd1917bebac9986,2026-01-23 06:45:12,2026-04-06,2026-04-07,0
ck_0cfbebc377aa9713,2026-02-02 02:22:42,2026-04-06,2026-04-07,0
ck_b2c627d5574140b6,2025-10-23 11:23:50,2026-04-06,2026-04-07,0
ck_49eb0dd1ffad945a,2025-11-09 18:41:47,2026-04-06,2026-04-07,0
ck_1e88bf60bd65cd92,2026-04-04 18:58:03,2026-04-06,2026-04-07,0
ck_380e20ac173e1129,2026-02-26 17:44:32,2026-04-06,2026-04-07,0
ck_6bb811235475d2f1,2026-04-05 11:23:15,2026-04-06,2026-04-07,0
ck_b0bcdfe7b0965238,2025-09-07 22:10:42,2026-04-06,2026-04-07,0
ck_60304cc43cebd68f,2026-03-07 12:53:43,2026-04-06,2026-04-07,0
ck_7e050ffd8e0c09a4,2026-01-18 03:24:21,2026-04-06,2026-04-07,0
ck_e044a28c666a94ce,2026-04-04 10:09:10,2026-04-06,2026-04-07,0
ck_c22878570a32cf96,2026-03-06 10:09:20,2026-04-06,2026-04-07,0
ck_8bd354a006e321d5,2025-12-06 22:13:23,2026-04-06,2026-04-07,0
ck_c30b1ebe3df2fd1d,2026-02-22 10:59:00,2026-04-06,2026-04-07,0
ck_8d61d37d780a7a3b,2026-01-16 15:13:53,2026-04-06,2026-04-07,0
ck_05bc4b3d5f3d66da,2026-03-07 13:25:18,2026-04-06,2026-04-07,0
ck_92f45a30a55b0022,2026-04-05 17:55:29,2026-04-06,2026-04-07,0
ck_59f3d65c4bf10c2b,2026-03-09 12:52:02,2026-04-06,2026-04-07,0
ck_9bca840d9b9a00a2,2026-02-26 17:37:13,2026-04-06,2026-04-07,0
ck_879630320294ef2b,2026-01-26 06:44:41,2026-04-06,2026-04-07,0
ck_2d4b6a9e8c0fa3e2,2025-10-29 02:43:07,2026-04-06,2026-04-07,0
ck_4072c6995ac7a23f,2026-03-02 02:54:22,2026-04-06,2026-04-07,0
ck_a1d52999e10c8467,2025-06-28 05:39:42,2026-04-06,2026-04-07,0
ck_6da417062c6ac75d,2026-04-05 20:11:19,2026-04-06,2026-04-07,0
ck_a892423241b3af2b,2026-01-24 23:45:17,2026-04-06,2026-04-07,0
ck_6887efcf0feebac7,2026-01-31 20:49:55,2026-04-06,2026-04-07,0
ck_a1f647151e9c7bdc,2025-12-14 05:24:02,2026-04-06,2026-04-07,0
ck_9e0125f0be435f20,2026-04-05 03:28:03,2026-04-06,2026-04-07,0
ck_5722808b29660dd0,2026-02-26 11:34:31,2026-04-06,2026-04-07,0
ck_964a8fa256c9d5f2,2026-04-05 15:25:11,2026-04-06,2026-04-07,1
ck_98a0999da47f36d9,2026-04-04 07:56:39,2026-04-06,2026-04-07,1
ck_f1610fd5315fc7be,2025-12-16 08:40:27,2026-04-06,2026-04-07,0
ck_a571db3b2642ea64,2025-10-20 00:34:20,2026-04-06,2026-04-07,0
ck_eec3e7193d9cbdf7,2026-01-20 21:44:47,2026-04-06,2026-04-07,0
ck_ef897a6e0bcbe22e,2026-04-05 10:55:02,2026-04-06,2026-04-07,0
ck_514974d50e0ab5f9,2025-10-02 13:01:31,2026-04-06,2026-04-07,0
ck_c86a165046caa6b1,2026-01-25 23:53:49,2026-04-06,2026-04-07,0
ck_a72309c9610c247d,2026-03-30 11:35:54,2026-04-06,2026-04-07,0
ck_c23bfd281e32f66f,2025-12-26 04:59:21,2026-04-06,2026-04-07,0
ck_d0b1ca106b76a57c,2026-04-05 13:06:16,2026-04-06,2026-04-07,1
ck_c9650c30230caa98,2026-04-05 01:48:12,2026-04-06,2026-04-07,0
ck_399e5732b6ec0878,2025-11-26 09:12:14,2026-04-06,2026-04-07,0
ck_cb14736b3f64bfe3,2026-04-05 15:03:27,2026-04-06,2026-04-07,0
ck_f8020d885244acd7,2026-01-23 15:11:07,2026-04-06,2026-04-07,0
ck_808ea62953312f34,2025-12-11 16:54:09,2026-04-06,2026-04-07,0
ck_a7a88dfef6da8b8b,2026-01-30 00:39:13,2026-04-06,2026-04-07,0
ck_8aa9c02adf511c69,2026-04-05 07:46:20,2026-04-06,2026-04-07,0
ck_93eb14eb6c5ce549,2026-03-04 13:58:57,2026-04-06,2026-04-07,0
ck_cb88a5fa7863f037,2026-02-19 07:17:37,2026-04-06,2026-04-07,0
ck_18d8af81ff3ef563,2025-12-01 20:13:24,2026-04-06,2026-04-07,0
ck_68e1bc9134294d47,2026-04-04 11:07:56,2026-04-06,2026-04-07,0
ck_2e56503a331ff04b,2026-03-15 18:57:46,2026-04-06,2026-04-07,0
ck_ea541fdd9a1a9df4,2025-07-17 10:20:59,2026-04-06,2026-04-07,0
ck_6dba87264653a28a,2025-11-12 20:36:23,2026-04-06,2026-04-07,0
ck_60beee259f238cb5,2026-04-05 20:14:19,2026-04-06,2026-04-07,1
ck_60f811253494c119,2025-09-08 02:11:08,2026-04-06,2026-04-07,0
ck_cc9728bb009ade03,2025-11-06 08:09:20,2026-04-06,2026-04-07,0
ck_2500d6b9f0264177,2026-03-12 07:59:38,2026-04-06,2026-04-07,0
ck_ed5f065b2f23b1f0,2026-03-31 07:49:20,2026-04-06,2026-04-07,0
ck_68cec898713e6bb8,2025-09-04 01:38:42,2026-04-06,2026-04-07,0
ck_7116a3460cc8eb6f,2025-11-13 17:11:00,2026-04-06,2026-04-07,0
ck_d1367b871cf33d00,2025-08-17 01:12:37,2026-04-06,2026-04-07,0
ck_65a890ebae022b8a,2026-01-17 03:05:08,2026-04-06,2026-04-07,0
ck_cc30ab77937defed,2026-02-12 10:45:34,2026-04-06,2026-04-07,0
ck_e64211d0b8c5e8cc,2025-12-03 03:11:26,2026-04-06,2026-04-07,0
ck_ecfb6b1c1244ab72,2026-02-20 02:25:00,2026-04-06,2026-04-07,1
ck_05bce369d7b9b695,2026-02-13 17:44:30,2026-04-06,2026-04-07,0
ck_0c4c3c5f0d1f5780,2026-01-17 14:29:52,2026-04-06,2026-04-07,0
ck_29da0dc9f3fb3aaa,2026-01-10 08:30:23,2026-04-06,2026-04-07,0
ck_d4e81c6aad1fa9f9,2025-09-29 15:33:09,2026-04-06,2026-04-07,0
ck_dabf3906406dbf5d,2026-02-26 23:37:55,2026-04-06,2026-04-07,0
ck_420801f48cfe58c2,2025-11-16 21:33:53,2026-04-06,2026-04-07,0
ck_8cb26f36e76f9d6e,2025-12-23 02:05:51,2026-04-06,2026-04-07,0
ck_078002b4b4948138,2026-04-03 18:24:45,2026-04-06,2026-04-07,1
ck_5d5b70cac4343e5a,2026-02-21 21:09:28,2026-04-06,2026-04-07,0
ck_74bcdeb92407d4ca,2026-04-02 13:44:34,2026-04-06,2026-04-07,0
ck_66168b1333bc4d95,2026-04-03 14:43:05,2026-04-06,2026-04-07,1
ck_7c0059283ba42bde,2026-04-05 00:17:16,2026-04-06,2026-04-07,0
ck_78a30c3732db2c0c,2025-11-23 19:25:15,2026-04-06,2026-04-07,0
ck_6beadc88a348bede,2026-03-27 23:09:06,2026-04-06,2026-04-07,0
ck_3b13e53822bdf993,2026-02-06 08:53:55,2026-04-06,2026-04-07,0
ck_debe27aeb5a12e61,2025-10-10 08:43:41,2026-04-06,2026-04-07,0
ck_432a3d190094fb95,2026-03-14 23:15:38,2026-04-06,2026-04-07,0
ck_63a3421264e17f69,2025-09-22 02:18:51,2026-04-06,2026-04-07,0
ck_3715788b7a80790d,2026-04-05 21:31:26,2026-04-06,2026-04-07,0
ck_9f8ab7dc1aa9721c,2026-03-03 11:18:38,2026-04-06,2026-04-07,0
ck_4916ccb59fbe9b8e,2026-04-02 06:34:21,2026-04-06,2026-04-07,0
ck_15000e7cd3ae0e63,2025-11-01 19:22:23,2026-04-06,2026-04-07,0
ck_f8df0f59f0e0004c,2026-04-05 02:07:39,2026-04-06,2026-04-07,0
ck_15b4a7a4bf92ea74,2026-04-05 19:00:50,2026-04-06,2026-04-07,0
ck_388c5e441a0f1be2,2026-04-05 20:24:58,2026-04-06,2026-04-07,0
ck_a372c374ee090eac,2026-02-14 17:11:58,2026-04-06,2026-04-07,0
ck_ca85ed0d27a51059,2025-12-16 22:22:06,2026-04-06,2026-04-07,0
ck_1d3edabe2760a220,2026-02-23 12:03:34,2026-04-06,2026-04-07,0
ck_fb12817f98a8a9be,2026-01-26 00:09:07,2026-04-06,2026-04-07,0
ck_ed8d84666d16906e,2026-01-04 07:49:24,2026-04-06,2026-04-07,0
ck_186c9ee987e192de,2026-03-21 06:49:16,2026-04-06,2026-04-07,0
ck_bc87436952d034fd,2026-04-04 00:46:09,2026-04-06,2026-04-07,0
ck_6bec80c90a70cc61,2025-12-18 15:07:49,2026-04-06,2026-04-07,0
ck_164df32c3626cdce,2026-01-19 06:26:32,2026-04-06,2026-04-07,0
ck_27115f49bccd6d1f,2025-07-16 20:32:35,2026-04-06,2026-04-07,0
ck_4aef66082b3e8852,2026-02-11 05:57:41,2026-04-06,2026-04-07,0
ck_b7b7571e8829d224,2026-01-02 16:05:45,2026-04-06,2026-04-07,0
ck_81b8742eaa8070e2,2026-04-04 12:21:45,2026-04-06,2026-04-07,1
ck_57847b646ead2bae,2026-04-05 11:48:41,2026-04-06,2026-04-07,0
ck_c03405cc9a92093a,2026-01-25 17:57:11,2026-04-06,2026-04-07,0
ck_0cbb1e6d08954856,2026-02-05 02:02:13,2026-04-06,2026-04-07,0
ck_6b1c45001c66b55b,2025-12-09 04:54:29,2026-04-06,2026-04-07,0
ck_ede0c1c947a50ac9,2026-04-05 16:10:37,2026-04-06,2026-04-07,0
ck_bc0c3ecce3dca8f4,2025-12-29 08:47:15,2026-04-06,2026-04-07,0
ck_3d1f70593407d84e,2026-04-05 15:35:46,2026-04-06,2026-04-07,0
ck_a0ef311cf8c41f11,2025-11-20 21:14:43,2026-04-06,2026-04-07,0
ck_99a025b5e7ab8ed6,2026-04-04 13:42:18,2026-04-06,2026-04-07,0
ck_b4e0ba81eccf5219,2025-10-18 19:40:01,2026-04-06,2026-04-07,0
ck_6f906f7f57a02346,2025-12-08 00:22:30,2026-04-06,2026-04-07,0
ck_5f40dc00c5274c4b,2025-12-09 05:10:10,2026-04-06,2026-04-07,0
ck_11b562995c56b892,2025-12-24 11:06:07,2026-04-06,2026-04-07,0
ck_714d5589e95294ee,2025-11-14 09:53:16,2026-04-06,2026-04-07,1
ck_6e6ae906a79f71e1,2026-02-20 03:26:12,2026-04-06,2026-04-07,0
ck_9e47e825b6a4fb07,2026-04-03 22:24:13,2026-04-06,2026-04-07,0
ck_5209d0d256396fde,2025-03-16 12:31:10,2026-04-06,2026-04-07,0
ck_fa7a54edafd5c5af,2026-01-31 04:10:08,2026-04-06,2026-04-07,0
ck_4a27ba9cac88ceb2,2026-01-13 22:22:36,2026-04-06,2026-04-07,0
ck_3f8411c787dd7ea9,2026-01-08 07:52:35,2026-04-06,2026-04-07,0
ck_b8119de8d7171288,2026-04-05 21:54:39,2026-04-06,2026-04-07,0
ck_f03f40594a46a81b,2026-04-02 17:15:29,2026-04-06,2026-04-07,0
ck_00c4ffd7008dcb87,2026-04-04 14:32:50,2026-04-06,2026-04-07,0
ck_1386d956dd6f2688,2025-08-14 13:49:38,2026-04-06,2026-04-07,0
ck_d872abde6225dfde,2026-02-28 05:45:54,2026-04-06,2026-04-07,0
ck_28e91b41eec18d62,2026-04-04 07:26:49,2026-04-06,2026-04-07,0
ck_e28b0828edb559b7,2026-04-04 19:04:49,2026-04-06,2026-04-07,1
ck_8dcfdb1f305860ae,2026-03-07 12:33:22,2026-04-06,2026-04-07,0
ck_306e76cdba9212d8,2025-07-02 20:09:10,2026-04-06,2026-04-07,0
ck_c424c4dfb92920fd,2026-04-05 18:16:29,2026-04-06,2026-04-07,0
ck_e95336ebfb652072,2026-01-25 15:38:52,2026-04-06,2026-04-07,0
ck_b87d50ffc9bd9426,2026-04-05 17:14:21,2026-04-06,2026-04-07,0
ck_965cb332f6e046ab,2025-11-27 02:38:21,2026-04-06,2026-04-07,0
ck_4915c21b6f0a9f40,2026-01-16 10:01:45,2026-04-06,2026-04-07,0
ck_b6e9a7500d2c5213,2025-08-28 10:44:52,2026-04-06,2026-04-07,0
ck_4d6280b9d9b57c6d,2026-02-14 20:07:37,2026-04-06,2026-04-07,0
ck_38b7e8d40f9cd414,2026-01-01 01:17:18,2026-04-06,2026-04-07,0
ck_d9405a4d4d9eb451,2026-01-10 19:26:49,2026-04-06,2026-04-07,0
ck_6a902effecb0d3d5,2026-04-02 05:24:15,2026-04-06,2026-04-07,1
ck_1297ca9f69416046,2025-12-25 08:54:06,2026-04-06,2026-04-07,0
ck_e62d0daf6bb327ac,2026-01-22 04:13:24,2026-04-06,2026-04-07,0
ck_99b7d8d41671a841,2026-04-04 13:20:12,2026-04-06,2026-04-07,0
ck_84da7afdd781b81c,2026-01-07 17:02:08,2026-04-06,2026-04-07,0
ck_f32b3871741029fd,2025-11-02 13:11:51,2026-04-06,2026-04-07,0
ck_1dc96872a43228b1,2026-04-05 09:01:17,2026-04-06,2026-04-07,0
ck_5a0173076baf470b,2026-02-10 00:41:53,2026-04-06,2026-04-07,0
ck_4d66725bf6b89765,2026-03-01 09:16:01,2026-04-06,2026-04-07,1
ck_c143a809c03d9a25,2025-10-23 17:39:08,2026-04-06,2026-04-07,0
ck_20e25b695e31db3b,2026-01-27 14:13:16,2026-04-06,2026-04-07,1
ck_8719c35d50e47ddd,2026-01-19 14:52:25,2026-04-06,2026-04-07,0
ck_7c0338780a7edacd,2026-02-13 08:37:25,2026-04-06,2026-04-07,0
ck_b790e586551abc37,2026-01-27 08:37:11,2026-04-06,2026-04-07,0
ck_68735c78eb46f51b,2026-02-25 10:26:37,2026-04-06,2026-04-07,0
ck_8c72f0c60059804b,2026-03-20 18:46:43,2026-04-07,2026-04-08,0
ck_c97fd164f4b523a7,2025-10-06 17:53:43,2026-04-07,2026-04-08,0
ck_35d78569b1f4debb,2025-11-07 17:46:32,2026-04-07,2026-04-08,0
ck_bea96cf00324e282,2026-04-06 16:48:55,2026-04-07,2026-04-08,1
ck_c8b2df830e7f29a3,2025-12-20 20:12:01,2026-04-07,2026-04-08,0
ck_b7ba8621d3e26da6,2026-04-02 04:17:34,2026-04-07,2026-04-08,0
ck_b44591290673ae38,2026-04-06 12:07:44,2026-04-07,2026-04-08,0
ck_200d79d1430e18fd,2026-04-05 16:40:15,2026-04-07,2026-04-08,0
ck_37a28af695975fda,2025-12-31 04:58:57,2026-04-07,2026-04-08,0
ck_6785b44d007e1fd5,2025-12-27 18:08:01,2026-04-07,2026-04-08,0
ck_52ccc18f3e29e1d9,2025-12-13 15:29:43,2026-04-07,2026-04-08,0
ck_b648845ac4f9d87f,2026-03-15 09:12:06,2026-04-07,2026-04-08,0
ck_2d0c62312ea9f312,2026-04-06 18:45:15,2026-04-07,2026-04-08,0
ck_656d629fb6d5f98f,2026-01-29 18:35:21,2026-04-07,2026-04-08,0
ck_698568cd1ccc3871,2026-04-06 22:56:25,2026-04-07,2026-04-08,1
ck_99bc1b4c7e76d283,2026-02-16 15:54:38,2026-04-07,2026-04-08,0
ck_72968b305c181fa5,2026-01-30 22:45:58,2026-04-07,2026-04-08,0
ck_510d66ea5b8ce683,2025-12-22 13:47:43,2026-04-07,2026-04-08,0
ck_69ece4bc825fcf38,2025-09-22 23:46:19,2026-04-07,2026-04-08,1
ck_4efaecdc1e76654e,2026-02-05 15:13:46,2026-04-07,2026-04-08,0
ck_287b6c7bf856e83d,2026-01-05 17:52:03,2026-04-07,2026-04-08,0
ck_c07eaa2d70250408,2025-09-22 18:06:00,2026-04-07,2026-04-08,0
ck_bbeb4f3f702fa3e1,2026-02-15 09:33:45,2026-04-07,2026-04-08,0
ck_ec3677e4c859243b,2026-04-06 17:09:13,2026-04-07,2026-04-08,0
ck_4122c52e15f7e3ae,2025-11-22 09:17:03,2026-04-07,2026-04-08,0
ck_4007cb035500edc2,2025-11-16 10:20:12,2026-04-07,2026-04-08,0
ck_6067017af5544227,2026-01-14 07:20:12,2026-04-07,2026-04-08,0
ck_c182f8abaa06666b,2026-04-04 01:28:12,2026-04-07,2026-04-08,1
ck_16ccf9ee2d4ab94b,2026-04-06 01:06:52,2026-04-07,2026-04-08,0
ck_8598c3902689a855,2026-02-09 05:12:29,2026-04-07,2026-04-08,0
ck_6b744827cb66b53a,2025-11-29 12:11:07,2026-04-07,2026-04-08,0
ck_0b174ee2059fe014,2026-04-05 07:44:51,2026-04-07,2026-04-08,0
ck_57e3e7b1ea731039,2026-02-14 07:53:06,2026-04-07,2026-04-08,0
ck_893ff86702da0599,2026-03-26 21:51:37,2026-04-07,2026-04-08,0
ck_c9576ae82adf409f,2026-02-08 10:15:57,2026-04-07,2026-04-08,0
ck_605461dbe6067a41,2026-04-06 13:53:08,2026-04-07,2026-04-08,0
ck_b6a6fee6f0938d0d,2025-11-05 14:14:03,2026-04-07,2026-04-08,0
ck_ef23b79a84aebde5,2025-11-04 14:10:01,2026-04-07,2026-04-08,0
ck_582b154d9048bfdd,2026-01-20 19:34:25,2026-04-07,2026-04-08,0
ck_a2a36067392479b9,2025-11-28 06:28:34,2026-04-07,2026-04-08,0
ck_25ed07b49140aa77,2026-03-12 21:21:52,2026-04-07,2026-04-08,0
ck_8df079039843d1e8,2026-04-06 06:37:49,2026-04-07,2026-04-08,0
ck_8038dfcef9be6e5b,2026-03-25 00:24:31,2026-04-07,2026-04-08,0
ck_39e1ddeedd8ba042,2026-04-05 14:44:20,2026-04-07,2026-04-08,0
ck_a26446e4e8fcd2b3,2026-04-04 06:30:18,2026-04-07,2026-04-08,0
ck_4abae4e3ec29a9db,2026-01-05 23:45:51,2026-04-07,2026-04-08,0
ck_40305a93b11db2f3,2026-02-28 10:42:26,2026-04-07,2026-04-08,0
ck_32e269434f6f1922,2026-01-04 22:32:03,2026-04-07,2026-04-08,0
ck_7523350d516f4685,2026-01-20 21:54:12,2026-04-07,2026-04-08,0
ck_5708646b84688fb8,2025-11-25 23:04:38,2026-04-07,2026-04-08,0
ck_b584490d469f9353,2026-04-05 23:14:22,2026-04-07,2026-04-08,0
ck_35ecfd31685ce6dc,2025-09-06 18:16:58,2026-04-07,2026-04-08,0
ck_617206cf219fc1ba,2026-02-23 17:38:18,2026-04-07,2026-04-08,0
ck_14598c403c105f7f,2026-01-25 05:26:07,2026-04-07,2026-04-08,0
ck_93548b8fdccdf199,2026-02-06 04:43:50,2026-04-07,2026-04-08,0
ck_673f76fa0c05bbdd,2025-10-16 20:44:40,2026-04-07,2026-04-08,0
ck_3461e957e7ed4c93,2026-02-24 05:23:46,2026-04-07,2026-04-08,1
ck_6c5de5db72be05fe,2025-11-25 00:01:40,2026-04-07,2026-04-08,0
ck_850648a25b2c5e51,2026-01-31 23:51:41,2026-04-07,2026-04-08,0
ck_4722a5267f01989a,2026-04-06 09:49:35,2026-04-07,2026-04-08,0
ck_128c1d5383c0f763,2026-01-18 16:44:43,2026-04-07,2026-04-08,0
ck_9fefc1b176f40629,2026-03-09 01:26:59,2026-04-07,2026-04-08,1
ck_fb96722e45809335,2026-03-12 08:20:55,2026-04-07,2026-04-08,0
ck_aeac508257dd9334,2026-02-07 23:39:48,2026-04-07,2026-04-08,0
ck_947e9b9fbce8e4b6,2025-11-13 05:06:46,2026-04-07,2026-04-08,1
ck_ebe95cebb314ca46,2026-03-25 17:25:09,2026-04-07,2026-04-08,0
ck_e0d959f18c825df3,2026-02-21 00:23:36,2026-04-07,2026-04-08,0
ck_0fe5acbcb4ec9c62,2026-04-06 12:41:44,2026-04-07,2026-04-08,0
ck_9ba972f6aee48405,2026-02-06 04:38:20,2026-04-07,2026-04-08,0
ck_47be85780538b57f,2026-01-16 19:31:24,2026-04-07,2026-04-08,0
ck_6b5727ff65b5960b,2026-02-05 14:56:56,2026-04-07,2026-04-08,0
ck_077a7f39cf3a44f0,2025-12-21 08:44:10,2026-04-07,2026-04-08,0
ck_588d0c2ed26a5667,2026-02-04 15:35:11,2026-04-07,2026-04-08,0
ck_fd8fb53fda5f1d2b,2025-08-29 23:02:38,2026-04-07,2026-04-08,0
ck_2a0a8b65447683f0,2026-03-09 21:16:09,2026-04-07,2026-04-08,0
ck_d89cf4078383126a,2026-03-07 05:50:33,2026-04-07,2026-04-08,0
ck_a305090f3e90e811,2026-04-06 13:13:00,2026-04-07,2026-04-08,0
ck_27b836cb6e959791,2026-03-12 04:18:42,2026-04-07,2026-04-08,0
ck_77c31b573816e7cb,2026-04-06 22:31:39,2026-04-07,2026-04-08,0
ck_f2838b88395f3aca,2026-02-07 19:14:13,2026-04-07,2026-04-08,0
ck_1739f66765ff4811,2025-11-10 01:20:53,2026-04-07,2026-04-08,0
ck_3d7f00d9d185f418,2026-03-23 03:01:47,2026-04-07,2026-04-08,0
ck_56f5d314100d6d64,2026-01-28 08:06:09,2026-04-07,2026-04-08,0
ck_94c57ac28dbc0d49,2026-04-06 09:37:37,2026-04-07,2026-04-08,0
ck_b34ce2bf89da949c,2026-01-14 08:34:45,2026-04-07,2026-04-08,0
ck_133ec5e1037c010d,2026-03-07 00:02:50,2026-04-07,2026-04-08,0
ck_a41f6797e15d9acf,2026-01-05 23:54:55,2026-04-07,2026-04-08,0
ck_a076aa000584d001,2026-04-06 01:10:04,2026-04-07,2026-04-08,1
ck_33e32c915872920d,2026-04-04 00:58:56,2026-04-07,2026-04-08,0
ck_ff2dca3858961f2d,2025-10-24 23:21:02,2026-04-07,2026-04-08,0
ck_66721d5921ac7370,2026-04-05 22:40:16,2026-04-07,2026-04-08,0
ck_436469a08dcfea7b,2026-02-10 03:41:53,2026-04-07,2026-04-08,0
ck_2ed90f1cbf693a94,2026-04-02 00:07:25,2026-04-07,2026-04-08,0
ck_6b2f1f7f6d0417ba,2025-12-04 06:53:26,2026-04-07,2026-04-08,0
ck_978c8cd357d18490,2025-10-14 19:08:34,2026-04-07,2026-04-08,0
ck_8f8e07c4aef7c6fd,2026-01-11 08:32:45,2026-04-07,2026-04-08,0
ck_f312ae4483257fea,2026-03-03 18:31:17,2026-04-07,2026-04-08,0
ck_d7d0d7c127e6da01,2026-04-03 23:03:28,2026-04-07,2026-04-08,0
ck_35deb75f40ff9859,2026-02-18 10:23:30,2026-04-07,2026-04-08,1
ck_f9db1e34752a6dd3,2026-02-22 22:20:34,2026-04-07,2026-04-08,0
ck_54274902ead1773e,2026-04-05 09:45:32,2026-04-07,2026-04-08,0
ck_0e826d162ad49633,2025-08-31 23:34:08,2026-04-07,2026-04-08,0
ck_5c26c8c6097300f3,2026-03-04 01:45:58,2026-04-07,2026-04-08,0
ck_946ff59f6f5e325a,2025-10-14 12:26:39,2026-04-07,2026-04-08,0
ck_b73f9f05b2da8818,2025-08-06 10:22:45,2026-04-07,2026-04-08,0
ck_de722974f1d056de,2026-04-06 16:29:58,2026-04-07,2026-04-08,0
ck_cf6b90917bdd3bd5,2025-08-25 04:45:10,2026-04-07,2026-04-08,0
ck_7e2e016c41271bc2,2025-09-25 03:54:02,2026-04-07,2026-04-08,0
ck_a0ffcad6a3fa589e,2025-11-27 11:29:19,2026-04-07,2026-04-08,0
ck_669df65fbdd4ffb4,2026-03-27 08:09:53,2026-04-07,2026-04-08,0
ck_32f7f90c98f389f6,2025-11-05 17:25:01,2026-04-07,2026-04-08,1
ck_d6cd2e957f758107,2026-03-08 14:25:06,2026-04-07,2026-04-08,0
ck_2b83b16ae70312cd,2026-03-09 16:53:31,2026-04-07,2026-04-08,0
ck_f627d500a854472a,2026-04-06 12:45:42,2026-04-07,2026-04-08,0
ck_ae8dadbcb956b1ba,2026-04-06 02:05:45,2026-04-07,2026-04-08,0
ck_2a6acf2bd5074115,2025-12-26 09:36:30,2026-04-07,2026-04-08,0
ck_6efa941c345db648,2026-03-01 12:11:48,2026-04-07,2026-04-08,0
ck_99a4189fb9889957,2026-04-05 11:01:00,2026-04-07,2026-04-08,0
ck_80844d8c0e142ccc,2026-01-27 21:10:42,2026-04-07,2026-04-08,0
ck_2e1b03ef091fda3e,2026-04-06 16:45:35,2026-04-07,2026-04-08,0
ck_f053b600ae71d581,2025-10-07 10:46:13,2026-04-07,2026-04-08,0
ck_1e7344c1b4a5a7f1,2025-11-05 19:57:51,2026-04-07,2026-04-08,0
ck_af07d58051dea75a,2025-10-11 10:53:24,2026-04-07,2026-04-08,0
ck_02687f1d6755c2bb,2026-01-19 08:44:20,2026-04-07,2026-04-08,0
ck_4bcd49cf739b38ca,2025-10-12 23:10:46,2026-04-07,2026-04-08,0
ck_52a0cee7163e29c8,2025-09-05 21:08:35,2026-04-07,2026-04-08,0
ck_1dfece4bd50fce78,2026-04-04 04:26:47,2026-04-07,2026-04-08,0
ck_df92cd85fdf22210,2026-04-05 06:12:52,2026-04-07,2026-04-08,0
ck_d754d9adaeb1df18,2026-04-05 01:49:25,2026-04-07,2026-04-08,0
ck_a97000318813cfe1,2025-09-06 14:03:30,2026-04-07,2026-04-08,0
ck_67b9cebf04d26378,2026-03-16 12:06:18,2026-04-07,2026-04-08,0
ck_4d50d54a893b1746,2026-03-28 13:38:00,2026-04-07,2026-04-08,0
ck_4ec012437e11ba13,2026-02-01 03:32:16,2026-04-07,2026-04-08,0
ck_e6934546e85bc769,2026-02-05 04:33:02,2026-04-07,2026-04-08,0
ck_ef4afed4c89ddae0,2026-04-06 06:58:44,2026-04-07,2026-04-08,0
ck_5fa8e435fa206486,2026-04-06 15:22:20,2026-04-07,2026-04-08,0
ck_ede32272ba0361d7,2026-03-23 11:19:48,2026-04-07,2026-04-08,0
ck_4466674af9096cd6,2026-04-06 09:05:18,2026-04-07,2026-04-08,0
ck_b857861ff7b4c795,2026-04-06 00:57:00,2026-04-07,2026-04-08,0
ck_65b28f21b1cc574d,2026-04-01 16:30:36,2026-04-07,2026-04-08,0
ck_d06c57d7adaa1272,2026-02-24 22:53:16,2026-04-07,2026-04-08,0
ck_a79cc426b2ad46a1,2026-01-21 11:53:47,2026-04-07,2026-04-08,0
ck_4586dce235078f0d,2026-04-05 15:50:40,2026-04-07,2026-04-08,0
ck_853fa75b97b7aa3b,2026-01-29 22:29:24,2026-04-07,2026-04-08,0
ck_f928e05794f53f9e,2026-02-10 17:59:05,2026-04-07,2026-04-08,0
ck_f564d6a2cce36c4c,2026-03-05 12:20:03,2026-04-07,2026-04-08,0
ck_2ebb06f9ec0c3cc0,2026-03-05 00:59:07,2026-04-07,2026-04-08,0
ck_323d2c0f068b967e,2025-08-28 15:43:28,2026-04-07,2026-04-08,0
ck_48eba3bfc27314d4,2025-09-08 13:58:37,2026-04-07,2026-04-08,0
ck_1af02bc5a71775b7,2026-02-17 23:48:21,2026-04-07,2026-04-08,0
ck_61cfff6edb76137f,2025-12-14 05:50:14,2026-04-07,2026-04-08,0
ck_66b7518227d11afe,2025-12-02 15:18:51,2026-04-07,2026-04-08,0
ck_3e3cb23aa701f0ba,2025-10-26 13:36:49,2026-04-07,2026-04-08,0
ck_ddb9ab621d477a9b,2025-09-29 23:47:14,2026-04-07,2026-04-08,0
ck_810bf6415cb4597b,2026-01-02 02:38:13,2026-04-07,2026-04-08,0
ck_06c2b3ff2b6f766b,2026-04-06 06:19:59,2026-04-07,2026-04-08,0
ck_581b61b7306fed40,2026-03-12 10:14:26,2026-04-07,2026-04-08,0
ck_0c4bf5c8b702d7b9,2025-10-12 08:38:27,2026-04-07,2026-04-08,0
ck_3473eee82dde04f5,2026-04-06 14:10:43,2026-04-07,2026-04-08,0
ck_36f9379d68d1c6cd,2025-12-17 09:16:15,2026-04-07,2026-04-08,0
ck_310a35e60eacb728,2026-01-29 04:34:44,2026-04-07,2026-04-08,0
ck_2cd0b32b04f9e790,2026-01-16 00:52:53,2026-04-07,2026-04-08,0
ck_e492fcd668740d3f,2025-09-07 21:23:12,2026-04-07,2026-04-08,0
ck_6cf5e8e3874266f8,2025-11-16 20:17:15,2026-04-07,2026-04-08,1
ck_94ccb21506070886,2026-04-06 06:39:07,2026-04-07,2026-04-08,0
ck_11f6318c7ed9958e,2026-03-30 05:32:13,2026-04-07,2026-04-08,0
ck_4676fac3270159a6,2026-03-13 21:30:01,2026-04-07,2026-04-08,0
ck_1202312f92d97519,2026-02-21 09:13:03,2026-04-07,2026-04-08,0
ck_90ff92974e34a4da,2026-04-05 12:59:01,2026-04-07,2026-04-08,0
ck_450cc738e751ddf7,2026-01-14 04:17:24,2026-04-07,2026-04-08,0
ck_8b71d52a06f5d52e,2026-03-16 14:13:33,2026-04-07,2026-04-08,0
ck_eb8b9f52d965d843,2025-12-06 00:57:54,2026-04-07,2026-04-08,0
ck_dd6c3c9071d120be,2025-12-11 00:09:14,2026-04-07,2026-04-08,0
ck_44d1b516c0c26e56,2026-03-21 22:23:01,2026-04-07,2026-04-08,0
ck_09ce75bceac19fbe,2025-12-30 17:53:35,2026-04-07,2026-04-08,0
ck_b298c0e3adbaa08d,2026-01-26 12:10:00,2026-04-07,2026-04-08,0
ck_a028a4fd4f5ad5ae,2025-12-30 18:30:07,2026-04-07,2026-04-08,0
ck_e24bc446f7b93141,2026-04-05 21:26:50,2026-04-07,2026-04-08,0
ck_390362404fd6a1f2,2026-02-02 13:06:21,2026-04-07,2026-04-08,0
ck_3f51b77dc678790c,2026-04-05 04:14:55,2026-04-07,2026-04-08,0
ck_55bbc35e5081acce,2026-04-06 02:59:58,2026-04-07,2026-04-08,0
ck_1cdac81eb7f924ee,2026-01-14 07:29:13,2026-04-07,2026-04-08,0
ck_19bb56a454458b4a,2026-02-17 04:06:20,2026-04-07,2026-04-08,0
ck_9673581ae87ac9c8,2026-03-08 19:01:26,2026-04-07,2026-04-08,0
ck_7cda81b3d3cef08f,2025-10-20 23:07:16,2026-04-07,2026-04-08,0
ck_a7c531ad6024fff8,2026-01-11 09:54:34,2026-04-07,2026-04-08,0
ck_9da2ece3793f825a,2026-04-03 10:10:20,2026-04-07,2026-04-08,0
ck_64a62741bf18c6b3,2026-02-01 23:09:43,2026-04-07,2026-04-08,0
ck_9d50971d4c84f614,2026-04-06 18:43:15,2026-04-07,2026-04-08,0
ck_b0eadbd98141fd5f,2026-02-05 18:20:54,2026-04-07,2026-04-08,1
ck_2898f1fb09554879,2026-04-05 18:53:01,2026-04-07,2026-04-08,0
ck_f451cfdf71e2f16a,2026-02-18 15:54:49,2026-04-07,2026-04-08,0
ck_d01af3615a87d6b2,2025-12-13 13:15:18,2026-04-07,2026-04-08,0
ck_06dc604de5d2743a,2026-04-03 00:28:42,2026-04-07,2026-04-08,0
ck_45a2a1db7547f890,2026-03-09 14:49:44,2026-04-07,2026-04-08,0
ck_b365841b8a185e77,2026-01-09 10:31:14,2026-04-07,2026-04-08,0
ck_675d9019cdad2d7b,2025-12-25 17:17:39,2026-04-07,2026-04-08,0
ck_9a1391e04dd75dab,2026-02-12 22:08:35,2026-04-07,2026-04-08,0
ck_07aec42b7ebd485f,2026-03-26 05:36:01,2026-04-07,2026-04-08,0
ck_beb3d69d9d2b14ce,2026-04-06 10:33:55,2026-04-07,2026-04-08,0
ck_f8152b98816163a4,2025-11-09 17:31:37,2026-04-07,2026-04-08,0
ck_77d34c73cd060adf,2025-11-27 08:46:30,2026-04-07,2026-04-08,0
ck_6174b76673f316f0,2026-03-13 19:12:49,2026-04-07,2026-04-08,0
ck_f61d2da31b689117,2025-10-01 11:59:58,2026-04-07,2026-04-08,0
ck_9b1613f5402f3415,2026-02-22 22:01:22,2026-04-07,2026-04-08,0
ck_9bf704888373532a,2025-11-25 15:18:58,2026-04-07,2026-04-08,0
ck_59276c71233ff9eb,2025-12-23 11:12:22,2026-04-07,2026-04-08,0
ck_2d7bd8f6151730dd,2025-08-01 16:18:06,2026-04-07,2026-04-08,0
ck_06fce535563d6d3a,2025-11-20 09:47:44,2026-04-07,2026-04-08,0
ck_786a1b283b130219,2026-01-18 20:26:50,2026-04-07,2026-04-08,0
ck_9ef348ff4eec8c9c,2026-04-06 03:57:22,2026-04-07,2026-04-08,0
ck_df450f097d1aa3a6,2026-01-27 04:30:55,2026-04-07,2026-04-08,0
ck_24222fe8b6a61501,2025-12-23 13:16:50,2026-04-07,2026-04-08,1
ck_7e6c81457f3c3ede,2025-11-03 22:19:08,2026-04-07,2026-04-08,0
ck_4ba8d2541ab2635f,2026-03-26 19:13:12,2026-04-07,2026-04-08,0
ck_423716e1860af69b,2025-10-15 21:43:16,2026-04-07,2026-04-08,0
ck_fb95c0dc27acc7b6,2026-02-04 04:14:55,2026-04-07,2026-04-08,0
ck_c4df772d206e0400,2026-01-13 02:15:03,2026-04-07,2026-04-08,0
ck_9bd57929e57acd06,2026-02-15 23:50:30,2026-04-07,2026-04-08,0
ck_fbc4876185484165,2026-04-06 16:16:36,2026-04-07,2026-04-08,0
ck_780aa08a466ba5a3,2025-12-10 03:23:12,2026-04-07,2026-04-08,0
ck_98e8b73223b88a4b,2026-02-22 22:13:07,2026-04-07,2026-04-08,0
ck_7cf67b7fbd724de9,2025-10-11 07:12:17,2026-04-07,2026-04-08,0
ck_f399f83f673dc5cc,2026-04-05 05:03:27,2026-04-07,2026-04-08,0
ck_cea2197c351c6aae,2026-02-19 07:33:05,2026-04-07,2026-04-08,0
ck_1f67db494e988929,2025-12-16 21:08:06,2026-04-07,2026-04-08,0
ck_083bd8853166fc6a,2026-01-03 16:52:46,2026-04-07,2026-04-08,0
ck_9ed37c83ec4b3c5e,2026-02-14 13:51:43,2026-04-07,2026-04-08,0
ck_9f4585a394966c41,2025-11-15 17:31:09,2026-04-07,2026-04-08,0
ck_5d6f0fab7811e939,2025-11-04 12:46:38,2026-04-07,2026-04-08,0
ck_da1c87fffc0f452a,2025-12-30 15:25:39,2026-04-07,2026-04-08,0
ck_7677f5efe8dcc205,2026-01-03 16:29:25,2026-04-07,2026-04-08,0
ck_e81b1d07407894a2,2026-03-16 08:00:01,2026-04-07,2026-04-08,0
ck_a4cb2bf3583b9a19,2026-01-16 13:53:10,2026-04-07,2026-04-08,0
ck_66fe719cafdba423,2026-01-08 01:16:02,2026-04-07,2026-04-08,0
ck_bafe4dbe8dc81de6,2026-03-06 21:49:17,2026-04-07,2026-04-08,0
ck_eb27c2b22ce13205,2026-04-06 21:09:40,2026-04-07,2026-04-08,0
ck_df9f0cb8d2bcb27a,2026-01-09 00:25:58,2026-04-07,2026-04-08,0
ck_9ec545573aa96a81,2026-04-06 15:10:46,2026-04-07,2026-04-08,0
ck_f642a84e225b087c,2026-04-04 02:11:50,2026-04-07,2026-04-08,1
ck_ca9925a08f8db916,2026-04-06 19:55:19,2026-04-07,2026-04-08,1
ck_7d60f7aa1963b86b,2026-04-06 02:58:41,2026-04-07,2026-04-08,1
ck_432c668343bd420b,2026-03-03 18:46:52,2026-04-07,2026-04-08,0
ck_62d307f16324b3de,2025-12-12 22:02:14,2026-04-07,2026-04-08,0
ck_b1cff0b3e8415c7f,2026-02-08 01:50:22,2026-04-07,2026-04-08,0
ck_ec1cb94f7a71c596,2025-10-07 02:03:53,2026-04-07,2026-04-08,0
ck_2af0acf8106664ed,2026-01-03 20:50:20,2026-04-07,2026-04-08,0
ck_3d20f5455d154dce,2026-04-06 10:41:45,2026-04-07,2026-04-08,0
ck_0fd97c190f7ec983,2025-12-21 22:54:06,2026-04-07,2026-04-08,0
ck_aa74a88b10dd5fde,2026-01-12 08:08:42,2026-04-07,2026-04-08,0
ck_efebc31ffcce2bc8,2025-08-02 23:18:18,2026-04-07,2026-04-08,0
ck_a0cfefad9aa3e329,2026-02-18 03:47:42,2026-04-07,2026-04-08,0
ck_96fb1bdb3b87ce94,2025-11-18 09:44:25,2026-04-07,2026-04-08,0
ck_8da3acf08d1b9728,2025-12-11 23:57:48,2026-04-07,2026-04-08,1
ck_9d60ae615ed747dc,2026-03-16 21:09:00,2026-04-07,2026-04-08,0
ck_4cae9da2cbe6680c,2026-02-11 20:46:54,2026-04-07,2026-04-08,0
ck_0785f688d8376ecf,2026-03-15 14:11:10,2026-04-07,2026-04-08,0
ck_07ace766d60e690d,2026-04-06 17:53:40,2026-04-07,2026-04-08,0
ck_d314c2d36b25c039,2026-04-06 08:50:09,2026-04-07,2026-04-08,0
ck_9c63776a772029da,2026-04-04 10:06:03,2026-04-07,2026-04-08,0
ck_4e50105b467eab6b,2026-02-05 12:19:03,2026-04-07,2026-04-08,0
ck_add06bac28292dbf,2026-04-04 19:05:00,2026-04-07,2026-04-08,0
ck_c368d5ea58948f58,2026-02-04 00:18:14,2026-04-07,2026-04-08,0
ck_a013ea6efc951170,2026-01-14 18:42:53,2026-04-07,2026-04-08,0
ck_b0c4deeeb9988e3a,2026-04-06 22:41:12,2026-04-07,2026-04-08,0
ck_af9ad6326a5b29e8,2026-04-06 03:56:10,2026-04-07,2026-04-08,1
ck_93ac02c2b05cae2c,2026-03-27 23:20:03,2026-04-07,2026-04-08,0
ck_9f1ea6c8053e203d,2025-12-07 13:58:05,2026-04-07,2026-04-08,0
ck_2df52db94e47518b,2026-01-17 13:57:54,2026-04-07,2026-04-08,0
ck_d6dd8369df036e30,2026-04-06 17:15:02,2026-04-07,2026-04-08,0
ck_2fa4ab61bfe5d216,2026-04-06 14:12:01,2026-04-07,2026-04-08,0
ck_99a6f6bb2c42852d,2026-01-31 08:31:45,2026-04-07,2026-04-08,0
ck_668415888028f012,2026-01-05 23:43:36,2026-04-07,2026-04-08,0
ck_85a88471d4e28276,2026-03-06 18:06:54,2026-04-07,2026-04-08,0
ck_bd65d64c9c687e48,2026-02-05 17:50:23,2026-04-07,2026-04-08,0
ck_00eee31732303bec,2025-10-19 20:52:01,2026-04-07,2026-04-08,0
ck_9520484b278025ed,2025-12-28 22:34:32,2026-04-07,2026-04-08,0
ck_e3b76ab0a2aefc9b,2025-09-25 22:45:17,2026-04-07,2026-04-08,0
ck_11ab258379d70d39,2025-12-27 15:45:39,2026-04-07,2026-04-08,0
ck_97bc5dcd773214f5,2026-04-06 18:05:56,2026-04-07,2026-04-08,0
ck_bb47b76f19c1bb4a,2025-12-17 01:37:35,2026-04-07,2026-04-08,0
ck_10ae737bb40ada82,2026-02-07 17:45:39,2026-04-07,2026-04-08,0
ck_1b1828cb97e3d284,2026-04-05 08:22:28,2026-04-07,2026-04-08,0
ck_9158ad4f06832302,2026-04-05 07:24:46,2026-04-07,2026-04-08,0
ck_2a9d54b0ab8646e1,2025-11-04 12:08:15,2026-04-07,2026-04-08,0
ck_639e5e13fc41763e,2026-01-02 00:33:06,2026-04-07,2026-04-08,0
ck_19a6708af27666e0,2026-01-18 20:01:13,2026-04-07,2026-04-08,0
ck_31f761a9c2421a01,2026-01-15 17:44:31,2026-04-07,2026-04-08,0
ck_5f714cf21060b341,2026-04-05 13:31:29,2026-04-07,2026-04-08,0
ck_e0d9a22bddccce84,2026-04-06 08:20:54,2026-04-07,2026-04-08,0
ck_01258951e7b91c59,2026-04-06 19:49:47,2026-04-07,2026-04-08,0
ck_048a5a5dcf3aaf4f,2026-04-05 13:14:05,2026-04-07,2026-04-08,0
ck_e1caeaa1346de06a,2025-11-06 12:51:32,2026-04-07,2026-04-08,0
ck_4ba707e239601f76,2026-03-12 13:38:18,2026-04-07,2026-04-08,0
ck_92093dce4fd66ce1,2026-02-10 22:04:23,2026-04-07,2026-04-08,0
ck_d2e1041914a2cd7b,2025-11-23 20:43:31,2026-04-07,2026-04-08,0
ck_4740182ede566dfc,2026-02-28 06:51:00,2026-04-07,2026-04-08,0
ck_f6fa69e9685d7c03,2026-02-17 23:50:53,2026-04-07,2026-04-08,0
ck_70da5f4471c8526b,2025-12-16 04:57:23,2026-04-07,2026-04-08,0
ck_c98a3ea8e408eba6,2026-04-06 06:29:49,2026-04-07,2026-04-08,0
ck_db5a23a2830b65b3,2025-08-30 10:33:36,2026-04-07,2026-04-08,0
ck_8872b1a9b65fbadd,2025-11-12 08:00:11,2026-04-07,2026-04-08,0
ck_6893f7e1a9e3993e,2026-03-14 13:19:53,2026-04-07,2026-04-08,0
ck_67c0452c5dae8c69,2026-01-23 07:45:15,2026-04-07,2026-04-08,0
ck_ecce9013810e8a18,2025-09-13 04:27:33,2026-04-07,2026-04-08,0
ck_dffe0d9d58649c47,2026-04-05 13:01:07,2026-04-07,2026-04-08,0
ck_d7ec4d90f0ae82fc,2026-02-23 13:53:02,2026-04-07,2026-04-08,0
ck_729f5e351e087165,2026-04-06 06:51:26,2026-04-07,2026-04-08,0
ck_9fd8124074387da2,2025-12-26 03:46:37,2026-04-07,2026-04-08,0
ck_0f25418c5ffdcc6a,2026-03-21 14:27:09,2026-04-07,2026-04-08,0
ck_9a4f5e1a02b158c3,2025-12-07 21:27:27,2026-04-07,2026-04-08,0
ck_9a1491a33f3bd2c4,2026-02-24 07:34:56,2026-04-07,2026-04-08,0
ck_a8cabb38019b5843,2026-04-05 09:33:16,2026-04-07,2026-04-08,0
ck_893dfc80ca43fc80,2025-11-04 03:21:54,2026-04-07,2026-04-08,0
ck_c03987cbb2cbb7ed,2026-01-26 23:30:53,2026-04-07,2026-04-08,0
ck_cf00240bded417b3,2025-11-07 21:22:06,2026-04-07,2026-04-08,0
ck_45654e73895a2b17,2026-03-16 05:31:31,2026-04-07,2026-04-08,0
ck_23a6a02d5bb9a50c,2026-04-05 22:04:43,2026-04-07,2026-04-08,0
ck_9e51418c8d45a7bf,2026-04-06 05:20:34,2026-04-07,2026-04-08,0
ck_cb297f9fb91bf8fd,2026-03-08 23:47:24,2026-04-07,2026-04-08,0
ck_db2dbe066ca5173d,2026-02-23 05:15:33,2026-04-07,2026-04-08,0
ck_997197366a19abf0,2026-03-22 09:19:35,2026-04-07,2026-04-08,0
ck_74878ae9fa540c13,2025-11-21 23:29:11,2026-04-07,2026-04-08,0
ck_2da88025c2c27144,2025-11-05 09:48:02,2026-04-07,2026-04-08,0
ck_4ee830e260e54af1,2025-12-12 09:22:36,2026-04-07,2026-04-08,0
ck_3cad4654c4745bb8,2026-02-25 16:18:43,2026-04-07,2026-04-08,0
ck_49ca4d79f9dfd638,2026-02-07 08:19:15,2026-04-07,2026-04-08,0
ck_2876e4b693b24e34,2026-04-04 06:49:00,2026-04-07,2026-04-08,0
ck_dbad796d252dae2f,2026-02-15 19:05:25,2026-04-07,2026-04-08,0
ck_c44c5a4482daaa2f,2025-12-28 21:29:23,2026-04-07,2026-04-08,0
ck_4b5f665e1eab6fbf,2026-04-06 17:19:04,2026-04-07,2026-04-08,0
ck_bdd25cfc6c3d5ac1,2025-03-19 13:32:38,2026-04-07,2026-04-08,0
ck_f77302a9846f53c0,2025-11-28 14:52:08,2026-04-07,2026-04-08,0
ck_2e5363bc33cffdbf,2026-02-27 13:57:37,2026-04-07,2026-04-08,0
ck_f03d1541a3d9737e,2025-12-21 16:53:49,2026-04-07,2026-04-08,0
ck_23d379e1aaf89ad9,2026-04-05 14:21:35,2026-04-07,2026-04-08,0
ck_6192bf1e07bf4f27,2026-02-26 19:34:01,2026-04-07,2026-04-08,1
ck_685ecaf9ab909ae4,2026-01-08 01:08:56,2026-04-07,2026-04-08,0
ck_312dca78650dba7e,2026-02-14 02:51:44,2026-04-07,2026-04-08,0
ck_72900901900b7f31,2026-02-11 11:45:38,2026-04-07,2026-04-08,0
ck_6b23236426f320cc,2026-04-05 07:32:07,2026-04-07,2026-04-08,0
ck_8954c029678eafa2,2025-12-07 07:37:19,2026-04-07,2026-04-08,1
ck_a145e91d5e6a27ec,2026-04-05 16:30:46,2026-04-07,2026-04-08,0
ck_6e2426f2da598d54,2026-04-06 04:00:52,2026-04-07,2026-04-08,0
ck_d2662e6619468cb3,2026-03-13 09:12:29,2026-04-07,2026-04-08,0
ck_249b7c5d7c1b2257,2025-12-04 00:06:46,2026-04-07,2026-04-08,0
ck_145b889dad633c34,2025-07-17 06:18:40,2026-04-07,2026-04-08,0
ck_bf88a89c3e2154b0,2026-01-30 00:20:05,2026-04-07,2026-04-08,0
ck_675d846fc367f3db,2025-11-23 07:24:56,2026-04-07,2026-04-08,0
ck_b601e323d30db8ef,2026-02-19 23:54:28,2026-04-07,2026-04-08,0
ck_98a106eeed3132cf,2026-02-09 13:19:46,2026-04-07,2026-04-08,0
ck_233fe41403ae5e8d,2026-02-14 10:14:44,2026-04-07,2026-04-08,0
ck_22003908503d7e3d,2025-11-29 17:00:26,2026-04-07,2026-04-08,0
ck_de443a33116bf68a,2025-11-04 02:00:04,2026-04-07,2026-04-08,0
ck_c36228acff8f078a,2026-02-06 13:37:09,2026-04-07,2026-04-08,0
ck_8a8be202295e1f79,2026-01-20 08:58:28,2026-04-07,2026-04-08,1
ck_b394340034283740,2026-04-06 15:37:46,2026-04-07,2026-04-08,0
ck_6140593ebf49e464,2025-12-28 10:31:56,2026-04-07,2026-04-08,0
ck_63a4465782ba79a2,2026-04-06 12:15:44,2026-04-07,2026-04-08,0
ck_52cc34b5aa1eaa06,2026-02-23 12:14:42,2026-04-07,2026-04-08,1
ck_e9283e2642715f31,2025-09-15 12:43:46,2026-04-07,2026-04-08,0
ck_63cbf7b85246f431,2026-01-01 00:01:54,2026-04-07,2026-04-08,1
ck_c547c4498b29bc50,2026-04-06 16:19:09,2026-04-07,2026-04-08,0
ck_cc9c0e83324808eb,2026-04-06 19:31:45,2026-04-07,2026-04-08,1
ck_69aa9494151f6cdb,2026-04-06 13:09:41,2026-04-07,2026-04-08,0
ck_beae0989d107c657,2026-04-06 06:09:38,2026-04-07,2026-04-08,1
ck_1d5dfb3e75cbec3c,2026-01-15 19:32:53,2026-04-07,2026-04-08,1
ck_95ecf111b8adc1cc,2025-12-11 19:46:16,2026-04-07,2026-04-08,0
ck_faf3f2f9d77983b5,2025-07-25 03:34:45,2026-04-07,2026-04-08,0
ck_be72583b6f8f62b9,2026-01-15 10:14:18,2026-04-07,2026-04-08,0
ck_dc481736345d482c,2026-02-23 04:29:06,2026-04-07,2026-04-08,0
ck_925e775ea8636fb5,2025-11-22 20:06:06,2026-04-07,2026-04-08,1
ck_4049a07a8958c12e,2025-12-24 20:29:21,2026-04-07,2026-04-08,0
ck_eec7354fe3706897,2025-08-13 17:52:58,2026-04-07,2026-04-08,0
ck_296c88afa9b1a499,2026-03-02 07:53:28,2026-04-07,2026-04-08,0
ck_ccb63238d9101f30,2026-04-03 15:34:38,2026-04-07,2026-04-08,0
ck_218bc2068094b777,2026-04-05 18:32:39,2026-04-07,2026-04-08,0
ck_c7c2fb7771dff68b,2026-03-25 17:25:15,2026-04-07,2026-04-08,0
ck_9345da8a6f05e286,2025-12-27 09:20:48,2026-04-07,2026-04-08,0
ck_7cc69c467c6366a7,2026-04-06 09:26:36,2026-04-07,2026-04-08,0
ck_ed8e7b3dbf24ff84,2026-03-06 16:52:22,2026-04-07,2026-04-08,0
ck_1a93a84a2dbf7cf1,2025-11-01 18:58:17,2026-04-07,2026-04-08,1
ck_275288d1ec3031fe,2026-04-06 12:31:39,2026-04-07,2026-04-08,1
ck_d1ec1cabb0628ee0,2025-11-10 12:50:18,2026-04-07,2026-04-08,0
ck_98e7f62bd8471f00,2025-12-27 23:43:08,2026-04-07,2026-04-08,0
ck_e404c1d418eb6fe3,2026-03-03 07:33:55,2026-04-07,2026-04-08,0
ck_76fd7a72d49b0144,2026-03-17 03:38:38,2026-04-07,2026-04-08,0
ck_0a22e21539386f80,2026-01-05 14:19:49,2026-04-07,2026-04-08,0
ck_d6f52cff5e91acdf,2026-01-27 13:06:37,2026-04-07,2026-04-08,0
ck_0547687db518cd26,2025-08-29 00:13:48,2026-04-07,2026-04-08,0
ck_7a1005e7fb4f722a,2025-09-29 13:42:47,2026-04-07,2026-04-08,0
ck_3704899a8b5f7fbc,2025-12-13 17:54:05,2026-04-07,2026-04-08,0
ck_9a9530fa7431324e,2025-11-20 13:32:50,2026-04-07,2026-04-08,0
ck_14d36b788e67f239,2026-01-28 00:18:01,2026-04-07,2026-04-08,0
ck_22731ea16bf68f7d,2026-04-06 02:54:33,2026-04-07,2026-04-08,0
ck_a42f0ff6ae49406e,2026-01-03 23:57:05,2026-04-07,2026-04-08,0
ck_4e7c9a1013b00819,2026-02-08 22:46:26,2026-04-07,2026-04-08,0
ck_04d24935bd4b1c89,2025-12-21 07:54:33,2026-04-07,2026-04-08,0
ck_da67477e338e5a0f,2026-03-11 00:34:42,2026-04-07,2026-04-08,0
ck_cdad1959294422a0,2026-04-06 13:12:24,2026-04-07,2026-04-08,0
ck_010e6322abe5cfdf,2026-04-05 13:37:35,2026-04-07,2026-04-08,1
ck_d52e050157f9063d,2026-01-09 03:38:59,2026-04-07,2026-04-08,0
ck_15f543fe96c040e5,2025-10-28 14:10:07,2026-04-07,2026-04-08,0
ck_0933a8811d85e5a7,2026-04-06 14:37:15,2026-04-07,2026-04-08,0
ck_46c787911002431a,2026-02-13 05:27:58,2026-04-07,2026-04-08,0
ck_1bb33f287cc7db5d,2025-09-29 02:30:38,2026-04-07,2026-04-08,0
ck_6257f5cfea918471,2026-03-03 20:31:28,2026-04-07,2026-04-08,0
ck_908605a1d4f33a3a,2026-04-05 21:22:23,2026-04-07,2026-04-08,0
ck_68bc4017a83065e1,2026-03-09 02:26:44,2026-04-07,2026-04-08,0
ck_0f1bd8781cb1aa46,2026-03-18 02:45:07,2026-04-07,2026-04-08,0
ck_f8c9b91661bf931a,2026-01-17 18:40:49,2026-04-07,2026-04-08,0
ck_a564671be50a1e17,2025-12-10 03:20:19,2026-04-07,2026-04-08,0
ck_9a8f433d9973d27c,2026-03-09 00:24:48,2026-04-07,2026-04-08,0
ck_86d711385a5f28d3,2025-12-20 08:07:22,2026-04-07,2026-04-08,0
ck_17b3c169c668fcea,2026-01-31 10:48:19,2026-04-07,2026-04-08,0
ck_c6f1441b210a02de,2025-12-18 05:27:18,2026-04-07,2026-04-08,0
ck_0af77782c3498aae,2025-12-16 06:32:47,2026-04-07,2026-04-08,0
ck_29b7825f95195829,2026-02-12 04:47:24,2026-04-07,2026-04-08,0
ck_e6ac0a921c3529a0,2026-04-06 04:11:20,2026-04-07,2026-04-08,0
ck_5a569ba5f19d2560,2026-01-11 11:35:48,2026-04-07,2026-04-08,0
ck_770e00bd2c41ccb2,2026-02-08 07:44:45,2026-04-07,2026-04-08,0
ck_104c27486aba1679,2026-01-16 04:23:20,2026-04-07,2026-04-08,0
ck_b852d9d66953e496,2026-04-06 23:24:57,2026-04-07,2026-04-08,0
ck_bab3d7cc06c7e953,2025-12-31 09:30:38,2026-04-07,2026-04-08,0
ck_2ce0778c9be6e127,2025-09-27 03:20:23,2026-04-07,2026-04-08,0
ck_a9e080a51232358c,2025-08-16 05:10:47,2026-04-07,2026-04-08,1
ck_71eb1a45174a1abd,2026-02-13 09:56:51,2026-04-07,2026-04-08,0
ck_2d4e6b4131cb964b,2026-01-02 03:18:45,2026-04-07,2026-04-08,0
ck_3ad551214163adf8,2026-03-05 04:43:43,2026-04-07,2026-04-08,0
ck_5ca70ff59dd2ecd7,2026-02-28 05:01:27,2026-04-07,2026-04-08,0
ck_18256735d8350006,2025-10-17 22:01:05,2026-04-07,2026-04-08,0
ck_3d0c1e43c3987b5c,2026-01-14 10:16:49,2026-04-07,2026-04-08,0
ck_5b1d94a32927f60a,2026-04-05 14:45:18,2026-04-07,2026-04-08,0
ck_d060d34e7fc30378,2026-01-25 12:51:24,2026-04-07,2026-04-08,1
ck_fcdd9aae30c3f1fd,2026-03-05 22:03:14,2026-04-07,2026-04-08,0
ck_612c48764dfa561f,2026-02-25 11:40:02,2026-04-07,2026-04-08,0
ck_ab91621b29bfd357,2025-08-23 20:09:27,2026-04-07,2026-04-08,0
ck_9ed2cff6acecd373,2025-08-03 13:55:24,2026-04-07,2026-04-08,0
ck_000e8c52636e3bec,2026-03-12 12:28:35,2026-04-07,2026-04-08,0
ck_2ffd00f7843f3195,2026-04-06 18:33:53,2026-04-07,2026-04-08,0
ck_d92f21eef7a742bb,2026-04-06 02:32:58,2026-04-07,2026-04-08,0
ck_5b67e4ee8056c990,2026-04-03 20:57:22,2026-04-07,2026-04-08,0
ck_461ed915daa4e70d,2026-02-17 12:08:20,2026-04-07,2026-04-08,0
ck_03cf286075092681,2025-12-27 17:00:46,2026-04-07,2026-04-08,0
ck_1619b127eaaeef5b,2026-02-05 02:10:39,2026-04-07,2026-04-08,0
ck_d059819b14f4ee27,2026-04-06 01:13:09,2026-04-07,2026-04-08,0
ck_4d32c2c9a3068e96,2026-02-06 05:46:47,2026-04-07,2026-04-08,0
ck_59e450b7532bdf09,2026-03-25 01:06:08,2026-04-07,2026-04-08,0
ck_5f929dbb71b33254,2026-02-03 06:20:28,2026-04-07,2026-04-08,0
ck_18d74baa6a6732e1,2025-12-14 16:13:57,2026-04-07,2026-04-08,0
ck_a3c2785f19552cde,2026-01-03 22:58:00,2026-04-07,2026-04-08,0
ck_0cb4712eb9e1e63f,2026-01-04 07:15:21,2026-04-07,2026-04-08,0
ck_c598ab318334e368,2026-02-11 00:51:11,2026-04-07,2026-04-08,0
ck_e0166aab88a5b329,2026-03-05 13:42:09,2026-04-07,2026-04-08,1
ck_1050f665a8d74b9a,2025-11-02 08:51:01,2026-04-07,2026-04-08,0
ck_52f8942f87de22cb,2026-01-04 19:07:34,2026-04-07,2026-04-08,0
ck_fcbb1762448e3362,2026-04-06 10:29:15,2026-04-07,2026-04-08,0
ck_5ccd3324431d1bc5,2025-11-02 01:37:35,2026-04-07,2026-04-08,0
ck_29c72b4f3b27e5ff,2026-03-02 00:33:57,2026-04-07,2026-04-08,0
ck_e8bd92bfebcfca7c,2026-03-14 23:28:16,2026-04-07,2026-04-08,0
ck_f1ed109d39914055,2026-03-06 11:11:01,2026-04-07,2026-04-08,0
ck_502c495c19dafc93,2025-10-04 00:02:07,2026-04-07,2026-04-08,0
ck_d5b509f7de24fcff,2026-02-13 23:09:31,2026-04-07,2026-04-08,0
ck_ad6575ac90bc1e0d,2026-02-05 12:32:12,2026-04-07,2026-04-08,0
ck_bb6d630504331946,2026-01-29 04:50:11,2026-04-07,2026-04-08,0
ck_2d3f43bd7217fcfb,2026-04-06 03:26:23,2026-04-07,2026-04-08,0
ck_1d0fb73ba12dac96,2025-11-21 23:55:16,2026-04-07,2026-04-08,0
ck_df1da913a11187dc,2026-01-13 16:08:34,2026-04-07,2026-04-08,0
ck_00b3290e069b5bc8,2026-02-28 10:35:08,2026-04-07,2026-04-08,0
ck_9d33f1d818fecef8,2026-03-20 05:54:11,2026-04-07,2026-04-08,0
ck_9b9125f96cb4b3f6,2026-04-06 10:46:29,2026-04-07,2026-04-08,0
ck_9ac209846d0cbe1e,2025-12-06 18:43:21,2026-04-07,2026-04-08,0
ck_25841fd62c2f8a67,2026-01-21 11:27:26,2026-04-07,2026-04-08,0
ck_df484c4572fe42b8,2026-03-12 04:44:40,2026-04-07,2026-04-08,0
ck_4d2f5d945aa0f1a6,2026-04-06 21:17:01,2026-04-07,2026-04-08,0
ck_cb4b1d326fd940ce,2026-04-06 17:58:35,2026-04-07,2026-04-08,0
ck_cca320689b304466,2026-02-01 16:22:07,2026-04-07,2026-04-08,0
ck_5640894509f07554,2026-01-26 13:07:03,2026-04-07,2026-04-08,0
ck_cef7d2c8e3481c50,2026-02-20 16:48:46,2026-04-07,2026-04-08,0
ck_08625ee82b584381,2026-04-05 21:02:13,2026-04-07,2026-04-08,0
ck_33045c1db499dcd0,2026-03-24 10:16:05,2026-04-07,2026-04-08,0
ck_cdcda44267c43351,2025-11-05 19:48:56,2026-04-07,2026-04-08,0
ck_1dc73806714c39d1,2026-03-11 02:49:43,2026-04-07,2026-04-08,0
ck_e493b2bdb2d25785,2026-04-06 18:04:50,2026-04-07,2026-04-08,1
ck_68e79e135bbf6bf7,2026-02-06 17:53:41,2026-04-07,2026-04-08,0
ck_fb10073cf24e8504,2025-11-20 23:13:38,2026-04-07,2026-04-08,0
ck_1646e91a24477e48,2026-01-15 14:31:53,2026-04-07,2026-04-08,0
ck_5e7233ddbd57935e,2026-01-14 23:24:56,2026-04-07,2026-04-08,0
ck_92ffe29344637ce0,2026-04-06 02:05:25,2026-04-07,2026-04-08,0
ck_ce7f237275673a81,2026-02-22 16:14:29,2026-04-07,2026-04-08,0
ck_d484ea99a4c25bf1,2026-04-06 15:40:05,2026-04-07,2026-04-08,0
ck_12a9fa1d1a6d27c7,2025-12-24 23:20:19,2026-04-07,2026-04-08,1
ck_94c2b8ab59a86526,2026-01-03 23:00:43,2026-04-07,2026-04-08,0
ck_b2c215f4dd5ab808,2026-02-16 19:24:07,2026-04-07,2026-04-08,0
ck_3253c4552c3d980e,2026-02-27 10:02:51,2026-04-07,2026-04-08,0
ck_d92348f7cfb4a7ca,2026-03-15 01:29:49,2026-04-07,2026-04-08,0
ck_01764d96302f20a5,2026-04-06 17:18:50,2026-04-07,2026-04-08,0
ck_f769fd0eb702aeea,2026-02-09 10:54:13,2026-04-07,2026-04-08,0
ck_3eed63208f5135f2,2025-11-07 12:14:27,2026-04-07,2026-04-08,0
ck_1ce42e9f0fd58894,2026-04-04 14:30:44,2026-04-07,2026-04-08,0
ck_93516b8542ef1c4f,2026-01-07 10:25:07,2026-04-07,2026-04-08,0
ck_6644eb8b7f9b6e2c,2025-12-15 22:23:03,2026-04-07,2026-04-08,0
ck_85239ee9272a6235,2025-11-30 11:08:58,2026-04-07,2026-04-08,0
ck_609e03a0eda6c427,2026-04-03 02:35:12,2026-04-07,2026-04-08,0
ck_a09553a35c2fb386,2026-04-03 14:42:28,2026-04-07,2026-04-08,0
ck_8e20aafd87746eb4,2026-01-22 01:32:00,2026-04-07,2026-04-08,0
ck_4a28698aea37c5b1,2026-04-06 16:27:59,2026-04-07,2026-04-08,0
ck_ded99e8455165842,2026-01-19 15:55:46,2026-04-07,2026-04-08,0
ck_c95bd9e6915a331f,2026-04-06 16:52:04,2026-04-07,2026-04-08,1
ck_94cff8424fc98f25,2026-02-11 05:27:21,2026-04-07,2026-04-08,0
ck_2e8912e1e86ab81d,2026-03-03 19:12:44,2026-04-07,2026-04-08,0
ck_493c92dc485f7e2a,2026-02-13 23:57:57,2026-04-07,2026-04-08,0
ck_9f749e55a2370142,2026-04-06 15:45:36,2026-04-07,2026-04-08,0
ck_17563d1e3b3ca8f0,2026-04-03 02:12:06,2026-04-07,2026-04-08,0
ck_ee6edd72008f3e24,2025-10-07 12:45:54,2026-04-07,2026-04-08,0
ck_954f82b1b0c5a9f9,2026-02-16 23:14:19,2026-04-07,2026-04-08,0
ck_1138e0e5db2bf0c1,2026-01-17 07:37:46,2026-04-07,2026-04-08,0
ck_524f420a8d47a0bc,2026-03-09 01:17:53,2026-04-07,2026-04-08,0
ck_285f88e2fe09d919,2025-07-16 09:30:36,2026-04-07,2026-04-08,0
ck_5a8c3c25a96ea92d,2025-10-15 03:30:53,2026-04-07,2026-04-08,0
ck_5196d213c0d520e9,2026-02-18 18:17:00,2026-04-07,2026-04-08,0
ck_1f82d58817389063,2026-01-20 19:50:14,2026-04-07,2026-04-08,0
ck_5d00a5381f6ef510,2025-08-17 13:29:11,2026-04-07,2026-04-08,0
ck_3e941fac4e090b04,2026-04-05 12:27:19,2026-04-07,2026-04-08,0
ck_973746d78b19f0b2,2025-11-30 19:04:58,2026-04-07,2026-04-08,0
ck_f97c2baaa9c002d3,2025-11-27 03:46:44,2026-04-07,2026-04-08,0
ck_661514ee3ea1e863,2026-01-11 07:11:00,2026-04-07,2026-04-08,0
ck_6b953554364fedee,2026-01-12 21:38:45,2026-04-07,2026-04-08,0
ck_7a7bb3edc3bc36f3,2025-10-10 17:59:16,2026-04-07,2026-04-08,0
ck_57cc3940178be6e7,2026-03-12 14:03:06,2026-04-07,2026-04-08,0
ck_85a86245ecde1f27,2026-04-05 09:28:41,2026-04-07,2026-04-08,0
ck_e4be850d16183d26,2026-02-22 15:05:31,2026-04-07,2026-04-08,0
ck_29ad0346944934de,2025-10-16 23:21:16,2026-04-07,2026-04-08,0
ck_98c04e18b080ce95,2026-04-04 16:03:27,2026-04-07,2026-04-08,0
ck_84acc8583574e038,2026-04-06 17:43:31,2026-04-07,2026-04-08,0
ck_c18bbe66d8ab3857,2026-01-13 09:54:07,2026-04-07,2026-04-08,0
ck_41a3a89ac68a1b1c,2025-10-29 04:39:28,2026-04-07,2026-04-08,0
ck_9aad562b4e4e62fc,2026-01-20 09:47:13,2026-04-07,2026-04-08,0
ck_ca73888effd1974b,2026-01-10 05:46:10,2026-04-07,2026-04-08,0
ck_d4c9b93dcbaaad24,2025-12-17 04:23:09,2026-04-07,2026-04-08,0
ck_fc068cae7bc70501,2026-02-02 01:15:20,2026-04-07,2026-04-08,0
ck_895668196195cf66,2026-04-05 02:56:26,2026-04-07,2026-04-08,0
ck_70bdea3ad8c30d70,2026-01-14 12:21:10,2026-04-07,2026-04-08,0
ck_69225d2b3141eb20,2025-12-14 22:52:08,2026-04-07,2026-04-08,0
ck_2d04e8f6b1c57523,2026-01-06 08:14:46,2026-04-07,2026-04-08,1
ck_af32f20fa44a2bcc,2026-01-17 17:52:13,2026-04-07,2026-04-08,0
ck_931f6c050a053fa2,2026-02-03 10:19:28,2026-04-07,2026-04-08,1
ck_1c0c9f6dc6b35f61,2026-03-11 19:24:37,2026-04-07,2026-04-08,0
ck_731b2dc0d717a41d,2025-06-25 19:58:09,2026-04-07,2026-04-08,0
ck_dd516eafe2702d72,2026-03-20 04:22:34,2026-04-07,2026-04-08,0
ck_5512094df0c2730a,2025-12-07 13:37:18,2026-04-07,2026-04-08,0
ck_0895b079430b2fe4,2026-02-03 18:51:06,2026-04-07,2026-04-08,0
ck_f9b7db59c2da6856,2026-02-07 07:00:12,2026-04-07,2026-04-08,0
ck_74e49486a7012cab,2026-02-02 19:15:48,2026-04-07,2026-04-08,0
ck_842aa23203a7313e,2026-02-15 17:13:19,2026-04-07,2026-04-08,0
ck_8e515e0091aa4248,2025-11-10 05:52:15,2026-04-07,2026-04-08,1
ck_f27c581928351f72,2026-04-06 20:05:30,2026-04-07,2026-04-08,1
ck_1a7aaa6c39bbfee0,2026-03-16 12:47:04,2026-04-07,2026-04-08,0
ck_dec18b3148d76577,2026-04-06 05:45:29,2026-04-07,2026-04-08,0
ck_773dfc2d893b72fd,2026-04-05 00:36:03,2026-04-07,2026-04-08,0
ck_6c5bd8cab88e597d,2026-03-24 20:15:26,2026-04-07,2026-04-08,0
ck_3f3b486fe4503d98,2026-04-06 10:12:22,2026-04-07,2026-04-08,0
ck_773907f03c235f57,2026-04-06 16:16:40,2026-04-07,2026-04-08,0
ck_30b45becd5898838,2026-04-06 10:04:19,2026-04-07,2026-04-08,1
ck_c583beed49d8909f,2026-01-06 22:18:09,2026-04-07,2026-04-08,0
ck_068c949054861217,2025-10-09 05:07:33,2026-04-07,2026-04-08,1
ck_38268e53df484212,2026-02-23 17:22:05,2026-04-07,2026-04-08,0
ck_746281fd573ef03a,2026-04-06 19:43:22,2026-04-07,2026-04-08,0
ck_6875915500694bb3,2025-11-20 17:12:40,2026-04-07,2026-04-08,0
ck_a044806308b1edea,2026-03-03 07:23:23,2026-04-07,2026-04-08,0
ck_ded758d8a5a3c495,2026-04-06 01:02:36,2026-04-07,2026-04-08,0
ck_9836f5f5e924e15c,2025-11-21 15:54:59,2026-04-07,2026-04-08,0
ck_6c5d6f52dbb33cfd,2026-03-19 06:18:30,2026-04-07,2026-04-08,0
ck_180646d24af9c45c,2026-01-08 16:01:04,2026-04-07,2026-04-08,0
ck_2c4f6c1e1e838dae,2026-01-18 13:32:10,2026-04-07,2026-04-08,0
ck_6f758e56604fac9e,2026-04-05 17:13:20,2026-04-07,2026-04-08,0
ck_3261d1ba3f1c7557,2025-10-13 09:45:19,2026-04-07,2026-04-08,0
ck_6ac8b040bc6a4749,2026-02-17 06:10:51,2026-04-07,2026-04-08,0
ck_02054bf840f7a2e5,2026-01-16 21:59:54,2026-04-07,2026-04-08,1
ck_77cbb8f96f99427e,2026-02-23 03:53:25,2026-04-07,2026-04-08,0
ck_2913b51cbdd0e9d4,2026-04-05 03:37:28,2026-04-07,2026-04-08,0
ck_47f0e927eab0ee97,2025-12-27 06:27:54,2026-04-07,2026-04-08,0
ck_ea3d30b55d8e4c65,2026-04-06 01:30:41,2026-04-07,2026-04-08,0
ck_fb3fc42eb5d98183,2026-03-28 12:01:23,2026-04-07,2026-04-08,0
ck_76b5c7be3d5ead92,2026-02-25 19:33:46,2026-04-07,2026-04-08,0
ck_435fcbda3127bf49,2026-01-28 13:27:55,2026-04-07,2026-04-08,0
ck_6cb376f7d7c14fa9,2026-02-13 09:19:03,2026-04-07,2026-04-08,0
ck_586cc10525c0eddf,2026-04-03 19:26:05,2026-04-07,2026-04-08,0
ck_a2bcd9288f03bd66,2026-04-06 12:32:15,2026-04-07,2026-04-08,0
ck_5c66840d5feaf414,2026-02-11 08:09:26,2026-04-07,2026-04-08,1
ck_8a89d916b1a4bea1,2026-04-05 02:30:50,2026-04-07,2026-04-08,0
ck_8ccbc6a056d24b82,2026-01-27 11:20:23,2026-04-07,2026-04-08,0
ck_67e2b58badaa044b,2026-04-06 13:42:36,2026-04-07,2026-04-08,0
ck_86a0eebbeb58e08a,2026-04-06 18:41:02,2026-04-07,2026-04-08,0
ck_adc2ff64741b1742,2025-11-16 18:29:54,2026-04-07,2026-04-08,0
ck_c29cb814ab65b931,2025-11-30 23:17:06,2026-04-07,2026-04-08,0
ck_a616af253f6684b6,2025-10-24 04:52:20,2026-04-07,2026-04-08,0
ck_4261da6308886109,2025-11-21 23:50:51,2026-04-07,2026-04-08,0
ck_fda2b4e13cecd103,2025-11-01 03:44:01,2026-04-07,2026-04-08,0
ck_7d8c5c8eee3af695,2026-01-29 08:40:33,2026-04-07,2026-04-08,0
ck_3d1c4203124ac974,2026-04-01 23:35:13,2026-04-07,2026-04-08,0
ck_d129995c82a46f09,2026-04-06 03:26:07,2026-04-07,2026-04-08,0
ck_005a97ca12cbc86b,2025-08-15 02:49:32,2026-04-07,2026-04-08,0
ck_e4c1acbdab00a476,2025-12-04 13:11:20,2026-04-07,2026-04-08,0
ck_0dabb55cf3d493a5,2026-03-26 23:47:04,2026-04-07,2026-04-08,0
ck_0844f8fd19d311d0,2025-12-01 15:11:04,2026-04-07,2026-04-08,0
ck_599aa34de541683e,2025-12-21 06:24:38,2026-04-07,2026-04-08,0
ck_c4bf317d4ce78e52,2026-04-06 05:04:49,2026-04-07,2026-04-08,0
ck_a4208d5221ed3de7,2025-10-28 19:39:43,2026-04-07,2026-04-08,0
ck_8e91835e823c0301,2025-12-26 08:42:06,2026-04-07,2026-04-08,0
ck_c61cb006525ab3be,2025-12-21 20:36:10,2026-04-07,2026-04-08,0
ck_1ba481d5232bf771,2026-02-02 00:47:48,2026-04-07,2026-04-08,0
ck_32287d0811b25b19,2025-12-29 22:25:17,2026-04-07,2026-04-08,0
ck_2cb18968c5f12a13,2026-04-04 03:28:44,2026-04-07,2026-04-08,0
ck_ab385625f990047f,2025-12-23 09:43:32,2026-04-07,2026-04-08,0
ck_fbdf58eeb220d8ed,2026-04-06 01:35:22,2026-04-07,2026-04-08,1
ck_4edbd794d62a50de,2025-09-14 06:19:49,2026-04-07,2026-04-08,0
ck_ab1deff2f7b13157,2026-04-05 23:12:29,2026-04-07,2026-04-08,0
ck_469c25ad53575218,2026-01-06 08:15:00,2026-04-07,2026-04-08,0
ck_6cada3a026b17e0f,2026-04-06 19:37:40,2026-04-07,2026-04-08,0
ck_4b14943aee536afd,2026-02-22 03:23:24,2026-04-07,2026-04-08,0
ck_21656a1a94e5da9a,2026-02-09 23:46:07,2026-04-07,2026-04-08,0
ck_65feba69cf7c9053,2025-11-24 04:47:51,2026-04-07,2026-04-08,0
ck_59d0d115ae1a6828,2026-02-17 03:34:54,2026-04-07,2026-04-08,0
ck_d2fdeb565e505a0b,2026-04-02 10:23:29,2026-04-07,2026-04-08,0
ck_09fd66337220d72e,2025-08-25 10:32:37,2026-04-07,2026-04-08,0
ck_71fbd141e80a0b8a,2026-04-06 08:36:54,2026-04-07,2026-04-08,0
ck_8d65c8351074fb52,2025-12-07 11:22:16,2026-04-07,2026-04-08,0
ck_4d7b22bcc8376435,2025-11-25 03:27:53,2026-04-07,2026-04-08,0
ck_08a850c6f1bb2d1d,2025-12-23 22:14:58,2026-04-07,2026-04-08,0
ck_1ed8bc93e4cb8a50,2026-02-13 08:29:59,2026-04-07,2026-04-08,0
ck_f8d2eb0ab190d995,2025-12-30 00:45:06,2026-04-07,2026-04-08,1
ck_6ea8829f08f623e9,2026-04-06 10:30:55,2026-04-07,2026-04-08,1
ck_d854dc36aa13923a,2026-04-06 14:16:04,2026-04-07,2026-04-08,0
ck_0c579ad04109ca14,2025-11-16 03:16:52,2026-04-07,2026-04-08,0
ck_4672515662182868,2025-12-05 17:04:35,2026-04-07,2026-04-08,0
ck_fae04c89aadc2efa,2026-02-12 05:53:19,2026-04-07,2026-04-08,0
ck_f92680a9bc796686,2026-01-14 23:54:29,2026-04-07,2026-04-08,0
ck_bd1f25ab65ff58f1,2025-12-24 11:53:00,2026-04-07,2026-04-08,0
ck_fa577afe5530b397,2026-02-24 09:59:48,2026-04-07,2026-04-08,0
ck_a9ed653d293dadb5,2025-12-06 00:46:43,2026-04-07,2026-04-08,0
ck_e8fc162d4b7628e2,2026-04-06 10:48:19,2026-04-07,2026-04-08,1
ck_a4b4e0cb7dad28f2,2025-10-22 19:23:36,2026-04-07,2026-04-08,0
ck_66a3307b327669e3,2026-01-15 04:06:36,2026-04-07,2026-04-08,0
ck_9134bc5863763521,2026-03-23 01:55:12,2026-04-07,2026-04-08,0
ck_b0ee4e0cdce18edb,2025-12-10 18:58:28,2026-04-07,2026-04-08,0
ck_84f2d86ecf9479b3,2025-12-02 04:25:52,2026-04-07,2026-04-08,0
ck_4d90e6ff4793cacf,2026-02-01 23:31:00,2026-04-07,2026-04-08,0
ck_be1ad4aaa534c305,2026-03-11 11:59:08,2026-04-07,2026-04-08,0
ck_65330b5abcee3d2c,2026-03-06 15:56:57,2026-04-07,2026-04-08,0
ck_10e055e197a56e22,2026-02-10 13:54:51,2026-04-07,2026-04-08,0
ck_7ccb868a4505fa5b,2026-02-07 10:04:14,2026-04-07,2026-04-08,0
ck_bfbe4f3a09b6467a,2025-11-02 17:35:33,2026-04-07,2026-04-08,0
ck_1e725ef0d5537999,2025-12-22 06:53:30,2026-04-07,2026-04-08,0
ck_f58d9e5e889e75a3,2026-03-12 07:20:30,2026-04-07,2026-04-08,0
ck_595d6f4dda8d4722,2026-04-02 00:15:15,2026-04-07,2026-04-08,1
ck_4b03e0f627fb91ac,2025-11-20 08:04:14,2026-04-07,2026-04-08,0
ck_ca45b435ebc59064,2026-03-01 17:54:54,2026-04-07,2026-04-08,0
ck_8c3d02bf3781d67c,2026-02-08 05:42:35,2026-04-07,2026-04-08,0
ck_49be576a4597178d,2026-04-06 16:58:23,2026-04-07,2026-04-08,0
ck_16ada571fb9d8cbc,2026-04-06 09:30:02,2026-04-07,2026-04-08,0
ck_d74a68468a5ab4d5,2025-12-21 11:36:21,2026-04-07,2026-04-08,0
ck_90ead6769ef6258e,2025-12-22 09:19:40,2026-04-07,2026-04-08,0
ck_a902e532f0b7befc,2025-08-27 01:27:45,2026-04-07,2026-04-08,0
ck_785b39f6987a077e,2026-01-06 02:05:44,2026-04-07,2026-04-08,0
ck_a8bdbea9f9257293,2025-12-15 01:45:46,2026-04-07,2026-04-08,0
ck_878f61df1d8fffeb,2026-02-14 01:11:50,2026-04-07,2026-04-08,0
ck_9e16431ff1f068f3,2026-02-11 02:19:00,2026-04-07,2026-04-08,0
ck_01f48f3cd25b4a72,2026-02-09 02:44:10,2026-04-07,2026-04-08,0
ck_de0564df81627c63,2026-04-05 04:25:06,2026-04-07,2026-04-08,0
ck_bdc18e266a97ee53,2026-04-06 14:28:59,2026-04-07,2026-04-08,0
ck_de342fc4a6bad33c,2026-03-23 15:33:02,2026-04-07,2026-04-08,0
ck_66c7470339517c22,2025-11-14 14:40:06,2026-04-07,2026-04-08,0
ck_3017d9a088939455,2026-04-05 00:41:24,2026-04-07,2026-04-08,0
ck_49b7ef7e99ea53cc,2025-12-19 21:00:07,2026-04-07,2026-04-08,0
ck_cecd149f21cc12f3,2025-12-26 20:27:51,2026-04-07,2026-04-08,0
ck_fea39c2e6d747737,2026-02-26 06:16:27,2026-04-07,2026-04-08,0
ck_22d4ec75b863ecd9,2025-11-03 02:53:59,2026-04-07,2026-04-08,1
ck_d4cec676acf64d8e,2026-04-06 15:28:39,2026-04-07,2026-04-08,0
ck_72c71c392f2cfb2b,2026-03-08 06:24:35,2026-04-07,2026-04-08,0
ck_80a55aa7a332507e,2026-02-16 18:02:58,2026-04-07,2026-04-08,0
ck_10ca0e1052ccb384,2025-11-16 03:49:12,2026-04-07,2026-04-08,1
ck_75c7e4db1d3d6957,2026-02-19 15:23:57,2026-04-07,2026-04-08,0
ck_c8335b544276b854,2026-02-05 08:27:45,2026-04-07,2026-04-08,0
ck_74b501d73a17529f,2026-03-14 01:36:20,2026-04-07,2026-04-08,0
ck_7a984018d698944f,2025-11-20 14:11:50,2026-04-07,2026-04-08,0
ck_929012e7c0a36491,2025-09-10 17:09:01,2026-04-07,2026-04-08,0
ck_9a046c6b617a4994,2026-03-16 14:13:46,2026-04-07,2026-04-08,0
ck_56c1b7f740b7a23b,2026-04-06 21:43:28,2026-04-07,2026-04-08,0
ck_f33d92afb3f19cc5,2026-04-05 04:10:07,2026-04-07,2026-04-08,0
ck_42478624c16df945,2026-01-11 17:50:45,2026-04-07,2026-04-08,0
ck_a336419ee98275dc,2025-07-15 10:14:10,2026-04-07,2026-04-08,0
ck_602be911ad7956c8,2025-11-22 06:24:20,2026-04-07,2026-04-08,0
ck_260282d528596715,2025-12-25 07:12:19,2026-04-07,2026-04-08,0
ck_b2d96578d53af6c2,2026-02-18 18:26:07,2026-04-07,2026-04-08,0
ck_a7f07300443ad6e9,2026-03-22 08:29:12,2026-04-07,2026-04-08,0
ck_d026b2dc7227d214,2026-03-05 05:31:09,2026-04-07,2026-04-08,0
ck_e3e12a289b2a8390,2026-03-04 18:50:48,2026-04-07,2026-04-08,0
ck_a3559b6acdc9bb99,2026-03-08 03:56:10,2026-04-07,2026-04-08,1
ck_927ee67bc54afbf1,2026-01-12 10:20:02,2026-04-07,2026-04-08,0
ck_f46b3cc952781203,2026-02-18 10:34:00,2026-04-07,2026-04-08,0
ck_94e654e42f15d8c4,2026-02-17 07:21:00,2026-04-07,2026-04-08,0
ck_62a0259c0cfda11f,2026-04-06 15:31:45,2026-04-07,2026-04-08,1
ck_fd3abb468ea28de7,2026-01-05 07:27:55,2026-04-07,2026-04-08,0
ck_14d63a7cd4182c61,2026-04-05 11:38:33,2026-04-07,2026-04-08,0
ck_e4c6246c5b079b98,2025-10-31 20:22:14,2026-04-07,2026-04-08,0
ck_bcffd66267f91464,2026-03-02 17:01:55,2026-04-07,2026-04-08,0
ck_601fb9f02dd03e51,2026-01-07 14:00:07,2026-04-07,2026-04-08,1
ck_9bd8dad6ae7dc978,2026-03-16 12:38:13,2026-04-07,2026-04-08,0
ck_0177f58681fde164,2025-12-10 14:35:03,2026-04-07,2026-04-08,0
ck_78cf6b8760f99d7d,2025-11-30 08:45:53,2026-04-07,2026-04-08,0
ck_283faad4d7086296,2026-01-09 04:50:35,2026-04-07,2026-04-08,0
ck_4904cf020adbbc18,2026-03-09 14:18:24,2026-04-07,2026-04-08,0
ck_9d92c40f9f9d00f1,2025-12-08 18:26:12,2026-04-07,2026-04-08,0
ck_688079e1771d49bf,2026-01-13 04:28:05,2026-04-07,2026-04-08,0
ck_0203acdd982104d6,2026-01-30 21:24:46,2026-04-07,2026-04-08,0
ck_c9700b84a32518c6,2026-01-17 21:25:11,2026-04-07,2026-04-08,0
ck_a248b8117b948796,2026-04-06 01:13:43,2026-04-07,2026-04-08,0
ck_25d66556a1e825ba,2026-04-05 19:32:22,2026-04-07,2026-04-08,1
ck_63fc32966c49da01,2026-04-05 16:53:44,2026-04-07,2026-04-08,0
ck_cdd5bd127a7dce65,2025-12-07 01:37:29,2026-04-07,2026-04-08,0
ck_2a63675b3c151f1d,2026-01-25 02:21:25,2026-04-07,2026-04-08,0
ck_fcd6352fe022b5ce,2025-11-17 19:42:06,2026-04-07,2026-04-08,0
ck_591ad60ad148e2f3,2026-04-05 23:17:18,2026-04-07,2026-04-08,0
ck_1b3f801ad7fe05c9,2025-06-17 21:47:03,2026-04-07,2026-04-08,0
ck_4391046ae0ba5267,2026-03-21 18:21:30,2026-04-07,2026-04-08,0
ck_3cf70170686475d6,2025-07-18 05:06:07,2026-04-07,2026-04-08,0
ck_2f074daf72c1b5ed,2026-01-17 16:42:23,2026-04-07,2026-04-08,0
ck_c7b1ea65e3d97e29,2026-02-18 14:26:36,2026-04-07,2026-04-08,0
ck_c8078c5837ab666b,2026-02-28 03:58:17,2026-04-07,2026-04-08,0
ck_2250eff21f78982e,2026-01-18 05:15:42,2026-04-07,2026-04-08,0
ck_2ced0e8f8fc72206,2026-01-15 12:37:39,2026-04-07,2026-04-08,1
ck_ba2e8b944c270a91,2025-12-04 20:45:48,2026-04-07,2026-04-08,0
ck_2e4b0f1cd12d3311,2026-04-06 19:24:21,2026-04-07,2026-04-08,0
ck_34b9e29f53b4d070,2026-03-03 16:57:07,2026-04-07,2026-04-08,0
ck_fcca34032800bc59,2026-01-01 20:12:59,2026-04-07,2026-04-08,0
ck_70f309f832392556,2025-12-23 04:42:49,2026-04-07,2026-04-08,0
ck_4f2397869f4415a1,2025-11-25 12:12:32,2026-04-07,2026-04-08,0
ck_37735ead2c6e5c69,2026-04-05 10:47:43,2026-04-07,2026-04-08,0
ck_a54f222336c840ef,2025-10-18 14:30:13,2026-04-07,2026-04-08,0
ck_14c71fd5e5f83e1f,2026-04-06 08:37:50,2026-04-07,2026-04-08,0
ck_b5eb2a768338eb77,2026-03-20 06:27:57,2026-04-07,2026-04-08,0
ck_453738e487e29b50,2026-02-01 11:41:56,2026-04-07,2026-04-08,0
ck_71e5261b9b885564,2026-02-19 18:03:42,2026-04-07,2026-04-08,0
ck_6bc500e8607ec6ab,2026-04-02 09:48:22,2026-04-07,2026-04-08,0
ck_d2e64a2aa51b7c0b,2026-02-15 21:58:49,2026-04-07,2026-04-08,0
ck_a45683fb33df2a0e,2026-02-18 09:06:39,2026-04-07,2026-04-08,1
ck_a79266ecdd352873,2025-10-16 05:38:40,2026-04-07,2026-04-08,0
ck_b79ea4f34cd12ede,2026-04-06 15:36:34,2026-04-07,2026-04-08,0
ck_91e3738e898de57e,2026-04-06 11:18:54,2026-04-07,2026-04-08,0
ck_fe9bfc17ebd3c87d,2025-12-01 11:11:10,2026-04-07,2026-04-08,0
ck_5f973eaebe1218ca,2026-02-16 18:20:17,2026-04-07,2026-04-08,0
ck_aebab083de27c6fa,2026-03-25 10:03:31,2026-04-07,2026-04-08,0
ck_628747b20003095f,2026-01-21 10:43:07,2026-04-07,2026-04-08,0
ck_3ae293ff318c3053,2026-03-04 22:24:02,2026-04-07,2026-04-08,0
ck_719eb4e070680061,2026-04-05 07:28:26,2026-04-07,2026-04-08,0
ck_b679afd2fcd5c02a,2025-12-24 09:16:49,2026-04-07,2026-04-08,0
ck_7250655aa8c143ff,2026-01-16 14:08:40,2026-04-07,2026-04-08,0
ck_8dec8006ae1dd330,2026-02-11 12:13:20,2026-04-07,2026-04-08,0
ck_6e88fcfa3ed8fa87,2025-12-28 15:19:26,2026-04-07,2026-04-08,0
ck_ad5085cd249453c0,2026-04-04 02:12:55,2026-04-07,2026-04-08,0
ck_ce83c1333054f1a8,2026-02-08 17:22:52,2026-04-07,2026-04-08,0
ck_9064d4e52b6bcfda,2026-02-14 16:39:50,2026-04-07,2026-04-08,0
ck_f0ccc38bb47a63a6,2026-02-10 21:13:09,2026-04-07,2026-04-08,0
ck_d410041ac3d1065b,2026-02-08 04:07:59,2026-04-07,2026-04-08,0
ck_1c235e80897d2cec,2026-03-07 00:18:21,2026-04-07,2026-04-08,0
ck_a01a9d174600db55,2026-04-04 22:34:53,2026-04-07,2026-04-08,0
ck_68bd64151ff7d5d4,2026-03-14 03:51:42,2026-04-07,2026-04-08,0
ck_daa92e77ef37bb85,2026-04-05 20:39:59,2026-04-07,2026-04-08,1
ck_326b34a1cbec4daf,2025-10-02 12:38:54,2026-04-07,2026-04-08,0
ck_062bb76c2fe48b59,2026-02-06 23:36:15,2026-04-07,2026-04-08,0
ck_0fcf00d83dd0a836,2026-02-09 12:55:04,2026-04-07,2026-04-08,1
ck_94ade936f2b3f003,2026-01-11 13:21:20,2026-04-07,2026-04-08,0
ck_8bc1348fae11a040,2025-08-13 03:53:30,2026-04-07,2026-04-08,0
ck_af2f5d3241245820,2025-12-11 15:35:31,2026-04-07,2026-04-08,0
ck_cf9840ee44becbf2,2026-04-04 03:09:26,2026-04-07,2026-04-08,0
ck_40e584e558ed91cc,2026-02-28 12:47:32,2026-04-07,2026-04-08,0
ck_9f23ce29b56c9a6b,2025-07-11 22:30:33,2026-04-07,2026-04-08,0
ck_6fcea9ec72a496a9,2025-12-22 06:11:36,2026-04-07,2026-04-08,0
ck_8c51cb7ee8c082c0,2025-07-02 19:18:55,2026-04-07,2026-04-08,0
ck_5351ab9811849008,2025-09-24 19:50:44,2026-04-07,2026-04-08,0
ck_cf10acaf0c88e958,2026-04-05 14:21:37,2026-04-07,2026-04-08,0
ck_85c5746d5ce927a1,2025-06-25 11:50:18,2026-04-07,2026-04-08,0
ck_bf95b4dc86087635,2026-01-22 07:06:31,2026-04-07,2026-04-08,0
ck_38e426aae4a1e2f0,2026-03-19 20:39:31,2026-04-07,2026-04-08,0
ck_9c57fc10b26860d1,2026-01-01 16:23:32,2026-04-07,2026-04-08,0
ck_e8389f8be8aa642e,2025-07-19 16:38:02,2026-04-07,2026-04-08,0
ck_36052fd0252999d1,2025-10-17 01:50:49,2026-04-07,2026-04-08,0
ck_354ba1db8b11cb9e,2025-10-22 21:32:39,2026-04-07,2026-04-08,0
ck_4180124a5ae08a3f,2026-04-06 14:53:16,2026-04-07,2026-04-08,0
ck_5b9e99429902b0b0,2025-09-23 07:32:05,2026-04-07,2026-04-08,0
ck_944a1b25e15fa757,2026-02-18 14:20:46,2026-04-07,2026-04-08,0
ck_c64c8c9421d1c887,2025-11-11 15:35:31,2026-04-07,2026-04-08,0
ck_e30d25f40ef2baca,2025-12-25 06:09:23,2026-04-07,2026-04-08,0
ck_aada4d94863a2cd4,2026-02-14 07:49:40,2026-04-07,2026-04-08,0
ck_c82a6eb276f66deb,2026-02-14 18:44:48,2026-04-07,2026-04-08,0
ck_7e912b0e18808324,2026-04-06 13:10:47,2026-04-07,2026-04-08,0
ck_37f63f24e9cc230b,2026-01-30 03:44:17,2026-04-08,2026-04-09,0
ck_16a52cfd536ea705,2025-12-07 03:51:51,2026-04-08,2026-04-09,1
ck_2cd83cd1a9fd0475,2026-01-14 14:35:47,2026-04-08,2026-04-09,0
ck_b7c79a071c30e14a,2026-02-26 17:40:05,2026-04-08,2026-04-09,0
ck_c093335cd08ded6e,2025-12-11 16:15:37,2026-04-08,2026-04-09,0
ck_05dde5e0c675f176,2026-02-03 10:58:40,2026-04-08,2026-04-09,0
ck_d92da6090e3d1407,2025-12-22 17:55:31,2026-04-08,2026-04-09,0
ck_4fc00981e99edb55,2026-04-06 10:50:39,2026-04-08,2026-04-09,0
ck_3f9e0f8ffe484d55,2025-12-03 12:35:22,2026-04-08,2026-04-09,0
ck_f335169426f946e5,2026-02-14 20:41:01,2026-04-08,2026-04-09,0
ck_013780525a90b13f,2025-11-09 22:01:54,2026-04-08,2026-04-09,0
ck_10f4f7e812fea671,2026-04-04 10:02:31,2026-04-08,2026-04-09,0
ck_d514dfe10e211576,2025-10-21 17:39:22,2026-04-08,2026-04-09,0
ck_6ed62ce9c8762720,2026-04-07 19:34:58,2026-04-08,2026-04-09,1
ck_57994e383315a516,2026-02-23 05:12:16,2026-04-08,2026-04-09,0
ck_9ddf99ef22ea9c85,2026-04-05 18:48:19,2026-04-08,2026-04-09,0
ck_50f977d755f35379,2026-02-14 21:59:37,2026-04-08,2026-04-09,0
ck_cf6f314480f26561,2026-01-05 00:27:10,2026-04-08,2026-04-09,0
ck_38a0504448dd306f,2026-02-22 12:47:56,2026-04-08,2026-04-09,0
ck_378b28393a449654,2026-01-30 17:25:40,2026-04-08,2026-04-09,0
ck_b5b418caed6165c6,2026-03-05 13:59:40,2026-04-08,2026-04-09,0
ck_4d98a340f0a7decb,2026-04-07 13:26:08,2026-04-08,2026-04-09,0
ck_891a64585bb794cb,2026-04-06 01:27:26,2026-04-08,2026-04-09,0
ck_da363a78be31ae74,2026-01-06 08:26:38,2026-04-08,2026-04-09,0
ck_063bcd851cd4f261,2025-10-22 22:50:44,2026-04-08,2026-04-09,0
ck_907f0183235bb695,2025-12-23 22:13:14,2026-04-08,2026-04-09,0
ck_abc3dc6e4229ba9d,2026-01-26 06:07:29,2026-04-08,2026-04-09,0
ck_85e6c7c9f65ce418,2026-01-11 19:02:01,2026-04-08,2026-04-09,0
ck_59bef63a8650a108,2026-02-02 22:02:06,2026-04-08,2026-04-09,0
ck_6150a88b621496e0,2025-12-03 01:42:17,2026-04-08,2026-04-09,0
ck_bc58a78ba01647fc,2026-04-07 19:52:22,2026-04-08,2026-04-09,0
ck_ee6713b41545f251,2026-04-07 01:32:40,2026-04-08,2026-04-09,1
ck_1adfecbcba79874a,2026-02-24 04:08:05,2026-04-08,2026-04-09,0
ck_a9971f154944c4aa,2026-03-05 16:56:00,2026-04-08,2026-04-09,0
ck_0406979395645d13,2025-12-14 03:58:55,2026-04-08,2026-04-09,0
ck_719603aec756e846,2026-02-19 16:40:50,2026-04-08,2026-04-09,0
ck_a559f9619918c20f,2026-04-07 06:40:18,2026-04-08,2026-04-09,1
ck_7d108832527743cf,2026-01-17 18:52:58,2026-04-08,2026-04-09,0
ck_537ea592369b6a66,2026-02-10 03:30:44,2026-04-08,2026-04-09,0
ck_c6cc334a63e37ff4,2026-03-17 23:50:35,2026-04-08,2026-04-09,0
ck_122b928004a39008,2026-01-17 23:57:05,2026-04-08,2026-04-09,0
ck_da9e41de74525ee5,2025-12-23 00:25:36,2026-04-08,2026-04-09,0
ck_ada1c3fac8a137fb,2026-01-08 11:04:42,2026-04-08,2026-04-09,0
ck_f454fb5d6b399cea,2026-04-06 18:46:20,2026-04-08,2026-04-09,0
ck_6bff213348d96a26,2026-01-31 04:46:59,2026-04-08,2026-04-09,0
ck_08ec69edde66974e,2025-12-12 12:05:28,2026-04-08,2026-04-09,1
ck_50ec5da11650ddfd,2025-12-21 12:36:41,2026-04-08,2026-04-09,0
ck_9093d9c4fb7e783b,2026-01-12 07:55:47,2026-04-08,2026-04-09,0
ck_5e1cfb719be077fb,2026-01-17 10:22:06,2026-04-08,2026-04-09,0
ck_a0d0fcd8391da4aa,2026-04-07 11:09:47,2026-04-08,2026-04-09,0
ck_0fd008ef5e713bcc,2026-03-01 07:52:00,2026-04-08,2026-04-09,1
ck_c92aade94932d5e7,2026-03-10 13:01:18,2026-04-08,2026-04-09,0
ck_f5c7ee98bcfa8632,2026-02-21 22:29:18,2026-04-08,2026-04-09,0
ck_e1a21ba313896b9b,2026-02-15 10:53:18,2026-04-08,2026-04-09,0
ck_732a5d17d3bdd296,2025-12-14 15:16:34,2026-04-08,2026-04-09,0
ck_1cfe6872d181fcc9,2025-09-25 22:10:05,2026-04-08,2026-04-09,1
ck_01278e923456b8d1,2026-01-12 14:33:12,2026-04-08,2026-04-09,0
ck_129f153a2dcb0c68,2026-02-04 21:15:57,2026-04-08,2026-04-09,0
ck_5b5a5e6f7abaccfc,2026-04-07 20:52:26,2026-04-08,2026-04-09,0
ck_9d2905ba889ec276,2025-12-15 16:48:08,2026-04-08,2026-04-09,0
ck_4fb7873eb1e8bc69,2026-01-16 08:47:00,2026-04-08,2026-04-09,0
ck_6e786767326da8e9,2025-12-19 22:45:56,2026-04-08,2026-04-09,0
ck_ae3ceaefa6004046,2026-01-30 15:35:36,2026-04-08,2026-04-09,0
ck_8dd776d787068d5d,2026-02-17 18:41:31,2026-04-08,2026-04-09,0
ck_a0dd8a1b27bb36ba,2026-04-03 23:32:20,2026-04-08,2026-04-09,0
ck_7e0a05abe3756a8a,2026-04-04 13:53:12,2026-04-08,2026-04-09,0
ck_9b139caf34a55f25,2026-01-19 00:24:13,2026-04-08,2026-04-09,0
ck_ac52ca3ec767a038,2025-12-10 10:03:27,2026-04-08,2026-04-09,0
ck_ff92bd820dd900e8,2025-10-30 11:22:01,2026-04-08,2026-04-09,0
ck_f58f3300824ab919,2026-04-07 04:57:38,2026-04-08,2026-04-09,0
ck_56287b60f42f9c60,2025-12-01 00:09:12,2026-04-08,2026-04-09,0
ck_9ba4845f0bc283dc,2025-07-05 02:01:16,2026-04-08,2026-04-09,0
ck_6dd2c9ba1c640021,2026-03-25 05:40:20,2026-04-08,2026-04-09,0
ck_5e48329727b57508,2026-01-31 02:27:44,2026-04-08,2026-04-09,0
ck_963605580022a2ea,2026-04-07 04:55:15,2026-04-08,2026-04-09,0
ck_8346c3d2d0df95b8,2026-04-07 09:16:59,2026-04-08,2026-04-09,0
ck_342c56d3553173fa,2026-02-18 09:32:35,2026-04-08,2026-04-09,0
ck_8120cdf4db3732d0,2026-02-26 05:45:51,2026-04-08,2026-04-09,0
ck_c9f3b719825b310f,2026-04-06 19:51:13,2026-04-08,2026-04-09,0
ck_96670c3b7db9b88f,2026-04-07 06:33:20,2026-04-08,2026-04-09,0
ck_3cf27193d4d89206,2026-02-26 17:32:20,2026-04-08,2026-04-09,0
ck_d5e7aeeb27597652,2025-12-12 00:33:03,2026-04-08,2026-04-09,0
ck_01278cd93f50ba5f,2025-10-21 20:02:06,2026-04-08,2026-04-09,1
ck_bd793af557e52496,2025-06-16 21:36:09,2026-04-08,2026-04-09,0
ck_834f478810766dd6,2026-03-08 05:57:40,2026-04-08,2026-04-09,0
ck_a42c864ca6ac56dd,2026-01-30 00:10:05,2026-04-08,2026-04-09,0
ck_2a69568543b47f3c,2026-04-03 06:42:06,2026-04-08,2026-04-09,0
ck_2b533d9f181c0512,2026-02-11 00:54:54,2026-04-08,2026-04-09,0
ck_9ec1cc7223fa754b,2025-12-19 13:36:41,2026-04-08,2026-04-09,0
ck_c09a486f86a6957a,2026-01-25 04:28:21,2026-04-08,2026-04-09,0
ck_cd91e0bfd41c57bf,2026-01-18 01:57:47,2026-04-08,2026-04-09,0
ck_b998416e4f5033e4,2026-01-15 02:09:59,2026-04-08,2026-04-09,1
ck_1cb853f88bca2756,2026-04-07 13:29:17,2026-04-08,2026-04-09,0
ck_cac1f6068bff1dc6,2026-04-06 17:49:31,2026-04-08,2026-04-09,0
ck_7dde58e78abc2ba8,2026-01-29 05:44:02,2026-04-08,2026-04-09,1
ck_e73acb4ca3516d3c,2025-12-18 22:31:57,2026-04-08,2026-04-09,0
ck_a0f0556496858ffb,2026-02-12 16:39:24,2026-04-08,2026-04-09,0
ck_79f0c55763c4d20f,2026-03-03 02:41:01,2026-04-08,2026-04-09,0
ck_722e855a228c9f42,2026-02-16 00:55:49,2026-04-08,2026-04-09,0
ck_ee87dc5bc3e9e748,2025-12-25 20:38:51,2026-04-08,2026-04-09,0
ck_20c08b8aa5292867,2026-02-02 12:45:05,2026-04-08,2026-04-09,0
ck_82b4db43977a7704,2025-09-03 17:38:20,2026-04-08,2026-04-09,0
ck_a6c4b7acd8612407,2026-04-07 09:47:39,2026-04-08,2026-04-09,0
ck_d386646bc2718134,2026-04-05 07:12:46,2026-04-08,2026-04-09,0
ck_5cffb9c97197a478,2026-03-16 11:52:30,2026-04-08,2026-04-09,0
ck_075227676b97a46e,2026-01-19 04:45:38,2026-04-08,2026-04-09,0
ck_e07a0887c453102e,2026-04-03 04:30:34,2026-04-08,2026-04-09,0
ck_015afd60c2019b55,2026-04-06 13:29:01,2026-04-08,2026-04-09,0
ck_95428b7e9c2a4511,2026-03-26 03:51:11,2026-04-08,2026-04-09,0
ck_9293d1a0c0d0f9f8,2026-02-04 01:48:48,2026-04-08,2026-04-09,0
ck_1662a5e24d4cba9f,2026-02-09 14:55:47,2026-04-08,2026-04-09,0
ck_c98f578aea2a002a,2026-04-07 09:43:29,2026-04-08,2026-04-09,0
ck_970a18864079dc35,2026-04-07 01:27:31,2026-04-08,2026-04-09,0
ck_3753b2252b744f6a,2026-02-27 15:18:46,2026-04-08,2026-04-09,0
ck_5f552e1557240adc,2026-04-07 21:06:49,2026-04-08,2026-04-09,0
ck_ac603cb51e50db3d,2025-12-08 16:47:25,2026-04-08,2026-04-09,0
ck_28c4a19ad43ce704,2026-01-07 06:25:10,2026-04-08,2026-04-09,0
ck_9fcac8244a566458,2026-04-07 13:57:39,2026-04-08,2026-04-09,0
ck_4f1ff8ea41880274,2026-03-27 16:23:06,2026-04-08,2026-04-09,0
ck_1dace427d844fe6c,2026-04-07 17:23:32,2026-04-08,2026-04-09,0
ck_9e4ca7f49354f324,2026-01-13 22:14:31,2026-04-08,2026-04-09,0
ck_93a697798f22dedc,2025-11-23 11:05:57,2026-04-08,2026-04-09,0
ck_990a7af072957b2d,2025-12-18 00:33:09,2026-04-08,2026-04-09,0
ck_4bf359f7bc5b01fc,2026-03-10 03:25:02,2026-04-08,2026-04-09,0
ck_6e33bebfd9bdc4b1,2026-01-30 11:39:21,2026-04-08,2026-04-09,0
ck_b71df0d79e07e936,2026-04-06 20:46:51,2026-04-08,2026-04-09,0
ck_1883ac76662491ae,2026-03-01 21:46:18,2026-04-08,2026-04-09,0
ck_e0ce5256220472be,2025-09-01 02:32:12,2026-04-08,2026-04-09,0
ck_2bb33a1576eee015,2026-01-29 04:10:37,2026-04-08,2026-04-09,0
ck_300d206e4ece4ebc,2026-03-20 22:54:52,2026-04-08,2026-04-09,0
ck_5288a5dc01bfb0e5,2026-01-17 10:53:46,2026-04-08,2026-04-09,0
ck_cf4b2d5e75a60c9a,2025-08-17 04:09:27,2026-04-08,2026-04-09,0
ck_65c1b438d3301e18,2025-12-21 09:46:42,2026-04-08,2026-04-09,0
ck_adfafefa786c7180,2026-04-06 20:07:56,2026-04-08,2026-04-09,0
ck_ce88b06a09e9dfca,2026-02-10 19:40:44,2026-04-08,2026-04-09,0
ck_9b5fc38583ccd068,2026-04-06 10:32:30,2026-04-08,2026-04-09,0
ck_d78e172473b3eadb,2026-01-22 01:09:00,2026-04-08,2026-04-09,0
ck_a323196fc46aa42a,2026-04-06 11:13:20,2026-04-08,2026-04-09,0
ck_d04878708be5fcf1,2025-12-24 03:43:58,2026-04-08,2026-04-09,0
ck_afbf99459c50763d,2026-01-07 17:59:11,2026-04-08,2026-04-09,1
ck_2c0f0f9ee34f1aec,2025-12-12 16:09:05,2026-04-08,2026-04-09,1
ck_530f70c98fab6c8c,2025-10-18 03:54:19,2026-04-08,2026-04-09,0
ck_0627ab91167f5bd1,2026-04-07 10:12:08,2026-04-08,2026-04-09,0
ck_be5c24b777c1719e,2026-03-22 03:45:25,2026-04-08,2026-04-09,0
ck_8012bf4830dc93d1,2026-02-28 20:13:58,2026-04-08,2026-04-09,0
ck_9bff5f3c18cea73e,2026-04-07 10:22:59,2026-04-08,2026-04-09,1
ck_650b4dceb5d43af3,2025-10-02 21:04:46,2026-04-08,2026-04-09,0
ck_a58b8aa777d2fa0d,2026-02-13 06:14:00,2026-04-08,2026-04-09,0
ck_f1287f29c1062063,2026-04-04 14:04:43,2026-04-08,2026-04-09,1
ck_85ea5452fa6e145d,2026-04-05 16:04:18,2026-04-08,2026-04-09,0
ck_0029775566c17ac5,2025-12-09 05:49:07,2026-04-08,2026-04-09,0
ck_73081e8253da24d2,2026-04-04 14:15:46,2026-04-08,2026-04-09,1
ck_75e5888885d4fa42,2026-02-07 18:12:04,2026-04-08,2026-04-09,0
ck_8f13057950c3a753,2026-04-05 03:57:22,2026-04-08,2026-04-09,0
ck_df4250b91eec8500,2026-04-07 21:45:53,2026-04-08,2026-04-09,0
ck_2308db2e4ddbd467,2026-03-04 10:19:41,2026-04-08,2026-04-09,0
ck_87983f99d5b46e65,2025-12-19 23:33:43,2026-04-08,2026-04-09,0
ck_ec7036a914f60179,2026-01-04 02:20:41,2026-04-08,2026-04-09,0
ck_bd05067c91628347,2025-12-14 17:31:43,2026-04-08,2026-04-09,0
ck_0c34f97aa08c24ce,2025-08-20 10:45:57,2026-04-08,2026-04-09,0
ck_e6e7e544236b9b58,2026-04-05 20:59:38,2026-04-08,2026-04-09,0
ck_03650807581d2799,2026-01-11 09:46:14,2026-04-08,2026-04-09,1
ck_99b61e363193c4bb,2026-02-17 16:55:16,2026-04-08,2026-04-09,0
ck_7ccb8f2530632df7,2026-03-02 00:38:32,2026-04-08,2026-04-09,0
ck_ae5c0a210d3a1078,2026-01-08 09:37:15,2026-04-08,2026-04-09,0
ck_642e29198785f9bd,2025-08-22 08:49:47,2026-04-08,2026-04-09,0
ck_612fca285c92bed3,2026-01-01 13:56:08,2026-04-08,2026-04-09,0
ck_0369115ff0a17407,2026-04-06 18:21:24,2026-04-08,2026-04-09,0
ck_ab923d3e91092478,2026-01-12 12:02:41,2026-04-08,2026-04-09,0
ck_8737abcd1cb66806,2026-04-06 17:33:05,2026-04-08,2026-04-09,0
ck_35a91fef8b9fa413,2026-03-02 03:38:27,2026-04-08,2026-04-09,0
ck_7fe52c321d24bbe2,2026-04-07 11:57:47,2026-04-08,2026-04-09,0
ck_fa79fc46d7e30055,2026-03-20 05:50:16,2026-04-08,2026-04-09,0
ck_b1a55430374bc787,2026-01-23 04:42:26,2026-04-08,2026-04-09,0
ck_2ea17f61156a53bc,2026-02-26 21:08:34,2026-04-08,2026-04-09,0
ck_17df423b782afef7,2026-02-24 00:10:35,2026-04-08,2026-04-09,0
ck_dac8007a26a1daf1,2026-02-05 15:14:09,2026-04-08,2026-04-09,0
ck_52b9879e988901c8,2025-12-28 07:02:58,2026-04-08,2026-04-09,0
ck_fce7894454da7025,2025-10-05 21:29:14,2026-04-08,2026-04-09,0
ck_7a2f6bd4b0168cc0,2025-09-30 18:31:22,2026-04-08,2026-04-09,0
ck_f2e3eac5235162fd,2026-03-08 19:02:41,2026-04-08,2026-04-09,0
ck_76f7327640a3a62e,2025-08-30 16:25:43,2026-04-08,2026-04-09,0
ck_5aa87e11574e2df4,2026-04-07 09:28:31,2026-04-08,2026-04-09,0
ck_010aa72fbb7bbfe7,2026-04-06 07:21:51,2026-04-08,2026-04-09,0
ck_70d240f921e3c689,2026-04-02 08:09:07,2026-04-08,2026-04-09,0
ck_f7ab6b6a1d60931c,2026-04-06 22:32:45,2026-04-08,2026-04-09,0
ck_0c0561fd8f18a6dd,2026-02-03 12:31:59,2026-04-08,2026-04-09,1
ck_4db6aaa6c1cc7f22,2026-02-13 10:43:58,2026-04-08,2026-04-09,0
ck_369f5b29dcbbbc49,2026-01-16 18:33:05,2026-04-08,2026-04-09,0
ck_58560dae253b368c,2026-02-23 13:41:42,2026-04-08,2026-04-09,0
ck_68b532b16e767f4e,2026-02-22 12:02:09,2026-04-08,2026-04-09,0
ck_9e2dcf648ba20816,2026-01-29 10:11:14,2026-04-08,2026-04-09,0
ck_2dc7de3be4ad1f1b,2026-01-04 04:46:36,2026-04-08,2026-04-09,0
ck_40ce576b27fd6670,2026-03-17 06:13:58,2026-04-08,2026-04-09,0
ck_d62fd9500365c65a,2026-02-08 20:26:06,2026-04-08,2026-04-09,0
ck_fd032dc69f4e9a86,2026-04-07 11:30:24,2026-04-08,2026-04-09,0
ck_17b71abe6737a903,2025-08-14 00:32:49,2026-04-08,2026-04-09,0
ck_9125d1a675375573,2026-04-07 18:00:48,2026-04-08,2026-04-09,0
ck_d1fa0cc8726761e2,2026-04-07 18:28:32,2026-04-08,2026-04-09,0
ck_f6f4762b7228f7e1,2026-02-03 06:01:38,2026-04-08,2026-04-09,0
ck_06e4914cef4ce8a8,2026-04-07 22:09:16,2026-04-08,2026-04-09,0
ck_2d76f7a4c5a400c0,2026-01-06 10:18:22,2026-04-08,2026-04-09,0
ck_2178dfcdf2af4ba9,2025-12-28 11:22:25,2026-04-08,2026-04-09,0
ck_02f23b27ef97a420,2026-03-03 21:08:25,2026-04-08,2026-04-09,0
ck_a67d733333064ec3,2026-04-07 03:24:18,2026-04-08,2026-04-09,0
ck_2f79dbc04ebfb37a,2026-04-05 23:05:29,2026-04-08,2026-04-09,0
ck_abf1401581987829,2026-04-05 00:57:32,2026-04-08,2026-04-09,0
ck_5c233a490d49a7e3,2025-12-28 09:50:01,2026-04-08,2026-04-09,0
ck_ea9cfade4399d378,2026-03-26 22:59:16,2026-04-08,2026-04-09,0
ck_2adb1643c991f4e7,2025-12-02 10:43:35,2026-04-08,2026-04-09,0
ck_485ab4c49c6d653d,2025-11-19 03:23:19,2026-04-08,2026-04-09,0
ck_4847719b4001131e,2025-11-27 12:57:25,2026-04-08,2026-04-09,0
ck_10552e58800ed99b,2026-03-23 13:02:55,2026-04-08,2026-04-09,0
ck_f331a85fbbbfb5f6,2026-01-05 20:44:50,2026-04-08,2026-04-09,0
ck_2efe90b94364d3f7,2026-04-07 01:46:28,2026-04-08,2026-04-09,0
ck_50264564351719a6,2026-03-11 10:35:40,2026-04-08,2026-04-09,0
ck_7735723fc798bb6d,2026-04-01 21:41:46,2026-04-08,2026-04-09,1
ck_856db0ec53fe8bc9,2026-02-20 23:46:56,2026-04-08,2026-04-09,0
ck_55d2d41acf9d1dad,2025-12-18 03:12:03,2026-04-08,2026-04-09,0
ck_4ca4f0fac78142b5,2025-11-09 12:31:35,2026-04-08,2026-04-09,0
ck_954708f4617808ca,2025-11-09 17:04:20,2026-04-08,2026-04-09,0
ck_cd2c110c43996b30,2026-03-06 17:35:00,2026-04-08,2026-04-09,0
ck_fe47e1f86fda6527,2026-04-07 08:52:36,2026-04-08,2026-04-09,0
ck_a3a784650afdb070,2026-04-04 15:46:50,2026-04-08,2026-04-09,0
ck_41a1b815a981942f,2026-03-19 10:42:55,2026-04-08,2026-04-09,0
ck_8d86e5ef75ed0b9b,2026-03-07 15:36:26,2026-04-08,2026-04-09,0
ck_8e966ba60e65a437,2025-09-15 06:37:15,2026-04-08,2026-04-09,1
ck_2d9f2d2dc678e5e6,2026-01-05 08:58:09,2026-04-08,2026-04-09,0
ck_388994299027437c,2026-04-07 14:21:59,2026-04-08,2026-04-09,0
ck_9abebb80baff8542,2025-11-21 09:27:27,2026-04-08,2026-04-09,0
ck_959b85b98395a6c8,2026-01-14 06:35:47,2026-04-08,2026-04-09,0
ck_ad9980db6e9de8a9,2025-11-16 00:06:53,2026-04-08,2026-04-09,0
ck_094da9f0ccd2f92b,2026-04-05 23:21:49,2026-04-08,2026-04-09,0
ck_a56b8b5a0c390878,2026-04-07 19:05:50,2026-04-08,2026-04-09,1
ck_ec83ea79870fd801,2026-02-10 00:36:09,2026-04-08,2026-04-09,0
ck_8a2297fff1d5d8ee,2025-10-21 05:54:28,2026-04-08,2026-04-09,0
ck_66d901fbac34efb6,2026-03-21 12:03:39,2026-04-08,2026-04-09,0
ck_d7bee309e50bafac,2025-08-24 15:05:33,2026-04-08,2026-04-09,1
ck_d4adf12cddddd00b,2026-02-04 06:55:35,2026-04-08,2026-04-09,0
ck_301f65b517d186cb,2026-02-08 05:01:11,2026-04-08,2026-04-09,0
ck_b8fae56a804ef309,2026-03-14 10:03:41,2026-04-08,2026-04-09,0
ck_db9a2721a5677080,2026-02-12 01:10:37,2026-04-08,2026-04-09,0
ck_83f005609719a8bb,2025-11-13 18:32:04,2026-04-08,2026-04-09,0
ck_838c45e19e40a602,2025-09-30 08:25:46,2026-04-08,2026-04-09,0
ck_5ba3b58d5054d32c,2026-04-06 19:40:31,2026-04-08,2026-04-09,0
ck_40f8659947b472cd,2026-02-09 03:37:47,2026-04-08,2026-04-09,0
ck_79ea04e058099d0b,2026-03-19 04:25:32,2026-04-08,2026-04-09,0
ck_2585364205dfdc44,2025-11-07 15:43:03,2026-04-08,2026-04-09,0
ck_8b978a7b21850271,2025-10-19 17:23:23,2026-04-08,2026-04-09,0
ck_86080cf5d8875149,2026-03-17 07:54:07,2026-04-08,2026-04-09,0
ck_c2c7610dd7f2fcd1,2026-03-22 06:32:10,2026-04-08,2026-04-09,0
ck_895f5a02eb7cd681,2026-04-06 04:11:42,2026-04-08,2026-04-09,0
ck_9180b55bec238250,2026-01-31 16:32:33,2026-04-08,2026-04-09,0
ck_22d2cee63e79ebf4,2026-04-04 22:14:14,2026-04-08,2026-04-09,0
ck_d8ee5b6984169fd4,2026-01-31 22:17:23,2026-04-08,2026-04-09,0
ck_33c2bfb5c1efde09,2026-03-13 12:47:17,2026-04-08,2026-04-09,0
ck_cde14162e6cef155,2026-04-07 09:59:39,2026-04-08,2026-04-09,0
ck_2063efbfed555d64,2025-11-30 04:54:17,2026-04-08,2026-04-09,0
ck_61f8f670473d9359,2026-03-21 17:11:31,2026-04-08,2026-04-09,0
ck_833a7a9f6ac4a192,2025-10-30 19:47:01,2026-04-08,2026-04-09,0
ck_3c1ac18dc569c63c,2025-09-02 11:13:04,2026-04-08,2026-04-09,0
ck_cff0341a4f0e7caf,2026-03-16 15:21:10,2026-04-08,2026-04-09,0
ck_71541ffd272046ce,2026-04-07 10:47:20,2026-04-08,2026-04-09,0
ck_3f6522ee76843aab,2026-04-06 07:24:11,2026-04-08,2026-04-09,0
ck_fb2377b44b1da447,2026-02-27 23:35:16,2026-04-08,2026-04-09,0
ck_6d2a452747334ac6,2026-03-21 23:27:55,2026-04-08,2026-04-09,0
ck_4f866da05f6d00c2,2026-04-06 00:57:18,2026-04-08,2026-04-09,0
ck_ea6867f752098153,2026-03-01 20:58:57,2026-04-08,2026-04-09,0
ck_de3a2e15c64a54fc,2026-04-07 11:43:47,2026-04-08,2026-04-09,0
ck_19290af415ada411,2026-02-22 20:28:56,2026-04-08,2026-04-09,0
ck_060e7e2df20db28b,2026-04-05 06:31:05,2026-04-08,2026-04-09,0
ck_a085ae8597ea73d4,2026-03-13 14:24:27,2026-04-08,2026-04-09,0
ck_89984abac82eced4,2026-01-28 03:58:59,2026-04-08,2026-04-09,0
ck_44f1900bf244c973,2026-04-07 15:20:28,2026-04-08,2026-04-09,0
ck_854eb93c6f520b35,2026-04-07 17:40:53,2026-04-08,2026-04-09,0
ck_f863ce0592efc0c5,2025-10-19 08:58:52,2026-04-08,2026-04-09,0
ck_913efccc3f658557,2026-04-07 14:18:06,2026-04-08,2026-04-09,0
ck_198e33d395555ce7,2026-04-07 03:51:08,2026-04-08,2026-04-09,0
ck_db3939ccb12d1985,2026-01-02 17:35:28,2026-04-08,2026-04-09,0
ck_6a116b88d32bf9af,2026-04-07 04:37:55,2026-04-08,2026-04-09,0
ck_f69e0f5e4dafe3ba,2026-03-07 09:13:48,2026-04-08,2026-04-09,0
ck_2a214ef1c5d6abb5,2025-12-05 14:51:20,2026-04-08,2026-04-09,0
ck_cecf1fcfb26fa080,2025-08-11 05:02:32,2026-04-08,2026-04-09,0
ck_84ca3a45ccb63157,2025-11-06 04:56:44,2026-04-08,2026-04-09,0
ck_27f3a6867043f054,2026-01-18 02:24:28,2026-04-08,2026-04-09,0
ck_ced767e7a36e77a6,2026-02-08 02:49:18,2026-04-08,2026-04-09,0
ck_7caa64674c7702b0,2026-04-01 09:14:12,2026-04-08,2026-04-09,0
ck_40fa7e32e9ed67ec,2026-03-14 15:56:25,2026-04-08,2026-04-09,1
ck_518af45f23d4be87,2026-04-07 04:00:16,2026-04-08,2026-04-09,0
ck_90dbfa6c2ecfecf8,2025-08-11 01:59:14,2026-04-08,2026-04-09,0
ck_1d1bb25dd34052aa,2026-01-22 11:03:27,2026-04-08,2026-04-09,0
ck_603f64538c39d5b9,2026-01-18 21:55:00,2026-04-08,2026-04-09,0
ck_2791d64a8f8093dc,2026-04-06 10:41:24,2026-04-08,2026-04-09,0
ck_8109f93eed1554cc,2025-11-19 15:47:54,2026-04-08,2026-04-09,0
ck_531a54eb0877566e,2026-01-24 20:20:29,2026-04-08,2026-04-09,0
ck_955f794b6c85979a,2026-03-26 02:39:37,2026-04-08,2026-04-09,0
ck_445c11ae6b106fbf,2026-02-20 10:42:01,2026-04-08,2026-04-09,1
ck_5948bee58c5ef6ed,2026-02-03 14:16:52,2026-04-08,2026-04-09,0
ck_98bb465d370190b8,2026-01-19 20:33:52,2026-04-08,2026-04-09,0
ck_914d1fe2b7d9e1c1,2025-12-28 04:45:18,2026-04-08,2026-04-09,0
ck_23297a66cfe4a100,2026-02-27 14:16:07,2026-04-08,2026-04-09,1
ck_2ddee95d69e12504,2026-01-17 07:28:20,2026-04-08,2026-04-09,0
ck_e0980d46b03e8439,2026-04-06 15:14:33,2026-04-08,2026-04-09,1
ck_51875bae1e883173,2026-01-11 12:03:40,2026-04-08,2026-04-09,0
ck_c961dc960c36244f,2026-01-18 05:33:06,2026-04-08,2026-04-09,0
ck_b629b5aeecda288e,2026-04-06 13:20:42,2026-04-08,2026-04-09,0
ck_ce8b370ea158bff3,2026-04-06 20:11:22,2026-04-08,2026-04-09,0
ck_1dcb306d10c60387,2026-02-25 08:26:43,2026-04-08,2026-04-09,0
ck_0a81c9468825f23f,2026-02-11 19:01:50,2026-04-08,2026-04-09,0
ck_5d71c54583739987,2025-10-30 06:06:09,2026-04-08,2026-04-09,0
ck_23892ff6f8743aea,2025-03-19 12:57:34,2026-04-08,2026-04-09,0
ck_dbc34f3ed7656746,2025-12-04 08:46:41,2026-04-08,2026-04-09,0
ck_62ed96e44e0cbd50,2026-02-26 15:16:05,2026-04-08,2026-04-09,0
ck_aefd397f7307a2d7,2026-04-07 12:28:28,2026-04-08,2026-04-09,0
ck_ba7f7c665e47b4ee,2026-02-10 02:08:26,2026-04-08,2026-04-09,0
ck_6084431e81bc081a,2025-11-29 01:44:47,2026-04-08,2026-04-09,0
ck_6e43942833665020,2026-01-07 01:15:57,2026-04-08,2026-04-09,0
ck_7f669cb7f2558196,2026-02-28 21:23:24,2026-04-08,2026-04-09,0
ck_be7483a22cc1e49d,2026-04-07 12:43:29,2026-04-08,2026-04-09,0
ck_c6a7cac1349dfadd,2025-10-20 12:45:55,2026-04-08,2026-04-09,0
ck_40e27580f5597b81,2026-01-30 07:06:03,2026-04-08,2026-04-09,0
ck_1bbd5935bed18e84,2026-04-07 13:33:14,2026-04-08,2026-04-09,0
ck_8df0e1700243310f,2026-04-07 07:17:48,2026-04-08,2026-04-09,0
ck_700fa1a51f1d5c94,2026-04-07 19:52:22,2026-04-08,2026-04-09,0
ck_c77c2b919432ac06,2026-02-22 18:43:07,2026-04-08,2026-04-09,1
ck_498055e6c462e544,2025-12-04 07:01:18,2026-04-08,2026-04-09,0
ck_249482acf06bd774,2026-04-07 07:31:47,2026-04-08,2026-04-09,0
ck_6cf5369a10441d9d,2026-01-03 02:01:27,2026-04-08,2026-04-09,0
ck_ecbffc9ab27a980b,2026-01-24 17:40:48,2026-04-08,2026-04-09,0
ck_a51471620ff4b8cb,2026-03-15 08:45:00,2026-04-08,2026-04-09,0
ck_200cd3330f3de834,2026-04-07 04:40:09,2026-04-08,2026-04-09,0
ck_c6ad5606c45f884d,2026-02-19 15:08:30,2026-04-08,2026-04-09,0
ck_2ad51a2d9ff71501,2025-11-25 02:21:10,2026-04-08,2026-04-09,0
ck_2960dbd35c5b33e5,2026-01-25 08:42:11,2026-04-08,2026-04-09,0
ck_eaa767f9efe8ab9b,2025-12-07 23:04:38,2026-04-08,2026-04-09,0
ck_0c689f8a168aa994,2026-03-22 20:25:58,2026-04-08,2026-04-09,0
ck_b324db6564e3e9aa,2026-01-04 21:10:46,2026-04-08,2026-04-09,0
ck_51209022d161aad5,2025-11-07 13:54:48,2026-04-08,2026-04-09,1
ck_f0e18ca20a3fef82,2026-04-07 04:21:22,2026-04-08,2026-04-09,0
ck_e15869a28cb023ce,2026-02-11 03:01:15,2026-04-08,2026-04-09,0
ck_673db7e9077786a4,2025-12-19 01:09:43,2026-04-08,2026-04-09,0
ck_26ac33dc9e048f5d,2026-03-23 21:13:03,2026-04-08,2026-04-09,0
ck_528b9b7db4112ba6,2026-01-15 11:30:16,2026-04-08,2026-04-09,0
ck_cab99af9f5922ada,2026-01-31 17:15:37,2026-04-08,2026-04-09,0
ck_0a60a9d2a55f695f,2026-04-05 15:56:40,2026-04-08,2026-04-09,1
ck_eabb3375de13eedf,2026-04-07 15:41:21,2026-04-08,2026-04-09,0
ck_6de1c13a835d7eeb,2025-06-28 15:33:54,2026-04-08,2026-04-09,0
ck_1407236a10ae22e5,2026-01-01 15:12:01,2026-04-08,2026-04-09,0
ck_e459e724ec5126c1,2026-03-22 22:25:25,2026-04-08,2026-04-09,0
ck_4c8fa239e0563928,2026-01-23 14:07:04,2026-04-08,2026-04-09,0
ck_6357ba1279527cae,2025-12-22 08:34:59,2026-04-08,2026-04-09,0
ck_57fe2f9d0aec6637,2026-01-17 00:42:52,2026-04-08,2026-04-09,0
ck_06e4ef89cdde754e,2025-12-12 03:30:23,2026-04-08,2026-04-09,0
ck_924dfc04dfa74afb,2025-12-02 04:24:06,2026-04-08,2026-04-09,0
ck_7069a9327b9ded78,2026-02-18 10:26:52,2026-04-08,2026-04-09,0
ck_f90abeb943777507,2026-04-06 20:36:57,2026-04-08,2026-04-09,0
ck_2da23f5877b5822b,2026-03-07 19:24:10,2026-04-08,2026-04-09,0
ck_94267038bc10bf01,2026-02-06 17:02:45,2026-04-08,2026-04-09,0
ck_3bcf2ee70ae51195,2026-02-09 17:40:42,2026-04-08,2026-04-09,0
ck_1aa3e816dfb6cf65,2026-01-11 11:30:16,2026-04-08,2026-04-09,0
ck_172c78ee118de10a,2025-10-08 21:03:47,2026-04-08,2026-04-09,0
ck_6584a0c261dab211,2025-12-24 20:32:13,2026-04-08,2026-04-09,0
ck_66ff10ecf7ed0113,2025-11-07 07:08:29,2026-04-08,2026-04-09,0
ck_2e604ed07d13c5a4,2026-01-04 16:37:28,2026-04-08,2026-04-09,0
ck_dfd01a422dc83d55,2026-04-07 09:20:49,2026-04-08,2026-04-09,0
ck_05cd0be1ead77ddc,2025-09-05 13:02:30,2026-04-08,2026-04-09,0
ck_00cdfeeaf04a4418,2026-04-07 14:03:41,2026-04-08,2026-04-09,0
ck_51548fa4586094be,2026-01-28 06:06:38,2026-04-08,2026-04-09,0
ck_a644d293a609c456,2026-03-03 07:29:16,2026-04-08,2026-04-09,0
ck_266524eee4a996a3,2025-11-22 00:29:24,2026-04-08,2026-04-09,0
ck_1c2360d4f3ce5bce,2026-04-07 09:01:11,2026-04-08,2026-04-09,1
ck_0346b244691ed540,2026-03-18 09:04:34,2026-04-08,2026-04-09,0
ck_69823fa96b2fe06d,2026-03-16 08:04:17,2026-04-08,2026-04-09,0
ck_91c377ca60370b9a,2025-11-30 21:05:13,2026-04-08,2026-04-09,0
ck_c5a45cf381aba2ee,2026-01-15 18:17:54,2026-04-08,2026-04-09,0
ck_60c61a0eaaced54d,2025-12-06 01:06:48,2026-04-08,2026-04-09,0
ck_83ea1e300a585ec0,2026-01-03 17:40:26,2026-04-08,2026-04-09,0
ck_bb300c92b4edc7ec,2026-01-25 09:15:42,2026-04-08,2026-04-09,0
ck_7fdbe34d33637bdd,2026-04-07 05:27:24,2026-04-08,2026-04-09,0
ck_143f6e0ffe6559ab,2026-02-24 20:56:16,2026-04-08,2026-04-09,0
ck_812e71e98a843303,2026-04-06 14:46:41,2026-04-08,2026-04-09,0
ck_71f73a3a2833586a,2026-03-19 12:22:18,2026-04-08,2026-04-09,0
ck_8aaa86857c97f96c,2025-12-09 07:51:59,2026-04-08,2026-04-09,0
ck_cd5892b4f5d89e92,2026-03-17 20:46:21,2026-04-08,2026-04-09,0
ck_a1150323c3538112,2025-10-01 07:00:21,2026-04-08,2026-04-09,0
ck_c06835127df839da,2025-12-25 15:00:57,2026-04-08,2026-04-09,0
ck_2e6c1992f865fcc6,2025-12-24 03:53:25,2026-04-08,2026-04-09,0
ck_46ff91a0227c82ef,2026-04-06 15:32:57,2026-04-08,2026-04-09,0
ck_51ee18b3b2d0f2c8,2026-04-06 21:49:37,2026-04-08,2026-04-09,0
ck_cab881b3917f7ab0,2026-03-31 15:39:38,2026-04-08,2026-04-09,0
ck_58f39430d286589e,2025-09-04 03:26:17,2026-04-08,2026-04-09,0
ck_76ae9ba2e3e54c17,2026-02-03 08:23:55,2026-04-08,2026-04-09,0
ck_d341da4811c1390a,2026-03-24 23:33:20,2026-04-08,2026-04-09,0
ck_a9b04bcda3c318f2,2026-04-06 18:38:54,2026-04-08,2026-04-09,0
ck_af1ea0b769b67949,2025-11-27 16:51:03,2026-04-08,2026-04-09,0
ck_65ce66a96c85ff6d,2025-10-24 15:51:19,2026-04-08,2026-04-09,0
ck_fc42218b5721fcf2,2026-02-18 16:07:44,2026-04-08,2026-04-09,0
ck_012587ae7bc0bffe,2026-01-16 21:49:08,2026-04-08,2026-04-09,1
ck_2817cd6443a2f55d,2025-12-28 01:53:31,2026-04-08,2026-04-09,0
ck_1a2cf80c764ff349,2025-12-28 22:52:13,2026-04-08,2026-04-09,0
ck_8ecc2bcb1fbec1f0,2026-02-08 10:40:49,2026-04-08,2026-04-09,0
ck_aa65e9cbe66b7da6,2025-09-26 12:59:56,2026-04-08,2026-04-09,0
ck_94238fc522fd7369,2026-01-09 13:16:04,2026-04-08,2026-04-09,0
ck_b4f054fa191502ca,2026-02-20 05:02:21,2026-04-08,2026-04-09,0
ck_bd799dfe5ff73fca,2026-03-05 01:05:32,2026-04-08,2026-04-09,0
ck_5a554622dda4c8e5,2026-02-06 01:35:21,2026-04-08,2026-04-09,0
ck_5d6604a2729288db,2026-04-06 00:01:22,2026-04-08,2026-04-09,0
ck_6e8ec2ca3d8ba182,2026-04-07 17:40:43,2026-04-08,2026-04-09,0
ck_87cd76dcd315c5a6,2026-01-22 13:38:42,2026-04-08,2026-04-09,0
ck_f73a5db6aab46145,2026-02-28 22:53:11,2026-04-08,2026-04-09,0
ck_94488b3d90408f96,2026-02-04 14:42:36,2026-04-08,2026-04-09,0
ck_5d3ccf37257eb0a6,2026-02-05 15:30:52,2026-04-08,2026-04-09,0
ck_a0ac863e0a9979bf,2026-02-09 14:17:07,2026-04-08,2026-04-09,0
ck_33d0d910c85ff3ec,2026-03-05 13:59:20,2026-04-08,2026-04-09,0
ck_c717b7cc3f08a2e1,2026-04-06 03:25:06,2026-04-08,2026-04-09,0
ck_f2a78bafe2854b52,2026-01-14 02:46:31,2026-04-08,2026-04-09,0
ck_8f225b39a8da3615,2026-04-07 02:47:20,2026-04-08,2026-04-09,0
ck_f3e4c79bb908e726,2025-10-01 11:47:35,2026-04-08,2026-04-09,0
ck_f658372946e97da6,2026-04-07 10:19:04,2026-04-08,2026-04-09,0
ck_371e06c2b88da34e,2025-12-20 04:47:39,2026-04-08,2026-04-09,1
ck_3353f969b5f16dfb,2026-02-27 06:09:20,2026-04-08,2026-04-09,0
ck_ff8bcb80152fb579,2025-12-06 00:18:03,2026-04-08,2026-04-09,0
ck_2b62ec5d92278138,2026-02-13 20:44:40,2026-04-08,2026-04-09,0
ck_da9934907b54ff09,2025-12-27 04:44:30,2026-04-08,2026-04-09,0
ck_a493d12ba97a0ece,2026-04-06 15:09:09,2026-04-08,2026-04-09,0
ck_41704bba68c68df4,2026-02-24 23:07:18,2026-04-08,2026-04-09,1
ck_96b82010ecfe0fb1,2025-08-07 18:59:36,2026-04-08,2026-04-09,0
ck_df8f76098dc7b92e,2026-03-03 05:51:24,2026-04-08,2026-04-09,0
ck_764b96b38a91e946,2026-02-21 17:22:17,2026-04-08,2026-04-09,0
ck_fef6b56dda1f0c8a,2025-12-19 13:26:27,2026-04-08,2026-04-09,0
ck_2e9add4e8924124c,2026-04-07 06:19:37,2026-04-08,2026-04-09,0
ck_b40c79678b63a6c8,2026-04-06 16:14:44,2026-04-08,2026-04-09,0
ck_59bc69c11e2d5b98,2026-04-07 13:03:04,2026-04-08,2026-04-09,1
ck_7369afd65aec2bb6,2025-09-20 13:27:14,2026-04-08,2026-04-09,1
ck_a4601d008b5c1176,2026-02-10 23:13:27,2026-04-08,2026-04-09,0
ck_3ed2d87de9f496b7,2026-02-28 13:23:07,2026-04-08,2026-04-09,0
ck_67657c33fd50c708,2026-01-29 20:03:10,2026-04-08,2026-04-09,0
ck_9c52ab601fc3081b,2025-10-17 01:30:55,2026-04-08,2026-04-09,0
ck_2adccb249c6a90d8,2026-01-19 12:28:14,2026-04-08,2026-04-09,0
ck_c8d495dcfed42537,2026-01-31 20:37:48,2026-04-08,2026-04-09,0
ck_fe07770c32bde614,2026-04-07 11:58:37,2026-04-08,2026-04-09,1
ck_3c7c377e109b9a4f,2026-01-29 12:20:01,2026-04-08,2026-04-09,0
ck_392f159b90afca6b,2025-10-29 10:02:44,2026-04-08,2026-04-09,0
ck_05623d4e5505fc28,2025-07-29 23:20:27,2026-04-08,2026-04-09,0
ck_df752c97140b8b3c,2026-04-06 12:02:18,2026-04-08,2026-04-09,0
ck_a65f73be14392611,2025-09-15 14:55:03,2026-04-08,2026-04-09,0
ck_506e5452b4750512,2026-04-06 23:33:51,2026-04-08,2026-04-09,0
ck_3ff345774a27b3f4,2026-01-05 18:01:55,2026-04-08,2026-04-09,0
ck_1976663f36e13a47,2025-12-18 04:58:58,2026-04-08,2026-04-09,0
ck_7e47f3047f51521b,2025-11-28 16:54:46,2026-04-08,2026-04-09,0
ck_c0fdaf5c650367fd,2026-03-05 02:32:36,2026-04-08,2026-04-09,0
ck_db147387f5388d2f,2025-12-23 16:55:30,2026-04-08,2026-04-09,0
ck_3d6e59484da0ebcd,2025-12-10 19:08:34,2026-04-08,2026-04-09,0
ck_30dde6fd30eebff9,2026-04-05 06:02:41,2026-04-08,2026-04-09,0
ck_b26525cc1d1a386b,2026-03-26 06:18:15,2026-04-08,2026-04-09,0
ck_ea4089898dfb9f88,2025-09-27 19:13:35,2026-04-08,2026-04-09,0
ck_edc79639f132fc1e,2025-10-26 22:28:55,2026-04-08,2026-04-09,0
ck_b07dad4bf58331cf,2025-11-05 05:46:23,2026-04-08,2026-04-09,0
ck_fbbed2ff14944ce9,2025-12-27 17:38:36,2026-04-08,2026-04-09,0
ck_c829f2d656c45264,2025-10-28 12:10:47,2026-04-08,2026-04-09,0
ck_f4ecea0bd4f0d673,2025-12-30 20:55:32,2026-04-08,2026-04-09,0
ck_0e895f70255a690e,2026-04-07 04:19:35,2026-04-08,2026-04-09,0
ck_4adafdec28a0a111,2025-12-18 01:12:07,2026-04-08,2026-04-09,0
ck_1176aafa5b662f5a,2026-03-13 05:08:51,2026-04-08,2026-04-09,0
ck_e397e2aa6710c6e1,2025-06-07 05:01:08,2026-04-08,2026-04-09,0
ck_233a0d0c92c513f0,2026-04-07 05:53:47,2026-04-08,2026-04-09,0
ck_f65fdd88ec46857a,2026-02-20 12:39:48,2026-04-08,2026-04-09,0
ck_db39307f3bc70714,2026-04-05 07:19:01,2026-04-08,2026-04-09,0
ck_5c9fb0033ce296b2,2026-04-07 18:06:33,2026-04-08,2026-04-09,1
ck_5bc9c7a3688b3606,2026-03-04 20:45:14,2026-04-08,2026-04-09,0
ck_4e64946ffb599a11,2026-02-17 16:37:57,2026-04-08,2026-04-09,0
ck_4921969aa228bc8e,2026-04-07 19:10:32,2026-04-08,2026-04-09,0
ck_0a53a0e5396de84f,2026-03-11 20:59:52,2026-04-08,2026-04-09,0
ck_def7ee8df32df1c7,2026-03-09 09:09:52,2026-04-08,2026-04-09,0
ck_25907a736fb5e5d0,2026-01-11 14:16:13,2026-04-08,2026-04-09,1
ck_64038f6626dd9694,2026-03-16 02:16:41,2026-04-08,2026-04-09,0
ck_32aa04e4de1c2154,2025-10-20 14:04:38,2026-04-08,2026-04-09,0
ck_57b1453399571840,2025-12-30 10:04:26,2026-04-08,2026-04-09,0
ck_ca27f11a92b8dd18,2025-12-26 17:38:02,2026-04-08,2026-04-09,0
ck_891d7e0503b04935,2026-04-07 03:47:19,2026-04-08,2026-04-09,0
ck_501ac8c2eecadc1f,2025-12-18 16:25:23,2026-04-08,2026-04-09,0
ck_dc2fc49cae863bad,2025-12-16 12:55:25,2026-04-08,2026-04-09,0
ck_3ab37c8e5ca23b9d,2025-12-08 03:00:21,2026-04-08,2026-04-09,0
ck_4d06fc22df1885d6,2026-01-21 05:58:44,2026-04-08,2026-04-09,0
ck_3ae45cd3ea97eba6,2026-03-10 12:41:18,2026-04-08,2026-04-09,0
ck_0eb61aa816087788,2025-08-15 22:07:23,2026-04-08,2026-04-09,0
ck_2e2b8ac06fd98aa5,2025-12-17 12:34:14,2026-04-08,2026-04-09,0
ck_1ac32ab346cfe0c4,2026-02-20 00:18:16,2026-04-08,2026-04-09,0
ck_f15b2ee05a44d9bf,2026-02-01 13:39:33,2026-04-08,2026-04-09,0
ck_ef1d11082ade1221,2026-02-04 02:52:43,2026-04-08,2026-04-09,1
ck_d2b71d474220a67b,2025-12-14 06:39:43,2026-04-08,2026-04-09,0
ck_29b456fc6334b5d8,2026-02-06 16:10:40,2026-04-08,2026-04-09,0
ck_ae6c974f084d2c6e,2025-11-28 14:15:33,2026-04-08,2026-04-09,0
ck_98143c49940686f8,2026-04-06 11:20:07,2026-04-08,2026-04-09,0
ck_7f3e790f2309d419,2025-12-04 22:39:44,2026-04-08,2026-04-09,0
ck_7807e5d061f327ef,2025-11-28 09:24:23,2026-04-08,2026-04-09,0
ck_ad23c911b6bda3b9,2026-02-09 20:32:21,2026-04-08,2026-04-09,0
ck_0fe52afba4f277e0,2025-12-27 15:44:17,2026-04-08,2026-04-09,0
ck_ca57742165b9fbbe,2026-02-17 16:49:35,2026-04-08,2026-04-09,0
ck_b82993df4b75cd92,2026-04-04 04:32:24,2026-04-08,2026-04-09,0
ck_3a5a7627b0703e18,2025-11-01 09:00:32,2026-04-08,2026-04-09,0
ck_f178fd14193c2e1f,2026-03-06 17:15:34,2026-04-08,2026-04-09,1
ck_d25ebb0dd2f8ad44,2026-01-28 11:55:03,2026-04-08,2026-04-09,0
ck_c12a2fca88aae627,2026-01-14 03:12:19,2026-04-08,2026-04-09,0
ck_0c1e7c3c4c6323c9,2025-10-24 10:50:54,2026-04-08,2026-04-09,0
ck_47de89abd4d7249c,2025-05-24 23:27:15,2026-04-08,2026-04-09,0
ck_0514beedb42894d7,2026-01-23 06:43:07,2026-04-08,2026-04-09,0
ck_af8b9ad8651e4d0b,2026-02-27 19:06:32,2026-04-08,2026-04-09,0
ck_d520400e2ae2a4f5,2025-11-20 18:00:53,2026-04-08,2026-04-09,0
ck_81e81e5bb231db33,2025-10-29 15:29:23,2026-04-08,2026-04-09,0
ck_ce0739b1d90e1a9a,2026-03-11 17:41:19,2026-04-08,2026-04-09,0
ck_b0f0f2f9de0d2e11,2026-04-04 12:33:25,2026-04-08,2026-04-09,0
ck_a5f73f8cc0dc1393,2025-12-06 01:35:20,2026-04-08,2026-04-09,0
ck_f54a632648c0f08f,2025-12-17 18:09:48,2026-04-08,2026-04-09,0
ck_1d198db2787f70b4,2026-04-07 23:39:07,2026-04-08,2026-04-09,0
ck_5353e6f2b1f21d8f,2026-02-22 11:30:24,2026-04-08,2026-04-09,0
ck_6b270faa77e5fe9f,2026-01-12 07:40:28,2026-04-08,2026-04-09,0
ck_a6c8157babf37b20,2026-03-01 07:38:55,2026-04-08,2026-04-09,0
ck_05c3b34e459337ef,2026-01-14 03:04:26,2026-04-08,2026-04-09,0
ck_14bac45056f2d83c,2025-11-02 22:59:02,2026-04-08,2026-04-09,0
ck_5bd11ff9e3b52d32,2026-04-04 16:32:46,2026-04-08,2026-04-09,1
ck_4c817e7f010faf65,2026-02-04 22:14:35,2026-04-08,2026-04-09,0
ck_9711b381147335b0,2026-04-07 02:53:13,2026-04-08,2026-04-09,0
ck_e7ac7675cc5be8fc,2026-04-06 04:17:37,2026-04-08,2026-04-09,0
ck_c5ccaf066bf08ee8,2026-01-15 16:57:22,2026-04-08,2026-04-09,0
ck_db4c6ad1cb34bcca,2026-02-24 13:13:03,2026-04-08,2026-04-09,0
ck_a5617073c5087e74,2025-12-05 11:06:20,2026-04-08,2026-04-09,0
ck_9f8521a9668839e5,2026-04-06 06:17:14,2026-04-08,2026-04-09,0
ck_1b47df8659758c9e,2025-08-17 17:51:09,2026-04-08,2026-04-09,0
ck_1815f85916d26323,2026-03-08 08:19:05,2026-04-08,2026-04-09,0
ck_e94f7fe9a154f0f1,2026-02-01 16:51:14,2026-04-08,2026-04-09,0
ck_f25f266dfaf8189e,2025-11-25 03:28:57,2026-04-08,2026-04-09,1
ck_69da23f20e9b8b8d,2026-01-27 00:25:05,2026-04-08,2026-04-09,0
ck_bed58a77f019511d,2026-02-21 02:34:59,2026-04-08,2026-04-09,0
ck_d82731bcda13c35b,2026-04-04 01:52:18,2026-04-08,2026-04-09,0
ck_ad6bd153641130ed,2026-04-02 22:56:31,2026-04-08,2026-04-09,0
ck_ef426249bf0a8946,2026-04-07 09:42:35,2026-04-08,2026-04-09,0
ck_cab24f6d3249b242,2026-04-07 08:29:33,2026-04-08,2026-04-09,0
ck_4c833da98563b49a,2025-11-22 01:52:40,2026-04-08,2026-04-09,0
ck_1f90017a2b2a5646,2025-12-01 10:22:45,2026-04-08,2026-04-09,0
ck_e990f0531508759d,2025-12-04 11:15:41,2026-04-08,2026-04-09,0
ck_2eb07a792feda229,2025-07-20 03:40:39,2026-04-08,2026-04-09,0
ck_95a5f578cfd563ef,2026-03-05 23:48:58,2026-04-08,2026-04-09,0
ck_f5730216b5b3b6ef,2025-11-17 03:14:45,2026-04-08,2026-04-09,0
ck_4e7cc73e166c9ced,2025-10-21 13:51:03,2026-04-08,2026-04-09,0
ck_9c0d793df82e2974,2026-02-08 23:07:04,2026-04-08,2026-04-09,0
ck_456f1c63a29e44bf,2026-04-07 11:27:27,2026-04-08,2026-04-09,0
ck_fcd34cb6c4a1b312,2026-02-01 06:42:09,2026-04-08,2026-04-09,0
ck_060dfe6cc1ddfae1,2026-02-06 19:36:19,2026-04-08,2026-04-09,0
ck_fadf68f466a4621c,2026-03-10 04:07:55,2026-04-08,2026-04-09,0
ck_3da674780967d63e,2026-02-07 21:13:40,2026-04-08,2026-04-09,0
ck_e93f0ebd8f5bc8f2,2025-10-24 08:54:58,2026-04-08,2026-04-09,0
ck_8e45c905653251c4,2026-04-06 20:22:15,2026-04-08,2026-04-09,0
ck_a7df7cbebc5a805d,2026-03-12 17:30:29,2026-04-08,2026-04-09,0
ck_08831522107a2ce0,2026-03-17 13:01:36,2026-04-08,2026-04-09,0
ck_1bd9a5117645b478,2026-03-07 10:04:26,2026-04-08,2026-04-09,0
ck_92b143584c875526,2025-11-13 08:26:07,2026-04-08,2026-04-09,1
ck_9ab4ee0545b52a6e,2026-04-07 02:43:25,2026-04-08,2026-04-09,0
ck_82150f0f5b4774a5,2026-03-20 14:33:09,2026-04-08,2026-04-09,0
ck_0cd2a5505aa05d8e,2026-01-29 09:33:58,2026-04-08,2026-04-09,1
ck_2fb74c806c3192e4,2026-01-02 17:39:06,2026-04-08,2026-04-09,0
ck_3d39de7064a96de6,2026-04-07 14:15:27,2026-04-08,2026-04-09,0
ck_3015ea1086664929,2026-02-07 14:39:37,2026-04-08,2026-04-09,0
ck_2b515a5624e4d72d,2026-04-07 10:24:11,2026-04-08,2026-04-09,0
ck_639bf49bfd107968,2025-12-07 09:53:56,2026-04-08,2026-04-09,0
ck_25c508b52344cbf9,2025-12-04 15:16:51,2026-04-08,2026-04-09,0
ck_2a24f8bc4beb3f2c,2026-01-13 15:32:23,2026-04-08,2026-04-09,0
ck_a4f2ce6fab60c6fa,2025-09-20 10:13:14,2026-04-08,2026-04-09,0
ck_8f2f0cb4078053dc,2026-04-05 16:39:46,2026-04-08,2026-04-09,0
ck_3adb9a0adf39fa1a,2026-03-05 07:33:01,2026-04-08,2026-04-09,0
ck_4c5b679ad148866f,2026-03-02 02:42:45,2026-04-08,2026-04-09,0
ck_b8d03ecee102ef19,2026-02-28 09:34:43,2026-04-08,2026-04-09,0
ck_3c3816fd7cfe1839,2025-12-31 15:22:21,2026-04-08,2026-04-09,0
ck_b1ed6078cd636c4a,2026-03-02 23:19:21,2026-04-08,2026-04-09,0
ck_6db1d80725259dd9,2026-04-07 17:25:44,2026-04-08,2026-04-09,0
ck_b8a31e40a1a31ea2,2025-09-02 11:03:22,2026-04-08,2026-04-09,0
ck_e6a8130e231814ac,2025-12-19 16:26:19,2026-04-08,2026-04-09,0
ck_bc0967f6594f8c84,2026-04-06 22:01:43,2026-04-08,2026-04-09,0
ck_b51f9842a903c8b3,2026-04-07 19:49:26,2026-04-08,2026-04-09,1
ck_0a48d171867f1c3a,2026-03-06 06:46:41,2026-04-08,2026-04-09,0
ck_c47ce2fb3901c265,2026-01-15 15:55:55,2026-04-08,2026-04-09,0
ck_76afe4365ee3cddf,2026-01-16 07:36:00,2026-04-08,2026-04-09,0
ck_9bb1db232e1f1c7e,2026-04-07 07:26:06,2026-04-08,2026-04-09,0
ck_1a9a8dac57ce10f3,2026-04-05 10:19:23,2026-04-08,2026-04-09,0
ck_347f91b00c40189d,2026-04-07 02:13:24,2026-04-08,2026-04-09,0
ck_915ea1725a9a38a3,2026-04-06 23:46:54,2026-04-08,2026-04-09,1
ck_26bd57bfbcf49339,2025-11-10 20:46:47,2026-04-08,2026-04-09,0
ck_dd7c4fda8a756635,2025-08-01 13:39:07,2026-04-08,2026-04-09,0
ck_3e34dd7650d23259,2026-03-28 00:14:34,2026-04-08,2026-04-09,0
ck_fd488b8c8b0cf425,2026-01-24 06:42:13,2026-04-08,2026-04-09,0
ck_b63015b4cf27d975,2025-10-18 14:41:27,2026-04-08,2026-04-09,0
ck_df869aa786172699,2025-12-22 16:47:29,2026-04-08,2026-04-09,0
ck_88262c353ae71dd1,2026-03-16 00:57:55,2026-04-08,2026-04-09,0
ck_bc9a971e709ec8da,2026-02-20 06:44:49,2026-04-08,2026-04-09,0
ck_e58a5dd1d9760f89,2026-03-12 18:52:09,2026-04-08,2026-04-09,1
ck_f6588c979b548674,2025-12-22 02:00:42,2026-04-08,2026-04-09,0
ck_c5e7c756440481f1,2025-12-12 14:24:34,2026-04-08,2026-04-09,0
ck_8e1b0119221d085d,2026-03-09 20:04:24,2026-04-08,2026-04-09,0
ck_ddac3a06a4463f04,2025-12-23 12:55:49,2026-04-08,2026-04-09,0
ck_7ef659682555a5b0,2026-03-16 02:44:50,2026-04-08,2026-04-09,0
ck_2dd355f2490a016a,2026-04-07 05:23:55,2026-04-08,2026-04-09,0
ck_6ea5b3864b9b3b58,2025-10-15 05:53:56,2026-04-08,2026-04-09,0
ck_fa16e4c344789b85,2026-01-28 01:16:29,2026-04-08,2026-04-09,0
ck_9cacdb101bc51b69,2026-01-29 18:54:01,2026-04-08,2026-04-09,0
ck_bab47a9dc85a6d1d,2026-01-16 23:48:59,2026-04-08,2026-04-09,0
ck_e1e4e0b3f2489f05,2025-12-25 18:41:17,2026-04-08,2026-04-09,0
ck_a66a39a501e8aa8e,2026-04-07 07:28:29,2026-04-08,2026-04-09,0
ck_2e9252f2945a4150,2025-11-04 04:40:04,2026-04-08,2026-04-09,0
ck_9e84edadcce8c071,2025-06-16 22:09:21,2026-04-08,2026-04-09,0
ck_7ac42bbd9b52bf0b,2026-04-05 20:37:49,2026-04-08,2026-04-09,0
ck_2dce5df8eaf4ab9c,2025-11-18 21:12:09,2026-04-08,2026-04-09,0
ck_d53546dc84036535,2025-11-14 23:06:28,2026-04-08,2026-04-09,0
ck_b5e8abdae4f83b08,2025-12-19 18:41:14,2026-04-08,2026-04-09,0
ck_e7087e780c4ccde9,2026-04-07 08:29:42,2026-04-08,2026-04-09,0
ck_ef39dece30937b01,2026-04-05 19:47:55,2026-04-08,2026-04-09,0
ck_22c7cd7011501ba4,2025-10-05 10:01:59,2026-04-08,2026-04-09,0
ck_f1000550724ba483,2026-04-06 10:48:35,2026-04-08,2026-04-09,1
ck_323f5afebec9df27,2026-01-13 20:42:47,2026-04-08,2026-04-09,0
ck_513b885985f842e6,2026-02-08 20:45:17,2026-04-08,2026-04-09,0
ck_3715bb89bbd5dc4e,2025-12-02 13:52:20,2026-04-08,2026-04-09,0
ck_8a70403ab0bfa436,2026-01-08 04:22:11,2026-04-08,2026-04-09,1
ck_7eace84ac7e0266a,2025-09-25 22:29:56,2026-04-08,2026-04-09,0
ck_b145770e1412746f,2025-12-09 11:02:09,2026-04-08,2026-04-09,0
ck_881a5bc2bcef7653,2025-11-10 22:14:12,2026-04-08,2026-04-09,0
ck_0f5ac0ad40ad6329,2025-12-05 21:09:56,2026-04-08,2026-04-09,0
ck_e68550e2cc4af183,2026-04-07 11:18:22,2026-04-08,2026-04-09,0
ck_aa0805822301ec55,2026-04-06 08:03:48,2026-04-08,2026-04-09,0
ck_465d774fbdd7e1fc,2025-12-10 00:08:08,2026-04-08,2026-04-09,0
ck_dbe482b811e13476,2026-02-06 11:50:18,2026-04-08,2026-04-09,0
ck_473fc9870c5b5757,2026-01-22 11:32:51,2026-04-08,2026-04-09,1
ck_3b60281982730e49,2025-08-26 08:38:42,2026-04-08,2026-04-09,0
ck_c839b6da8fb6d0fd,2025-07-20 00:18:17,2026-04-08,2026-04-09,0
ck_34a535d54cf0e497,2026-03-13 09:26:19,2026-04-08,2026-04-09,0
ck_d7b0a989f36fd524,2026-04-06 10:33:27,2026-04-08,2026-04-09,0
ck_e31f0168f45cb3dc,2026-04-06 06:35:07,2026-04-08,2026-04-09,0
ck_b13fe7486908cb69,2026-01-24 23:07:29,2026-04-08,2026-04-09,0
ck_963f5fc542181cc5,2026-01-24 01:09:59,2026-04-08,2026-04-09,0
ck_6e27fd57ba9f2d3b,2026-01-09 12:17:17,2026-04-08,2026-04-09,0
ck_d9de9faccdadc25b,2026-01-11 06:22:09,2026-04-08,2026-04-09,0
ck_d6b651e52711fb18,2026-04-06 13:44:53,2026-04-08,2026-04-09,0
ck_2b798040ea72fa14,2025-11-29 05:59:30,2026-04-08,2026-04-09,0
ck_a127e4220a88ae23,2025-09-25 16:03:08,2026-04-08,2026-04-09,0
ck_42bcfe9d214b9b26,2026-03-27 11:27:35,2026-04-08,2026-04-09,0
ck_523533c7fb69d59c,2025-12-15 18:32:57,2026-04-08,2026-04-09,0
ck_82e495aac53dc56b,2025-11-11 03:14:11,2026-04-08,2026-04-09,0
ck_371fb27d85428e85,2026-04-05 09:05:35,2026-04-08,2026-04-09,0
ck_54a6b656c2ebbcca,2026-04-07 20:14:45,2026-04-08,2026-04-09,1
ck_13556e602afa42a4,2025-10-13 09:57:58,2026-04-08,2026-04-09,0
ck_af9dacad91d71a6b,2026-01-07 00:56:23,2026-04-08,2026-04-09,0
ck_91ff6adb2240cc65,2026-01-09 05:31:47,2026-04-08,2026-04-09,0
ck_1a881938ca5e75aa,2025-12-05 20:07:57,2026-04-08,2026-04-09,0
ck_82cdcb511b9be89f,2026-02-15 15:35:17,2026-04-08,2026-04-09,0
ck_35e1e2d649750330,2025-12-14 04:06:51,2026-04-08,2026-04-09,0
ck_b91762f0e18d7da2,2026-02-19 08:55:28,2026-04-08,2026-04-09,0
ck_937e40efe0c06c6d,2026-04-07 16:31:13,2026-04-08,2026-04-09,0
ck_9488b2b336184758,2026-02-22 22:59:16,2026-04-08,2026-04-09,0
ck_54df7e5cefc50a37,2025-08-25 13:04:19,2026-04-08,2026-04-09,0
ck_16c327f1664f5f33,2025-09-04 14:49:35,2026-04-08,2026-04-09,0
ck_f0de9f594c912b83,2025-12-15 11:41:09,2026-04-08,2026-04-09,0
ck_cede81e4cce0b4d9,2026-02-04 10:44:48,2026-04-08,2026-04-09,0
ck_968f61e70171ef99,2026-02-20 19:37:47,2026-04-08,2026-04-09,0
ck_a03581baf74c3128,2025-10-03 00:36:18,2026-04-08,2026-04-09,0
ck_6948c6e8ee5587cd,2026-04-07 02:50:27,2026-04-08,2026-04-09,0
ck_262e24f5223cee8a,2026-02-26 21:45:10,2026-04-08,2026-04-09,0
ck_2a8095daf1a1b330,2026-01-26 09:28:20,2026-04-08,2026-04-09,0
ck_6c749e256a9686c6,2026-02-12 10:52:38,2026-04-08,2026-04-09,0
ck_12c13ebd833acaee,2025-11-14 06:30:37,2026-04-08,2026-04-09,0
ck_1ea6faf259942df5,2025-12-27 02:11:28,2026-04-08,2026-04-09,0
ck_f7eb8326a83e6f85,2026-03-15 23:41:40,2026-04-08,2026-04-09,0
ck_d508c7a610061bf1,2026-02-09 22:21:27,2026-04-08,2026-04-09,0
ck_4f1d47978ad6670d,2025-12-10 12:27:33,2026-04-08,2026-04-09,0
ck_1b155ad94554e11d,2026-02-27 17:53:47,2026-04-08,2026-04-09,0
ck_c0225c36a9a26f88,2026-04-07 03:15:12,2026-04-08,2026-04-09,1
ck_0d94030b00f14ed7,2026-03-10 06:34:14,2026-04-08,2026-04-09,0
ck_ac44d19919bf219e,2026-04-07 03:25:45,2026-04-08,2026-04-09,1
ck_a703b139ee72e063,2025-07-06 05:35:51,2026-04-08,2026-04-09,0
ck_2a24d654034a6a40,2026-01-14 06:17:04,2026-04-08,2026-04-09,0
ck_a53259ef5d388d69,2026-02-12 00:11:59,2026-04-08,2026-04-09,0
ck_37671db64c32bdc0,2025-10-30 10:50:42,2026-04-08,2026-04-09,0
ck_092e69c55cbacbf9,2026-02-24 14:48:07,2026-04-08,2026-04-09,0
ck_64ac4995bc9c5f40,2026-04-05 12:32:01,2026-04-08,2026-04-09,0
ck_0ad54f7cbcc97e07,2026-03-08 03:15:03,2026-04-08,2026-04-09,0
ck_4a66a40e54399045,2025-11-01 12:55:13,2026-04-08,2026-04-09,0
ck_05b0946483d396e4,2025-09-27 18:57:57,2026-04-08,2026-04-09,0
ck_da1c270ca1ed3cea,2026-02-10 10:02:25,2026-04-08,2026-04-09,0
ck_f574b368251ac04f,2026-02-20 10:50:47,2026-04-08,2026-04-09,0
ck_0caf24e08a56f424,2025-12-27 06:00:50,2026-04-08,2026-04-09,0
ck_24859703d5f35c5b,2026-04-05 17:04:32,2026-04-08,2026-04-09,0
ck_3c9c10e0e669f39e,2025-08-25 15:30:11,2026-04-08,2026-04-09,0
ck_21f46e33b90a4593,2026-03-06 09:53:05,2026-04-08,2026-04-09,0
ck_c7b0f6aae813074f,2026-03-02 10:12:03,2026-04-08,2026-04-09,0
ck_0eaa334e56b90285,2026-02-01 02:13:50,2026-04-08,2026-04-09,0
ck_741eaf9cac76b1a7,2025-10-11 11:44:35,2026-04-08,2026-04-09,0
ck_24189bce17954dbb,2026-04-06 23:13:59,2026-04-08,2026-04-09,0
ck_f07ff32cf76c4075,2025-10-13 00:53:10,2026-04-08,2026-04-09,0
ck_b60639e2944e6f6c,2026-04-07 10:18:12,2026-04-08,2026-04-09,0
ck_88abb0037ad474bd,2025-09-06 06:20:23,2026-04-08,2026-04-09,0
ck_68f10c6c7eee6284,2026-03-07 22:46:18,2026-04-08,2026-04-09,0
ck_9c3bf7eb9ba3fdeb,2026-04-07 15:31:07,2026-04-08,2026-04-09,0
ck_4d2de0953bf0fbce,2026-03-20 09:50:30,2026-04-08,2026-04-09,0
ck_5ed7bdf9f87aa13b,2025-12-31 14:06:26,2026-04-08,2026-04-09,0
ck_33c516e4663187ae,2025-10-31 17:46:27,2026-04-08,2026-04-09,0
ck_30615bb1a5bb7b27,2026-03-20 00:45:30,2026-04-08,2026-04-09,1
ck_b15acc3ebd4e04ec,2026-04-07 16:24:13,2026-04-08,2026-04-09,0
ck_edeff9336acf5cdf,2025-11-12 10:31:35,2026-04-08,2026-04-09,0
ck_266b9ea6c838a27e,2025-12-25 10:28:12,2026-04-08,2026-04-09,0
ck_46aaf2611b3b4d15,2026-03-01 12:45:21,2026-04-08,2026-04-09,0
ck_9685944cc717c597,2025-12-25 23:35:58,2026-04-08,2026-04-09,0
ck_0f27a9d806cf31da,2026-01-31 18:14:21,2026-04-08,2026-04-09,0
ck_9d5edf64e405631a,2026-04-07 16:38:51,2026-04-08,2026-04-09,1
ck_f6e427a3619942e1,2026-04-06 16:06:06,2026-04-08,2026-04-09,0
ck_26141e75cecef1ab,2026-04-03 11:51:18,2026-04-08,2026-04-09,0
ck_830dd6a7fe2d2b08,2026-01-05 05:49:05,2026-04-08,2026-04-09,0
ck_0f05b837f617aa75,2025-12-03 04:51:28,2026-04-08,2026-04-09,0
ck_c03948e033e7d0e7,2026-03-15 20:40:11,2026-04-08,2026-04-09,0
ck_3f1b5c57b6c0fd03,2026-01-13 11:20:07,2026-04-08,2026-04-09,0
ck_3f653e9405610e8a,2025-12-25 11:01:48,2026-04-08,2026-04-09,0
ck_85c195ccbd9c2268,2026-02-07 12:57:19,2026-04-08,2026-04-09,0
ck_607b1b43256c879e,2026-04-06 16:28:21,2026-04-08,2026-04-09,0
ck_8598d7785eed158c,2025-10-28 01:02:15,2026-04-08,2026-04-09,0
ck_ec991c8d907abe42,2025-10-17 03:50:56,2026-04-08,2026-04-09,0
ck_e697a0d001090b8d,2025-09-10 07:46:46,2026-04-08,2026-04-09,0
ck_cc7206b7ed4b6efc,2026-02-09 12:58:20,2026-04-08,2026-04-09,0
ck_6f934865c86ed389,2025-10-24 01:41:10,2026-04-08,2026-04-09,0
ck_e89b565a1d8e20d6,2026-02-22 17:37:53,2026-04-08,2026-04-09,0
ck_74a6d8c4b61b0f7d,2026-03-09 07:45:22,2026-04-08,2026-04-09,0
ck_f30b829ef456ea2e,2026-01-30 08:04:07,2026-04-08,2026-04-09,0
ck_ba303b121d1ba7a7,2026-04-04 14:39:50,2026-04-08,2026-04-09,0
ck_12800956e3102859,2025-10-15 20:43:09,2026-04-08,2026-04-09,0
ck_98905c6e6d7e6d69,2025-12-03 10:23:44,2026-04-08,2026-04-09,0
ck_8cdb4fa254c430bd,2026-01-06 18:27:44,2026-04-08,2026-04-09,0
ck_30231efd110dc41a,2026-01-09 10:06:42,2026-04-08,2026-04-09,0
ck_b9497aac7dcc7a4c,2026-04-06 05:41:11,2026-04-08,2026-04-09,0
ck_b2e85da2590606db,2026-03-29 18:13:45,2026-04-08,2026-04-09,0
ck_2ca4a33abe2dfc43,2026-04-07 20:27:01,2026-04-08,2026-04-09,0
ck_b0321c007a9e9d68,2026-01-14 15:55:59,2026-04-08,2026-04-09,0
ck_3b9fe982db2455d3,2026-02-10 18:50:48,2026-04-08,2026-04-09,0
ck_863ddc457614fa9c,2026-01-13 13:09:36,2026-04-08,2026-04-09,1
ck_8ede350b577475e5,2025-12-13 00:51:06,2026-04-08,2026-04-09,0
ck_19663a4b6d649272,2025-12-29 05:16:21,2026-04-08,2026-04-09,0
ck_431d2536a43e36ca,2026-02-24 22:54:53,2026-04-08,2026-04-09,0
ck_00c1ea8267ac1983,2026-02-01 12:21:19,2026-04-08,2026-04-09,0
ck_8794e7849a23dde4,2025-12-30 21:14:09,2026-04-08,2026-04-09,0
ck_e42f7ab7755591fe,2026-03-31 22:40:44,2026-04-08,2026-04-09,0
ck_2e485788182242d3,2026-01-13 07:12:40,2026-04-08,2026-04-09,1
ck_873cc38143bf3c28,2026-04-07 05:26:00,2026-04-08,2026-04-09,0
ck_3aab908028ef47db,2025-12-31 18:19:44,2026-04-08,2026-04-09,0
ck_4da2e6556af77490,2026-03-07 07:56:13,2026-04-08,2026-04-09,0
ck_52183bbb5057ef75,2026-03-07 03:52:31,2026-04-08,2026-04-09,0
ck_71162a06eedbdf9f,2026-04-05 02:52:25,2026-04-08,2026-04-09,0
ck_7be6a0578518fd03,2025-11-03 00:01:51,2026-04-08,2026-04-09,0
ck_f1454a7da40b3517,2026-01-26 06:36:37,2026-04-08,2026-04-09,0
ck_aecfa669439b48a6,2026-01-29 14:35:32,2026-04-08,2026-04-09,0
ck_1109c2eeb9a7cf72,2026-03-10 23:32:46,2026-04-08,2026-04-09,0
ck_971943311d4f3622,2026-04-07 14:48:03,2026-04-08,2026-04-09,1
ck_929ef8fe45d08c63,2026-04-06 20:10:00,2026-04-08,2026-04-09,0
ck_d11e9a9d74133e9f,2025-12-09 22:41:05,2026-04-08,2026-04-09,0
ck_6bdee397cf7733df,2026-03-03 10:12:21,2026-04-08,2026-04-09,0
ck_bd07eea78520fab9,2026-02-15 11:29:52,2026-04-08,2026-04-09,0
ck_47ae79b7c89144be,2026-04-07 06:45:12,2026-04-08,2026-04-09,0
ck_a331fe7198348c62,2025-12-05 02:54:19,2026-04-08,2026-04-09,0
ck_d2682274c5e9d249,2025-11-20 02:09:53,2026-04-08,2026-04-09,0
ck_795807e210c1324b,2026-02-28 04:04:09,2026-04-08,2026-04-09,1
ck_c593dbc9d80ff5be,2026-04-07 07:24:41,2026-04-08,2026-04-09,0
ck_836f73a414b55b9a,2026-04-05 23:39:35,2026-04-08,2026-04-09,1
ck_f0df515156974360,2026-03-16 23:44:30,2026-04-08,2026-04-09,1
ck_9e14521a775a4d06,2026-01-07 05:24:47,2026-04-08,2026-04-09,0
ck_c4bc4c1829879c49,2026-04-07 08:44:48,2026-04-08,2026-04-09,0
ck_62905e9795c1f596,2025-12-22 05:03:34,2026-04-08,2026-04-09,0
ck_fbd941382890f046,2026-01-09 17:52:50,2026-04-08,2026-04-09,0
ck_6521eb965e34f35c,2026-04-05 17:58:42,2026-04-08,2026-04-09,0
ck_a718a8cf6e558c97,2026-01-09 05:01:08,2026-04-08,2026-04-09,0
ck_05731a1aca114f5d,2026-03-02 11:24:17,2026-04-08,2026-04-09,0
ck_dc5d8d1aafcba8aa,2026-01-20 19:04:39,2026-04-08,2026-04-09,0
ck_a6da8db0c00889e6,2025-06-19 06:19:38,2026-04-08,2026-04-09,0
ck_c96d55c4d77190ad,2026-03-16 13:27:30,2026-04-08,2026-04-09,0
ck_cf471cc8b51d2fdb,2026-01-16 08:24:32,2026-04-08,2026-04-09,0
ck_00fb583e955be83b,2025-10-30 18:33:06,2026-04-08,2026-04-09,0
ck_9e6b037549c28f82,2026-01-17 06:24:26,2026-04-08,2026-04-09,0
ck_350f25e9205d7eb5,2026-01-22 20:28:52,2026-04-08,2026-04-09,0
ck_a066cdfdaacbcfa1,2026-03-29 13:12:08,2026-04-08,2026-04-09,0
ck_7ee3e666ac741657,2026-02-20 00:35:14,2026-04-08,2026-04-09,0
ck_89a31bece6503dcf,2025-09-10 21:13:24,2026-04-08,2026-04-09,0
ck_2bc46fa94b0aa6fe,2026-03-15 21:32:34,2026-04-08,2026-04-09,0
ck_f6e6794652ddc571,2025-08-22 12:13:18,2026-04-08,2026-04-09,0
ck_71becaedd302a076,2025-03-10 23:20:29,2026-04-08,2026-04-09,0
ck_20e1fbc2439293f0,2026-01-29 09:52:19,2026-04-08,2026-04-09,0
ck_d723bff892b01b9a,2026-04-05 16:41:12,2026-04-08,2026-04-09,1
ck_fc30d0ac394fb6ea,2026-01-11 16:10:57,2026-04-08,2026-04-09,0
ck_5d059b52856630ea,2025-11-18 18:39:11,2026-04-08,2026-04-09,0
ck_f165a09e1bf8a1d5,2026-02-18 07:12:31,2026-04-08,2026-04-09,0
ck_b4499cb6df9dd976,2026-02-27 02:45:34,2026-04-08,2026-04-09,0
ck_4ee817a47ae9eebf,2026-04-06 21:42:10,2026-04-08,2026-04-09,0
ck_5797198614d46020,2025-12-06 02:00:36,2026-04-08,2026-04-09,0
ck_c4ca4c78f49f8afb,2026-04-07 15:33:37,2026-04-08,2026-04-09,1
ck_b1a27d870b18058c,2026-04-07 06:32:51,2026-04-08,2026-04-09,1
ck_997970e8dc45c8c6,2025-10-16 23:39:12,2026-04-08,2026-04-09,0
ck_6736733e8e31b87e,2026-02-23 05:02:04,2026-04-08,2026-04-09,1
ck_eee5dcab76eb064e,2025-11-28 12:47:21,2026-04-08,2026-04-09,0
ck_37003d32680882fa,2025-06-28 06:14:58,2026-04-08,2026-04-09,0
ck_44865c0de7b483cb,2026-03-17 04:30:12,2026-04-08,2026-04-09,0
ck_a5e227a666319ace,2026-01-09 06:20:49,2026-04-08,2026-04-09,0
ck_b886d16859fdc89e,2025-12-31 23:29:44,2026-04-08,2026-04-09,0
ck_8ef629a413730fa3,2026-04-05 16:06:46,2026-04-08,2026-04-09,1
ck_350998a47d7614b7,2026-01-15 18:30:42,2026-04-08,2026-04-09,0
ck_5fe65c1cfd798c20,2026-03-09 13:41:33,2026-04-08,2026-04-09,0
ck_910611d5042b3d42,2026-03-12 13:45:44,2026-04-08,2026-04-09,0
ck_bf33acd5aea4209d,2025-12-29 23:48:33,2026-04-08,2026-04-09,0
ck_83826bb6066b1b6d,2026-03-04 16:08:42,2026-04-08,2026-04-09,0
ck_23658fa8e7a88510,2026-02-20 08:55:22,2026-04-08,2026-04-09,0
ck_9b9de068a22af867,2026-04-07 16:30:19,2026-04-08,2026-04-09,0
ck_4a78fb23171a11ed,2026-04-07 07:41:09,2026-04-08,2026-04-09,0
ck_c9c1b264664ffd24,2026-02-16 03:34:59,2026-04-08,2026-04-09,0
ck_fafd3942f613e8eb,2025-10-22 23:19:19,2026-04-08,2026-04-09,0
ck_53df451a0c3e9202,2025-11-12 01:31:14,2026-04-08,2026-04-09,0
ck_5b0cf7092a6c0356,2026-01-24 10:54:09,2026-04-08,2026-04-09,0
ck_0fda717ed75ad89a,2025-11-02 03:32:54,2026-04-08,2026-04-09,0
ck_e6652dcd51f82766,2026-02-27 05:46:09,2026-04-08,2026-04-09,0
ck_9b1585df4bf17058,2026-02-01 11:49:42,2026-04-08,2026-04-09,0
ck_4fe6042b4de35be0,2026-04-05 16:21:25,2026-04-08,2026-04-09,0
ck_03dcbc92e033355a,2025-06-22 03:54:44,2026-04-08,2026-04-09,1
ck_c58a8688cc6ec794,2025-11-25 02:41:47,2026-04-08,2026-04-09,0
ck_74cfb021004bd529,2025-11-29 07:18:37,2026-04-08,2026-04-09,0
ck_d7958517212f9e77,2026-02-03 18:25:14,2026-04-08,2026-04-09,1
ck_29ea1df50c3a302d,2026-01-09 20:33:50,2026-04-08,2026-04-09,0
ck_3cca6cbe37b580a2,2026-01-18 01:10:02,2026-04-08,2026-04-09,0
ck_fdd339f72c927764,2025-10-16 07:57:14,2026-04-08,2026-04-09,1
ck_0b68a13d7dc02c56,2025-10-16 07:56:42,2026-04-08,2026-04-09,0
ck_ae01dafec3d1db38,2026-03-10 07:22:56,2026-04-08,2026-04-09,0
ck_757324aa5dcc8f8f,2026-01-24 00:39:42,2026-04-08,2026-04-09,0
ck_b3c2a09a26dc873e,2026-03-23 19:41:55,2026-04-08,2026-04-09,1
ck_6fc9121f361dbfe0,2026-02-01 10:13:28,2026-04-08,2026-04-09,1
ck_8924bff529aa4c76,2025-12-07 14:53:26,2026-04-08,2026-04-09,0
ck_0e4a7c2377db5911,2026-02-25 07:15:22,2026-04-08,2026-04-09,0
ck_8bd5652018c497a0,2026-04-04 13:44:12,2026-04-09,2026-04-10,0
ck_cf0d822efb5d8b04,2026-01-15 16:35:07,2026-04-09,2026-04-10,0
ck_c4630b49638890f3,2025-07-14 15:32:46,2026-04-09,2026-04-10,0
ck_99b3f529f99ad489,2025-12-19 13:18:59,2026-04-09,2026-04-10,0
ck_f48722d3bef00d4d,2026-01-31 00:39:24,2026-04-09,2026-04-10,0
ck_6b2c3317893055b3,2026-03-20 16:59:33,2026-04-09,2026-04-10,0
ck_28175d7628eafa0c,2026-04-06 09:16:04,2026-04-09,2026-04-10,0
ck_05b6d810ab8af6a5,2025-11-06 00:07:37,2026-04-09,2026-04-10,0
ck_32b218e7043d2ad9,2025-11-24 11:33:58,2026-04-09,2026-04-10,0
ck_c3ce2e4b98a63981,2026-04-08 08:19:11,2026-04-09,2026-04-10,0
ck_212d834ddcb5bab9,2025-11-05 09:52:20,2026-04-09,2026-04-10,0
ck_4957780a14dc404e,2026-02-18 00:11:47,2026-04-09,2026-04-10,0
ck_0b5bae4b03310152,2025-12-03 14:26:39,2026-04-09,2026-04-10,0
ck_2b599225eea533a0,2026-03-21 08:22:07,2026-04-09,2026-04-10,0
ck_98bbf7e5ff817e50,2026-02-16 11:27:48,2026-04-09,2026-04-10,0
ck_468af089366deaf8,2025-08-08 06:07:16,2026-04-09,2026-04-10,0
ck_a0217574dde2442f,2025-10-26 20:52:58,2026-04-09,2026-04-10,0
ck_949de64578924719,2025-11-13 00:15:26,2026-04-09,2026-04-10,0
ck_13bc760dda056f8d,2026-03-21 09:46:38,2026-04-09,2026-04-10,0
ck_3be53c9ada8e195c,2026-02-23 00:31:43,2026-04-09,2026-04-10,0
ck_9156605826fa11f3,2026-02-18 08:52:14,2026-04-09,2026-04-10,0
ck_c97531c769a2ab7e,2026-03-05 10:37:18,2026-04-09,2026-04-10,0
ck_4b7aa94e5d3dadca,2026-01-20 19:03:32,2026-04-09,2026-04-10,0
ck_c37a74dec3f196ff,2026-02-20 11:27:46,2026-04-09,2026-04-10,0
ck_6d136fb6833ff0e7,2026-02-20 09:48:47,2026-04-09,2026-04-10,0
ck_66c72078d52bf29a,2026-04-06 20:14:38,2026-04-09,2026-04-10,0
ck_17ac166ebde0aa37,2025-09-25 04:44:59,2026-04-09,2026-04-10,0
ck_9bebfa73a2f828ef,2026-01-13 07:36:11,2026-04-09,2026-04-10,0
ck_e0910c9763494ac2,2025-12-21 15:32:50,2026-04-09,2026-04-10,0
ck_d404273138c7b4b6,2025-12-27 08:15:20,2026-04-09,2026-04-10,0
ck_135a21861f7bc52e,2025-09-07 10:10:26,2026-04-09,2026-04-10,0
ck_b08d09a335857752,2025-08-30 22:14:00,2026-04-09,2026-04-10,0
ck_4bfbe1f13693c284,2026-04-06 20:28:17,2026-04-09,2026-04-10,0
ck_c887838d4283b5a2,2026-04-08 15:14:04,2026-04-09,2026-04-10,0
ck_4338e44ac37a8700,2026-02-05 14:04:06,2026-04-09,2026-04-10,0
ck_829f48b5ab178d4b,2025-11-30 08:44:02,2026-04-09,2026-04-10,0
ck_4a651cb66b1b54b2,2026-03-31 21:01:57,2026-04-09,2026-04-10,1
ck_7f2838465fa6fba0,2025-12-18 08:19:50,2026-04-09,2026-04-10,0
ck_e66512bd9a497c92,2026-02-04 07:22:06,2026-04-09,2026-04-10,0
ck_2cf37bdff183dc41,2026-01-22 03:22:10,2026-04-09,2026-04-10,0
ck_6abe75b3c5d9c421,2026-04-07 08:49:45,2026-04-09,2026-04-10,0
ck_f0b7b15e077b3e12,2026-01-14 06:03:01,2026-04-09,2026-04-10,0
ck_735c914370825d68,2026-01-12 05:31:20,2026-04-09,2026-04-10,0
ck_45655992dc54deb1,2026-01-23 15:47:43,2026-04-09,2026-04-10,0
ck_bd6268531b159fcb,2026-03-07 00:38:00,2026-04-09,2026-04-10,0
ck_8e421e79891c0d8f,2026-02-08 20:48:17,2026-04-09,2026-04-10,0
ck_dce78d6e18c6ef4d,2026-01-03 13:26:33,2026-04-09,2026-04-10,0
ck_a9d108978983fa96,2025-11-19 17:49:02,2026-04-09,2026-04-10,0
ck_df9abded2894684c,2026-01-20 10:27:06,2026-04-09,2026-04-10,0
ck_b3ff5ae894bf4139,2026-04-07 11:08:42,2026-04-09,2026-04-10,0
ck_b0116ef100501084,2026-04-07 20:42:30,2026-04-09,2026-04-10,0
ck_968e8459167e66a3,2026-03-04 01:55:42,2026-04-09,2026-04-10,0
ck_11aa3c8bdd596bf7,2026-04-07 23:24:41,2026-04-09,2026-04-10,0
ck_7e8aef7443430dbb,2026-03-16 00:52:25,2026-04-09,2026-04-10,0
ck_6b79fe33e4d8fa05,2025-08-27 23:11:27,2026-04-09,2026-04-10,0
ck_c382e2e07c292464,2025-11-22 22:28:26,2026-04-09,2026-04-10,0
ck_63eb727e85fa2b3e,2026-04-05 18:49:12,2026-04-09,2026-04-10,1
ck_839cc683e7f4f32c,2026-01-04 15:54:36,2026-04-09,2026-04-10,1
ck_a1a0ccb15374c7fd,2026-02-10 08:43:50,2026-04-09,2026-04-10,0
ck_bbc69809871e397e,2026-03-11 19:57:25,2026-04-09,2026-04-10,0
ck_b6194a5128c33f5c,2026-04-06 16:02:16,2026-04-09,2026-04-10,0
ck_bc6a107104ef4740,2026-01-02 17:49:42,2026-04-09,2026-04-10,0
ck_66a9ef117439baf9,2025-11-21 06:22:20,2026-04-09,2026-04-10,0
ck_730c5546a3b8e096,2026-04-07 01:06:07,2026-04-09,2026-04-10,1
ck_22aee1ae04c1e402,2026-04-08 20:02:11,2026-04-09,2026-04-10,1
ck_5c4cf0b711097dcc,2026-04-08 10:02:43,2026-04-09,2026-04-10,0
ck_9352e636ed87c941,2026-01-04 23:54:56,2026-04-09,2026-04-10,0
ck_b2bd5e4cedb5add7,2026-02-25 20:38:09,2026-04-09,2026-04-10,0
ck_fc2103e7097c0e66,2025-12-19 00:39:42,2026-04-09,2026-04-10,0
ck_b7cf554e04343724,2026-02-02 18:53:19,2026-04-09,2026-04-10,1
ck_10b70e81b687a723,2026-01-09 18:18:52,2026-04-09,2026-04-10,0
ck_533bd643b2a0861d,2025-12-18 06:10:04,2026-04-09,2026-04-10,0
ck_0d7f45bacea2fa43,2025-12-29 16:36:35,2026-04-09,2026-04-10,0
ck_6552b9cbf4d18649,2025-12-15 16:41:45,2026-04-09,2026-04-10,0
ck_bab6331607e50a58,2026-04-08 11:11:56,2026-04-09,2026-04-10,0
ck_dfc98d9ba1675e13,2025-11-27 04:42:10,2026-04-09,2026-04-10,0
ck_353e05df0a1697fa,2026-03-08 18:26:31,2026-04-09,2026-04-10,0
ck_8f4249b8b62d85ea,2026-02-11 23:50:41,2026-04-09,2026-04-10,1
ck_57fa21dbca718d54,2025-11-25 01:21:55,2026-04-09,2026-04-10,0
ck_d98f269ac586a8d9,2026-04-08 02:15:47,2026-04-09,2026-04-10,0
ck_7585d6968b888e80,2026-03-13 01:26:42,2026-04-09,2026-04-10,0
ck_af3d0bb96dff5d29,2026-01-06 04:05:12,2026-04-09,2026-04-10,0
ck_a070757bf60e582b,2026-04-07 10:57:42,2026-04-09,2026-04-10,0
ck_41d512b1cafb558b,2025-12-09 11:53:20,2026-04-09,2026-04-10,0
ck_d8b7b5b7ad0ccb89,2026-01-05 23:53:09,2026-04-09,2026-04-10,0
ck_9a2cae32760a9ae6,2026-02-08 10:32:55,2026-04-09,2026-04-10,0
ck_1bc4d0ade3f303a4,2025-12-28 07:46:15,2026-04-09,2026-04-10,0
ck_da630f92005d4f61,2026-04-04 10:20:12,2026-04-09,2026-04-10,0
ck_310505e049f4dd75,2025-12-08 10:01:20,2026-04-09,2026-04-10,0
ck_7032e4cbed4a9dbb,2026-01-26 14:18:38,2026-04-09,2026-04-10,0
ck_431886f771fd86d6,2026-02-23 08:18:26,2026-04-09,2026-04-10,1
ck_aa643b45e71f9f77,2026-01-26 13:40:28,2026-04-09,2026-04-10,0
ck_47899f502b9c214c,2026-01-19 15:56:04,2026-04-09,2026-04-10,0
ck_0abf77be7c2a26c4,2026-04-06 05:22:28,2026-04-09,2026-04-10,0
ck_17f81b414a48bd57,2026-03-11 15:35:44,2026-04-09,2026-04-10,0
ck_b9c23b07bfa9c0a0,2026-01-15 21:12:30,2026-04-09,2026-04-10,0
ck_c7743d6857b9e6b6,2026-01-06 03:47:54,2026-04-09,2026-04-10,0
ck_edf195b2bc09a038,2026-03-23 20:57:01,2026-04-09,2026-04-10,0
ck_0123e5116e0a42e5,2025-12-22 13:08:21,2026-04-09,2026-04-10,0
ck_53aaa59e060bfc09,2025-12-23 08:57:26,2026-04-09,2026-04-10,0
ck_20992b0a044e7221,2025-11-09 04:59:40,2026-04-09,2026-04-10,0
ck_c141dcf69bfb5949,2026-04-06 17:08:11,2026-04-09,2026-04-10,0
ck_4d074a1064403ff3,2026-03-10 14:43:39,2026-04-09,2026-04-10,0
ck_f53f4383de74cccb,2026-04-05 19:32:02,2026-04-09,2026-04-10,0
ck_7a50eb9c4d3c0dd7,2026-04-07 12:24:49,2026-04-09,2026-04-10,0
ck_70b2fa089bc7ab54,2026-04-07 22:35:52,2026-04-09,2026-04-10,0
ck_8ebf3b73904a65ed,2026-02-22 04:48:53,2026-04-09,2026-04-10,0
ck_ac4f801b1ac8f90b,2026-01-15 04:21:17,2026-04-09,2026-04-10,0
ck_796df66e4a6e5052,2025-12-04 19:13:43,2026-04-09,2026-04-10,0
ck_9448cced5b120f18,2026-04-08 02:27:27,2026-04-09,2026-04-10,0
ck_1cf0106e08092473,2025-10-15 13:08:59,2026-04-09,2026-04-10,0
ck_2401c10a26be35da,2026-01-09 22:00:26,2026-04-09,2026-04-10,0
ck_a80f2aab16dee779,2026-02-10 19:45:00,2026-04-09,2026-04-10,0
ck_6ea1f20729aceda6,2025-10-23 01:13:35,2026-04-09,2026-04-10,0
ck_d12ce480394e26a7,2026-04-08 03:15:51,2026-04-09,2026-04-10,1
ck_f1ba143728b43468,2025-11-04 23:37:37,2026-04-09,2026-04-10,0
ck_28410007d504b42d,2025-11-25 20:05:49,2026-04-09,2026-04-10,1
ck_b404ebfe202f7516,2026-04-08 14:48:38,2026-04-09,2026-04-10,0
ck_4187d389ba900c0c,2026-03-03 16:23:14,2026-04-09,2026-04-10,0
ck_dfc844d28191f4b6,2026-03-23 14:49:34,2026-04-09,2026-04-10,0
ck_127ea73839ee9e59,2026-01-11 11:36:28,2026-04-09,2026-04-10,0
ck_6eaeadbfa41c6f97,2026-04-08 12:28:53,2026-04-09,2026-04-10,0
ck_233f53d6433b9372,2025-12-25 06:15:26,2026-04-09,2026-04-10,0
ck_5dbd74e26bb5e927,2026-02-11 11:12:51,2026-04-09,2026-04-10,0
ck_83d48764bc6f0c0a,2026-04-05 01:26:01,2026-04-09,2026-04-10,1
ck_353f38bd80491758,2026-02-24 15:29:37,2026-04-09,2026-04-10,0
ck_bfb41ed79dd3ed62,2026-03-30 03:53:01,2026-04-09,2026-04-10,0
ck_70ba9a0db64584f1,2025-10-08 11:30:55,2026-04-09,2026-04-10,1
ck_d37cd184f816cf8a,2026-04-07 23:43:12,2026-04-09,2026-04-10,0
ck_163b2dd72e091957,2026-01-08 22:17:21,2026-04-09,2026-04-10,0
ck_00824fa3a121445f,2026-04-06 20:25:15,2026-04-09,2026-04-10,0
ck_ab9ddbace4f0abe8,2026-01-06 07:53:44,2026-04-09,2026-04-10,0
ck_7cbe07404ad7e27e,2026-01-31 13:08:33,2026-04-09,2026-04-10,0
ck_ac42997140ad26d3,2025-12-08 15:59:48,2026-04-09,2026-04-10,0
ck_dd4c1aeb20985cfb,2026-04-06 04:16:47,2026-04-09,2026-04-10,0
ck_9427e877dd653c24,2025-12-15 03:54:50,2026-04-09,2026-04-10,0
ck_f4956730ca85e5a4,2025-10-28 21:50:12,2026-04-09,2026-04-10,0
ck_e6c9fe18c2215dbe,2025-12-15 01:17:14,2026-04-09,2026-04-10,0
ck_8ead7eb216b4f13e,2026-04-08 22:15:44,2026-04-09,2026-04-10,0
ck_17990c4c0da83e1a,2026-04-07 22:08:18,2026-04-09,2026-04-10,0
ck_17441523ea7e0a17,2026-02-05 01:47:11,2026-04-09,2026-04-10,0
ck_3cde0cf0f78738a4,2026-04-06 13:25:35,2026-04-09,2026-04-10,0
ck_0089d080f3853e0d,2025-12-14 05:04:23,2026-04-09,2026-04-10,0
ck_565fa93c9abfcbd5,2026-03-09 10:02:33,2026-04-09,2026-04-10,0
ck_b4b904bfa644d691,2026-02-18 14:58:25,2026-04-09,2026-04-10,0
ck_564cd569c4082c2f,2025-12-21 20:02:24,2026-04-09,2026-04-10,0
ck_2a0565d4a20c9330,2026-04-08 19:44:11,2026-04-09,2026-04-10,0
ck_7f02f013a772cbf9,2026-02-27 14:30:39,2026-04-09,2026-04-10,0
ck_a7db5296e0f5596e,2025-11-27 22:37:07,2026-04-09,2026-04-10,0
ck_95640e4ad975acfd,2026-04-08 13:15:19,2026-04-09,2026-04-10,0
ck_bba549e8da46a46b,2026-04-08 09:56:25,2026-04-09,2026-04-10,0
ck_da67788379df2b3d,2026-01-19 15:55:19,2026-04-09,2026-04-10,0
ck_cc1be25d2304f5bd,2026-01-31 14:05:31,2026-04-09,2026-04-10,0
ck_eb55d9788248f35c,2025-12-07 01:10:11,2026-04-09,2026-04-10,0
ck_3deddf2e57b17d4f,2026-01-21 01:44:29,2026-04-09,2026-04-10,0
ck_03378911964c5bd9,2026-03-16 21:22:12,2026-04-09,2026-04-10,0
ck_e3075bce8dd24101,2025-11-13 00:47:52,2026-04-09,2026-04-10,0
ck_4217780e13f24c8f,2025-12-16 21:27:24,2026-04-09,2026-04-10,0
ck_d2326549e83afda3,2025-10-09 17:29:53,2026-04-09,2026-04-10,0
ck_cb39b9207d11b15d,2026-04-08 17:04:47,2026-04-09,2026-04-10,0
ck_ea974287002f7dd6,2025-12-05 12:49:50,2026-04-09,2026-04-10,0
ck_838addb37a1db7ad,2026-01-26 23:20:08,2026-04-09,2026-04-10,0
ck_4e3f653013c27858,2026-02-02 13:20:15,2026-04-09,2026-04-10,0
ck_77003347cc82c26d,2026-03-17 20:54:29,2026-04-09,2026-04-10,0
ck_5c7cf306f4a4c241,2026-03-03 18:39:13,2026-04-09,2026-04-10,0
ck_33e7846d52c5e1c7,2026-01-29 14:44:57,2026-04-09,2026-04-10,0
ck_1f6362a3d6011dcb,2026-03-18 02:37:27,2026-04-09,2026-04-10,0
ck_62d16c7da6a876ae,2026-04-08 03:02:38,2026-04-09,2026-04-10,0
ck_203b70cbc53f200e,2026-03-08 05:10:29,2026-04-09,2026-04-10,0
ck_78068ade531340b7,2026-01-12 19:03:57,2026-04-09,2026-04-10,0
ck_1c1cbcb816cea553,2025-11-05 23:13:35,2026-04-09,2026-04-10,0
ck_21b8886c8d64770b,2026-01-29 20:39:27,2026-04-09,2026-04-10,0
ck_1e7ed85c71187389,2026-02-12 18:49:59,2026-04-09,2026-04-10,0
ck_84ccc3b6c159cb01,2026-03-16 12:21:28,2026-04-09,2026-04-10,0
ck_c07f3bad0c79a65b,2026-02-27 16:12:06,2026-04-09,2026-04-10,0
ck_35d2805f82ac3df8,2025-12-28 09:50:56,2026-04-09,2026-04-10,0
ck_9953a49e0935d808,2026-02-03 06:50:09,2026-04-09,2026-04-10,0
ck_6bee50a1d58738b3,2026-04-08 05:58:39,2026-04-09,2026-04-10,0
ck_bb0e41b9298060dc,2026-03-08 15:15:53,2026-04-09,2026-04-10,0
ck_7d87e0281c651530,2025-10-29 11:27:53,2026-04-09,2026-04-10,0
ck_f463eb174c6ec200,2026-02-09 02:31:30,2026-04-09,2026-04-10,0
ck_0c0910a249c2aeba,2026-01-07 07:06:16,2026-04-09,2026-04-10,0
ck_7630fd5827a093eb,2026-01-20 00:15:08,2026-04-09,2026-04-10,0
ck_0ec94af62afb46a0,2026-02-03 20:03:01,2026-04-09,2026-04-10,0
ck_874bdafc81f90a4e,2026-03-01 22:31:02,2026-04-09,2026-04-10,0
ck_e7f35165ce394da1,2026-03-15 17:19:31,2026-04-09,2026-04-10,0
ck_f33b90c9c985f8fd,2026-01-12 06:17:01,2026-04-09,2026-04-10,0
ck_0e70ef0dfccba0dc,2026-02-14 05:07:48,2026-04-09,2026-04-10,0
ck_4d9458b163acb36c,2025-12-16 07:16:03,2026-04-09,2026-04-10,0
ck_924690f3118668a9,2026-03-15 19:24:28,2026-04-09,2026-04-10,0
ck_1c3343b14d0f4435,2025-08-25 21:02:44,2026-04-09,2026-04-10,0
ck_98e45d0574b6fc4f,2025-12-29 19:31:52,2026-04-09,2026-04-10,0
ck_6efee598d2f4e33a,2026-01-27 15:56:05,2026-04-09,2026-04-10,0
ck_bcf6df2325cdd37c,2026-01-22 13:00:33,2026-04-09,2026-04-10,0
ck_6f28fa1f7955eff4,2025-12-10 15:08:51,2026-04-09,2026-04-10,0
ck_466b7997a1329379,2026-01-19 20:47:32,2026-04-09,2026-04-10,0
ck_35f8339cd229225c,2025-10-13 00:06:07,2026-04-09,2026-04-10,0
ck_10158be8dd9895e3,2025-11-22 16:34:46,2026-04-09,2026-04-10,0
ck_e2f65e34c062c96f,2026-03-26 14:15:07,2026-04-09,2026-04-10,0
ck_fdee58ee3b6bc5b6,2026-04-08 00:09:04,2026-04-09,2026-04-10,0
ck_2956d6a5e2d67082,2025-09-14 02:25:06,2026-04-09,2026-04-10,0
ck_54acd839067b291e,2026-04-03 14:26:34,2026-04-09,2026-04-10,0
ck_b55be5629221c8bf,2026-02-21 20:55:22,2026-04-09,2026-04-10,0
ck_f574e2a1f40aef2b,2026-04-07 10:16:58,2026-04-09,2026-04-10,0
ck_c8d94fe01ae8aa2e,2026-01-12 17:03:03,2026-04-09,2026-04-10,1
ck_d3ffd2e7a8d8d74d,2026-01-08 15:40:22,2026-04-09,2026-04-10,0
ck_dc0637e8bff874f9,2026-03-19 20:44:06,2026-04-09,2026-04-10,0
ck_869e90ed303f197c,2025-12-02 10:46:51,2026-04-09,2026-04-10,0
ck_66b0ad848c09de1d,2026-04-08 18:20:05,2026-04-09,2026-04-10,0
ck_ad27bb7c0aaa251f,2026-04-08 07:32:21,2026-04-09,2026-04-10,1
ck_3082420788088fe5,2026-03-03 21:36:31,2026-04-09,2026-04-10,0
ck_3cfce6933fbd8382,2025-11-16 07:55:34,2026-04-09,2026-04-10,0
ck_a80588ea34ed3416,2025-11-06 15:14:35,2026-04-09,2026-04-10,0
ck_8b4efa13142ca4e5,2026-01-18 05:39:40,2026-04-09,2026-04-10,0
ck_f713395754226de1,2026-04-08 11:45:10,2026-04-09,2026-04-10,0
ck_d59dfe95b6922b6e,2025-12-15 00:14:39,2026-04-09,2026-04-10,0
ck_c999e6029cd6db4a,2025-11-17 22:26:29,2026-04-09,2026-04-10,0
ck_3a1ceda3efe67199,2025-12-23 00:07:20,2026-04-09,2026-04-10,0
ck_8e56d0eaf0dd4056,2026-04-08 20:14:52,2026-04-09,2026-04-10,0
ck_62ae303e1471cfb1,2026-04-05 05:21:53,2026-04-09,2026-04-10,1
ck_e867a5060cc5ecb1,2026-04-07 08:45:53,2026-04-09,2026-04-10,0
ck_6a402422a8a722bb,2026-04-07 13:06:34,2026-04-09,2026-04-10,0
ck_03af005e2d9e3f2f,2026-03-26 19:24:37,2026-04-09,2026-04-10,0
ck_f7e1794f73238b32,2026-03-02 03:09:45,2026-04-09,2026-04-10,0
ck_ffda17417eb709b6,2026-03-31 09:48:35,2026-04-09,2026-04-10,0
ck_b9560a6967bbd5a9,2026-04-06 07:09:47,2026-04-09,2026-04-10,0
ck_701ba19371c5d9c6,2026-03-05 17:33:46,2026-04-09,2026-04-10,0
ck_42fe7c18eee138be,2026-02-25 14:34:42,2026-04-09,2026-04-10,0
ck_11d86ae9c5fe7936,2025-12-15 11:35:23,2026-04-09,2026-04-10,0
ck_6e3130970a15c057,2026-04-08 14:30:16,2026-04-09,2026-04-10,0
ck_22102c4893b8dd83,2025-12-25 15:55:01,2026-04-09,2026-04-10,0
ck_a6b22de04dc6893f,2025-12-03 21:54:48,2026-04-09,2026-04-10,0
ck_61bf9e62afb106cc,2026-03-25 01:53:15,2026-04-09,2026-04-10,0
ck_7f33cce7dea786ec,2026-03-08 23:21:22,2026-04-09,2026-04-10,0
ck_65852dca23ee602e,2026-04-01 21:07:55,2026-04-09,2026-04-10,0
ck_a74559b1fcbb7b04,2026-02-11 16:07:16,2026-04-09,2026-04-10,0
ck_70681907516ef026,2025-12-27 20:27:23,2026-04-09,2026-04-10,0
ck_4abef6e6f811b19e,2026-04-08 15:00:05,2026-04-09,2026-04-10,0
ck_87c12349e1bdd907,2026-04-08 05:13:54,2026-04-09,2026-04-10,0
ck_d9a283ea47e5f769,2025-08-13 23:05:59,2026-04-09,2026-04-10,0
ck_4174e8d5242c8215,2026-04-08 01:58:03,2026-04-09,2026-04-10,0
ck_db5f1e32f7d4fa8d,2026-02-20 19:15:19,2026-04-09,2026-04-10,0
ck_cacc3944ca05e359,2026-02-27 12:40:49,2026-04-09,2026-04-10,0
ck_89a04ed6007f3ff0,2026-03-11 04:14:12,2026-04-09,2026-04-10,0
ck_afc7230c13320389,2026-03-18 07:38:05,2026-04-09,2026-04-10,0
ck_366eea27a210f360,2026-04-08 17:36:17,2026-04-09,2026-04-10,0
ck_fc7109737d915e95,2026-04-08 19:51:06,2026-04-09,2026-04-10,0
ck_30c31e9b2ca8b3ff,2026-03-15 03:20:37,2026-04-09,2026-04-10,0
ck_9ec7a4fb88660e5f,2026-01-04 14:41:01,2026-04-09,2026-04-10,0
ck_68819c4e9c7ad502,2026-04-08 14:08:30,2026-04-09,2026-04-10,0
ck_e1d00c77684dad40,2026-04-08 02:55:22,2026-04-09,2026-04-10,0
ck_1644da55c43e84ae,2026-04-08 07:01:36,2026-04-09,2026-04-10,0
ck_6e98fe733ea437fa,2025-12-10 11:29:38,2026-04-09,2026-04-10,1
ck_c281c0debb6464fe,2025-12-03 05:40:38,2026-04-09,2026-04-10,0
ck_4db3e326351b24f3,2026-02-19 15:50:52,2026-04-09,2026-04-10,0
ck_3daec977fef16bf3,2026-04-07 17:03:51,2026-04-09,2026-04-10,0
ck_4d5fd8ebd24f3657,2025-08-18 04:44:10,2026-04-09,2026-04-10,0
ck_425fc0b946d46b97,2026-01-30 14:07:49,2026-04-09,2026-04-10,0
ck_87e98c671dbd02a0,2026-02-05 22:55:36,2026-04-09,2026-04-10,0
ck_41c4fa6f617f1b8a,2025-11-25 06:10:26,2026-04-09,2026-04-10,0
ck_7c89b8855fb26573,2025-11-13 17:56:10,2026-04-09,2026-04-10,0
ck_c423f5643d476daf,2026-03-12 14:05:30,2026-04-09,2026-04-10,1
ck_6bee5f1af5b95b40,2026-02-06 19:15:17,2026-04-09,2026-04-10,0
ck_373ede1e05eeac40,2025-07-14 23:49:49,2026-04-09,2026-04-10,0
ck_9a864c7a730fe93c,2026-02-08 16:18:16,2026-04-09,2026-04-10,0
ck_f978636ccdb2382b,2026-03-26 11:59:38,2026-04-09,2026-04-10,0
ck_b214fa5acb70bf01,2026-04-06 16:01:44,2026-04-09,2026-04-10,0
ck_39d5fd1c3197051a,2026-01-11 16:42:48,2026-04-09,2026-04-10,0
ck_831dd91726dd5db9,2026-02-20 14:54:11,2026-04-09,2026-04-10,0
ck_f597bb7a144ee052,2026-02-20 04:19:46,2026-04-09,2026-04-10,0
ck_aff2ce2ec3362d47,2025-12-17 03:30:08,2026-04-09,2026-04-10,0
ck_71dd063349984bb8,2025-03-17 15:30:51,2026-04-09,2026-04-10,0
ck_cb6e586b18dc2e9c,2026-03-01 04:36:08,2026-04-09,2026-04-10,0
ck_d1408f0b01b796b0,2026-02-16 17:43:07,2026-04-09,2026-04-10,0
ck_aa4178a21ade781b,2026-03-13 19:43:37,2026-04-09,2026-04-10,0
ck_b794d654f7cdf91c,2026-03-05 13:12:47,2026-04-09,2026-04-10,0
ck_35d39a4d6198dd59,2026-04-08 22:39:37,2026-04-09,2026-04-10,1
ck_692dc1fbb05f51bf,2026-02-19 17:35:34,2026-04-09,2026-04-10,0
ck_aefe2cb61d4c6f58,2026-04-06 09:12:53,2026-04-09,2026-04-10,0
ck_cc2bda007c3f4f1f,2025-10-20 09:48:52,2026-04-09,2026-04-10,0
ck_82178558382c1e5e,2025-11-22 17:15:19,2026-04-09,2026-04-10,0
ck_85474c3845f55bf5,2026-01-12 04:28:59,2026-04-09,2026-04-10,0
ck_15c426c2b18255bc,2025-11-03 23:56:29,2026-04-09,2026-04-10,0
ck_1832b9027bb22416,2026-03-15 01:50:51,2026-04-09,2026-04-10,0
ck_069f02b058737c89,2025-12-07 13:49:29,2026-04-09,2026-04-10,0
ck_b40b04f8001321f5,2026-04-08 18:12:00,2026-04-09,2026-04-10,1
ck_bc38410f4b8c5fcb,2025-07-31 10:10:41,2026-04-09,2026-04-10,0
ck_3c4d74f931a58cee,2025-12-22 18:47:52,2026-04-09,2026-04-10,0
ck_3ebeab1aa4e40dca,2026-04-08 01:51:34,2026-04-09,2026-04-10,0
ck_85092fc6d9a514fe,2026-01-18 06:02:06,2026-04-09,2026-04-10,0
ck_c82d7232b81fdbe1,2026-02-19 22:24:14,2026-04-09,2026-04-10,0
ck_a88d3ff04a4cca3b,2025-12-14 20:15:45,2026-04-09,2026-04-10,0
ck_ce54ee0cae62aa88,2026-04-07 17:24:05,2026-04-09,2026-04-10,0
ck_fcdc3eb5080d0e99,2026-04-05 13:19:53,2026-04-09,2026-04-10,1
ck_8251a820a7e69306,2026-04-08 15:05:34,2026-04-09,2026-04-10,0
ck_ea3a3dac636aae31,2026-02-06 17:31:48,2026-04-09,2026-04-10,0
ck_1eac60b0d45d63bb,2025-12-10 15:47:23,2026-04-09,2026-04-10,0
ck_2f0c119d3f0661b3,2025-10-22 23:12:07,2026-04-09,2026-04-10,0
ck_62c49e101982b16a,2026-03-09 21:12:03,2026-04-09,2026-04-10,0
ck_64d4c25d3c957d7c,2025-12-14 18:01:31,2026-04-09,2026-04-10,0
ck_d3f77c4fab972572,2026-04-08 13:13:53,2026-04-09,2026-04-10,0
ck_f0f2f8e766aa5c98,2026-04-07 09:01:06,2026-04-09,2026-04-10,0
ck_8e041532021b15ec,2025-11-17 22:24:44,2026-04-09,2026-04-10,0
ck_ff19da4084f5a476,2025-12-14 18:12:40,2026-04-09,2026-04-10,0
ck_a2ebf77c9adff4a6,2025-11-26 06:09:06,2026-04-09,2026-04-10,0
ck_a3c2f02c8eddf019,2026-01-01 06:46:26,2026-04-09,2026-04-10,0
ck_9f8b4966a7221128,2025-12-31 14:50:02,2026-04-09,2026-04-10,0
ck_c18d4d57d5964e1f,2025-10-11 06:39:38,2026-04-09,2026-04-10,0
ck_5d62965a267807bf,2026-04-08 09:34:57,2026-04-09,2026-04-10,0
ck_f8f69c9f211f3b73,2025-08-29 20:05:06,2026-04-09,2026-04-10,0
ck_de8c2ee8ecb3462c,2025-10-14 15:46:03,2026-04-09,2026-04-10,0
ck_b80fec0ccd3ecbc8,2026-04-08 15:44:50,2026-04-09,2026-04-10,0
ck_71f931bf0450e0ad,2026-04-08 12:59:49,2026-04-09,2026-04-10,0
ck_7c6040de63fb1dcc,2025-08-21 22:58:46,2026-04-09,2026-04-10,0
ck_13bcd3ac5f544921,2026-04-07 14:47:46,2026-04-09,2026-04-10,0
ck_498631ad1eec864c,2026-01-08 06:38:52,2026-04-09,2026-04-10,0
ck_992eddf1c0f68757,2025-12-23 05:47:36,2026-04-09,2026-04-10,0
ck_a902eb3634653d58,2026-03-01 21:16:41,2026-04-09,2026-04-10,0
ck_0f9fc6654d9bfd41,2026-03-05 21:43:16,2026-04-09,2026-04-10,0
ck_d89b3625634e3189,2026-04-08 19:42:24,2026-04-09,2026-04-10,0
ck_f0f63042d307e44e,2026-04-08 00:10:20,2026-04-09,2026-04-10,0
ck_b3d03eab8a901d06,2026-04-08 00:06:28,2026-04-09,2026-04-10,0
ck_baefb89f742b6184,2025-12-09 03:05:35,2026-04-09,2026-04-10,0
ck_aa91c4e370a7850a,2025-11-10 12:31:59,2026-04-09,2026-04-10,0
ck_84721ee8cbb89ad1,2026-04-08 01:47:06,2026-04-09,2026-04-10,0
ck_bbd261e809034bbc,2025-10-21 02:01:10,2026-04-09,2026-04-10,0
ck_c7de9ff7747f736f,2025-12-05 19:51:41,2026-04-09,2026-04-10,0
ck_0b9617d24de9c3ca,2026-01-20 12:43:30,2026-04-09,2026-04-10,1
ck_93bd3608d21905a0,2025-12-18 07:00:25,2026-04-09,2026-04-10,0
ck_3ff510dba5e5162e,2026-02-09 00:59:50,2026-04-09,2026-04-10,0
ck_2257b966f0308c0c,2026-01-24 02:45:58,2026-04-09,2026-04-10,0
ck_9190a5c075e4392d,2026-04-07 04:52:51,2026-04-09,2026-04-10,1
ck_b917a1a21429b2cf,2026-03-12 07:53:11,2026-04-09,2026-04-10,0
ck_e7ed2a12c48052f5,2026-02-11 02:06:56,2026-04-09,2026-04-10,0
ck_7dc4fc5b058f4702,2025-10-13 10:03:14,2026-04-09,2026-04-10,0
ck_1f9b1ba28d887bef,2026-02-17 18:39:29,2026-04-09,2026-04-10,0
ck_1add952ed584bd2b,2026-01-13 12:53:36,2026-04-09,2026-04-10,0
ck_2930e3dc43354aa7,2026-04-08 17:14:21,2026-04-09,2026-04-10,0
ck_98bc622261d2a6cd,2026-04-05 12:09:57,2026-04-09,2026-04-10,0
ck_eb2f8555e8374165,2025-10-23 14:37:10,2026-04-09,2026-04-10,0
ck_1102a47e7370b44b,2026-02-25 20:57:55,2026-04-09,2026-04-10,0
ck_de725d4cfd370e6d,2026-04-07 12:18:58,2026-04-09,2026-04-10,1
ck_dcbdfe05ba77054e,2026-01-10 07:59:06,2026-04-09,2026-04-10,0
ck_7b110fa06f464503,2025-10-26 02:47:40,2026-04-09,2026-04-10,0
ck_318872d718eac379,2025-12-14 08:08:00,2026-04-09,2026-04-10,0
ck_aceeceb35ad58267,2025-09-13 05:56:11,2026-04-09,2026-04-10,0
ck_e5c4111a88b06e03,2026-01-04 04:46:43,2026-04-09,2026-04-10,0
ck_c941530bf70e3972,2026-01-31 23:43:19,2026-04-09,2026-04-10,0
ck_0c576ca2051a15fd,2026-01-16 04:27:46,2026-04-09,2026-04-10,0
ck_0452cc0310712602,2025-11-25 01:52:18,2026-04-09,2026-04-10,0
ck_e62d14e4b54f830a,2025-09-30 02:21:14,2026-04-09,2026-04-10,0
ck_39c4608af2bacb46,2025-12-04 12:13:30,2026-04-09,2026-04-10,0
ck_08465e310a2caf31,2026-01-10 04:17:31,2026-04-09,2026-04-10,0
ck_3634a15fcf4822ab,2026-01-18 20:58:41,2026-04-09,2026-04-10,0
ck_0ed2142d7f19c658,2025-12-20 16:03:17,2026-04-09,2026-04-10,0
ck_3d91b0a3e71914e2,2026-04-07 13:32:35,2026-04-09,2026-04-10,0
ck_504d08a100eea4e9,2025-12-14 02:34:43,2026-04-09,2026-04-10,0
ck_164b805362186fa0,2026-01-16 22:06:09,2026-04-09,2026-04-10,0
ck_b4d1de882ceb6deb,2025-11-22 02:48:37,2026-04-09,2026-04-10,0
ck_361028060356f178,2026-04-08 20:35:51,2026-04-09,2026-04-10,0
ck_c4d5959a79cdc714,2026-01-15 09:32:16,2026-04-09,2026-04-10,0
ck_45de9436a52ad482,2026-02-02 00:30:07,2026-04-09,2026-04-10,0
ck_809f22d76926b13e,2026-04-07 21:16:55,2026-04-09,2026-04-10,0
ck_34fed9d9029f7b20,2026-04-08 04:58:44,2026-04-09,2026-04-10,1
ck_0266f834d294024b,2026-02-22 21:57:12,2026-04-09,2026-04-10,0
ck_dbe1c2c357169294,2026-04-05 09:42:01,2026-04-09,2026-04-10,0
ck_e0d583a13b2856ef,2026-03-06 01:16:47,2026-04-09,2026-04-10,0
ck_d99f0f105d818b1f,2026-01-25 21:59:56,2026-04-09,2026-04-10,0
ck_1ab209ac929db1e5,2025-08-11 11:31:31,2026-04-09,2026-04-10,0
ck_6f6c5bb9f309b019,2025-12-24 18:13:13,2026-04-09,2026-04-10,0
ck_c5ad90f94428d82a,2026-01-04 15:13:30,2026-04-09,2026-04-10,0
ck_427f8ed754f51e26,2026-02-09 04:27:02,2026-04-09,2026-04-10,0
ck_6e70e3d97be97ef8,2025-08-04 04:33:43,2026-04-09,2026-04-10,0
ck_fa409c2e37f3b809,2026-01-31 08:14:15,2026-04-09,2026-04-10,0
ck_0d3f7358c97c9a4d,2026-02-15 13:25:03,2026-04-09,2026-04-10,0
ck_d72008f3fd0d9f11,2026-04-06 18:08:51,2026-04-09,2026-04-10,0
ck_9d9e495cfdc6b486,2025-12-13 18:47:28,2026-04-09,2026-04-10,0
ck_19ee5f4a7ef3a28e,2026-03-12 09:39:14,2026-04-09,2026-04-10,0
ck_526e1c3cdb6bdfcd,2025-11-10 11:41:38,2026-04-09,2026-04-10,1
ck_2a8c4559e1b83cf8,2026-04-08 18:15:43,2026-04-09,2026-04-10,0
ck_b21dd3a3e55bdb8e,2026-01-26 02:19:27,2026-04-09,2026-04-10,0
ck_7b45e3554fa62011,2025-12-26 11:25:12,2026-04-09,2026-04-10,0
ck_13e126e43c9877ae,2026-01-12 17:22:48,2026-04-09,2026-04-10,0
ck_c39031033b5e15aa,2026-03-19 02:49:45,2026-04-09,2026-04-10,0
ck_1b1bd3ac120fe74d,2025-10-06 00:22:35,2026-04-09,2026-04-10,0
ck_474f6135d977ecb6,2025-11-27 14:22:06,2026-04-09,2026-04-10,0
ck_e9735cd36283e816,2026-03-14 22:21:02,2026-04-09,2026-04-10,0
ck_7c20850e35f07818,2026-03-15 21:26:34,2026-04-09,2026-04-10,0
ck_e601fddd77596774,2025-12-21 10:26:44,2026-04-09,2026-04-10,0
ck_f1db6b542d278107,2026-01-31 18:05:15,2026-04-09,2026-04-10,0
ck_9f00c205b5804aa3,2025-11-22 21:57:19,2026-04-09,2026-04-10,0
ck_42d75fa03c28bb9b,2025-10-27 07:56:25,2026-04-09,2026-04-10,0
ck_11bbd9448c12f378,2026-02-22 18:07:37,2026-04-09,2026-04-10,0
ck_c9bae2a255f7bd5b,2026-02-05 20:05:26,2026-04-09,2026-04-10,0
ck_3ef16f908e6f8fd9,2026-01-25 12:20:28,2026-04-09,2026-04-10,0
ck_533012552b4bc79e,2026-03-26 05:20:36,2026-04-09,2026-04-10,0
ck_165f2873ccc13142,2026-03-20 15:50:33,2026-04-09,2026-04-10,0
ck_1eadf72c3ac974d7,2026-04-07 15:44:57,2026-04-09,2026-04-10,0
ck_007f95db10b6eab6,2026-02-28 01:05:30,2026-04-09,2026-04-10,0
ck_62f22ace55c6c838,2025-10-06 01:39:53,2026-04-09,2026-04-10,0
ck_8d8be18f36f31f33,2025-10-25 02:09:36,2026-04-09,2026-04-10,0
ck_60bea7aa056a7646,2026-04-07 21:38:39,2026-04-09,2026-04-10,1
ck_2eba0ed6c406328c,2025-10-30 17:08:49,2026-04-09,2026-04-10,0
ck_95a52dafe52e0ab4,2026-02-23 19:39:18,2026-04-09,2026-04-10,0
ck_65202393c603d434,2025-12-06 23:43:37,2026-04-09,2026-04-10,0
ck_7edf60c5f73c38e2,2026-03-19 12:08:46,2026-04-09,2026-04-10,0
ck_7ac6cb122895d74e,2026-04-07 04:52:13,2026-04-09,2026-04-10,0
ck_62234e6fe6e72102,2026-04-08 18:50:53,2026-04-09,2026-04-10,0
ck_d1d916f2ab36705f,2026-02-03 23:39:12,2026-04-09,2026-04-10,1
ck_89df3f26391aa1a9,2026-01-29 01:35:27,2026-04-09,2026-04-10,0
ck_12bd3ee9b3068253,2025-12-02 09:29:29,2026-04-09,2026-04-10,0
ck_5bef310a64063455,2026-03-16 12:51:39,2026-04-09,2026-04-10,0
ck_cef1031911d8c0f2,2026-01-01 14:23:07,2026-04-09,2026-04-10,0
ck_07fb30edae313c1a,2026-04-08 20:54:57,2026-04-09,2026-04-10,0
ck_9700b91c648dc9a0,2025-11-29 22:17:03,2026-04-09,2026-04-10,0
ck_21bb1518fab20079,2026-04-08 04:49:51,2026-04-09,2026-04-10,0
ck_9625951dfec2fb7c,2025-12-12 06:49:44,2026-04-09,2026-04-10,0
ck_5c4409ef070a03ce,2025-12-28 05:49:27,2026-04-09,2026-04-10,0
ck_7b6018681421612a,2026-02-02 21:48:26,2026-04-09,2026-04-10,0
ck_5b675819138c9f56,2026-01-07 04:09:41,2026-04-09,2026-04-10,0
ck_cd0d1c0eedc49594,2026-03-15 13:44:58,2026-04-09,2026-04-10,0
ck_b1ccfbf917d068e2,2026-04-04 21:00:39,2026-04-09,2026-04-10,0
ck_2f7c6cb495c62389,2026-04-08 10:23:51,2026-04-09,2026-04-10,1
ck_ee4596544b7a55f2,2026-02-16 09:56:36,2026-04-09,2026-04-10,0
ck_17806377e52a1dc1,2026-01-04 05:28:29,2026-04-09,2026-04-10,0
ck_29ad7affdb295865,2026-02-18 15:59:08,2026-04-09,2026-04-10,0
ck_82cabc6e220b2a8e,2026-03-17 11:48:26,2026-04-09,2026-04-10,0
ck_06df451e9a1eb1c5,2026-04-07 15:49:50,2026-04-09,2026-04-10,0
ck_b3c7717f449cbd8d,2025-12-04 09:31:14,2026-04-09,2026-04-10,0
ck_c19fe257ea5298bc,2026-04-07 23:24:14,2026-04-09,2026-04-10,0
ck_ffdcabe1fa47234a,2025-12-06 07:05:59,2026-04-09,2026-04-10,0
ck_2bd808e759486893,2025-11-16 23:30:04,2026-04-09,2026-04-10,0
ck_d432cef82c5761c2,2026-02-06 08:17:07,2026-04-09,2026-04-10,0
ck_c2cafb373bdc85df,2026-04-07 11:10:33,2026-04-09,2026-04-10,0
ck_6cced0b47e5c7458,2025-12-07 15:13:12,2026-04-09,2026-04-10,0
ck_c5899a47450c15b1,2026-01-11 13:51:31,2026-04-09,2026-04-10,0
ck_12b1ee1571046013,2026-03-10 00:04:38,2026-04-09,2026-04-10,0
ck_7fa32b8ab9568a84,2026-02-27 23:22:26,2026-04-09,2026-04-10,0
ck_f49c485eeda1b528,2026-04-08 05:14:41,2026-04-09,2026-04-10,1
ck_bafe2a0b904c1677,2025-12-14 21:35:51,2026-04-09,2026-04-10,0
ck_03b6bdcd0e367f71,2026-02-16 18:55:30,2026-04-09,2026-04-10,0
ck_ae2226237e019f67,2025-12-16 21:32:53,2026-04-09,2026-04-10,0
ck_b7cef783e03bc9a0,2026-03-19 13:42:54,2026-04-09,2026-04-10,0
ck_f8208a9fd78546b2,2025-09-14 21:05:23,2026-04-09,2026-04-10,0
ck_a8956cd647cf7f34,2025-11-14 02:51:35,2026-04-09,2026-04-10,0
ck_f56ec9f8936a3092,2025-06-13 08:43:02,2026-04-09,2026-04-10,0
ck_d5fcf50b1410ea31,2026-01-06 03:58:49,2026-04-09,2026-04-10,0
ck_8f2bb6de3ec89c78,2025-10-26 22:16:17,2026-04-09,2026-04-10,0
ck_f8395c7fb43a463b,2026-04-07 16:26:38,2026-04-09,2026-04-10,0
ck_cb381719d81f0a38,2025-09-23 03:09:56,2026-04-09,2026-04-10,0
ck_46ae9b883d6398ec,2026-01-26 06:45:11,2026-04-09,2026-04-10,0
ck_dae7e4b38a1ae0b9,2025-12-20 15:10:15,2026-04-09,2026-04-10,0
ck_1156b6281a30d956,2026-04-08 04:51:06,2026-04-09,2026-04-10,0
ck_e746321a1346c0cf,2025-12-25 17:04:29,2026-04-09,2026-04-10,0
ck_c5e400f1c78f7ae2,2026-03-22 17:04:24,2026-04-09,2026-04-10,0
ck_467c5edacc06cf45,2026-01-12 20:03:17,2026-04-09,2026-04-10,0
ck_6c0c209220cc61e6,2025-12-25 13:03:17,2026-04-09,2026-04-10,0
ck_5462592f3e7c84b6,2026-01-31 06:14:36,2026-04-09,2026-04-10,0
ck_6b59df1b0c452e36,2025-12-23 12:47:57,2026-04-09,2026-04-10,0
ck_93aacaa111c47948,2025-11-12 10:09:10,2026-04-09,2026-04-10,0
ck_682d1ee141dada66,2026-01-15 15:04:50,2026-04-09,2026-04-10,0
ck_870830faf509a2d9,2026-02-03 07:30:11,2026-04-09,2026-04-10,1
ck_995c42bd8e658789,2026-01-29 16:06:21,2026-04-09,2026-04-10,0
ck_f26e5fa180fc872c,2025-12-13 04:36:56,2026-04-09,2026-04-10,0
ck_28b837527e0c75d8,2025-08-15 02:25:34,2026-04-09,2026-04-10,0
ck_66073975ae19520d,2026-01-28 17:49:38,2026-04-09,2026-04-10,0
ck_11c61f63db65dc2d,2026-02-23 10:43:41,2026-04-09,2026-04-10,0
ck_fc31b1cb390e933c,2025-12-17 10:27:47,2026-04-09,2026-04-10,0
ck_ade131708ded9459,2026-01-19 14:43:14,2026-04-09,2026-04-10,0
ck_9f4e5de9ac305001,2026-02-01 10:34:41,2026-04-09,2026-04-10,0
ck_c1f808ee6ec3119e,2026-04-08 06:06:21,2026-04-09,2026-04-10,0
ck_418039f1c7a9dfbd,2026-04-07 01:52:46,2026-04-09,2026-04-10,0
ck_5cb1119cb05b032f,2026-04-07 22:10:00,2026-04-09,2026-04-10,0
ck_8abb8034061e732c,2026-03-16 20:40:48,2026-04-09,2026-04-10,0
ck_db1c39e9d04c3f7d,2026-01-22 22:04:49,2026-04-09,2026-04-10,0
ck_95e746dbbe4707c9,2025-11-11 21:58:34,2026-04-09,2026-04-10,0
ck_3ff935a5cf89e04d,2025-11-05 05:43:14,2026-04-09,2026-04-10,0
ck_9515086a30a1fc42,2025-12-20 17:35:20,2026-04-09,2026-04-10,1
ck_600d52601be06c8c,2026-04-08 19:00:57,2026-04-09,2026-04-10,0
ck_0082d59d04c1b24a,2026-04-08 13:03:29,2026-04-09,2026-04-10,0
ck_afcf7a166e52b305,2025-05-09 23:06:38,2026-04-09,2026-04-10,0
ck_bb26c7c4ed5ca883,2025-12-20 06:45:10,2026-04-09,2026-04-10,0
ck_ac96b3f84dd586d7,2026-01-17 19:24:34,2026-04-09,2026-04-10,0
ck_55486345c230ccda,2026-03-11 12:54:58,2026-04-09,2026-04-10,0
ck_75113ccda2dd31ab,2026-04-08 21:41:09,2026-04-09,2026-04-10,0
ck_7a64f7f5c2129c62,2025-11-05 18:25:51,2026-04-09,2026-04-10,0
ck_35048fbfa71cbb59,2025-11-16 06:51:39,2026-04-09,2026-04-10,0
ck_e3441b5329eb716c,2026-04-08 13:17:28,2026-04-09,2026-04-10,0
ck_f876c9c552c12833,2025-07-23 17:31:48,2026-04-09,2026-04-10,0
ck_a405bd532293d391,2025-12-21 16:34:53,2026-04-09,2026-04-10,0
ck_d12375b0a201a239,2026-01-08 07:40:11,2026-04-09,2026-04-10,0
ck_7c0965e75151e22e,2026-01-17 05:00:43,2026-04-09,2026-04-10,0
ck_42b7d1622420db8e,2025-06-04 20:16:24,2026-04-09,2026-04-10,0
ck_ce05f5e312cfb055,2026-04-06 06:08:35,2026-04-09,2026-04-10,1
ck_b8902abbef188a63,2025-12-17 13:23:42,2026-04-09,2026-04-10,0
ck_45914ec749061ce4,2026-02-14 13:19:56,2026-04-09,2026-04-10,0
ck_f730f62fb91cbbc5,2026-04-08 17:51:50,2026-04-09,2026-04-10,1
ck_29821246ef8ccc98,2026-03-02 22:21:41,2026-04-09,2026-04-10,0
ck_414d8ed94753ba00,2026-03-16 13:22:45,2026-04-09,2026-04-10,0
ck_833c7ac11370f5c8,2025-08-22 12:12:32,2026-04-09,2026-04-10,0
ck_01f1624691f9048a,2025-10-31 19:24:21,2026-04-09,2026-04-10,0
ck_6fae582d90cf30ee,2026-01-23 16:53:07,2026-04-09,2026-04-10,0
ck_c3d04a5ebcc358f9,2025-11-19 11:34:54,2026-04-09,2026-04-10,0
ck_18036b53cd3d5cca,2026-02-15 02:06:33,2026-04-09,2026-04-10,0
ck_8bbb526539607b83,2026-03-06 05:54:31,2026-04-09,2026-04-10,0
ck_7c80f2bd9369f940,2026-04-07 14:06:51,2026-04-09,2026-04-10,1
ck_03183762c499e0a8,2025-09-02 13:04:49,2026-04-09,2026-04-10,0
ck_6d48cfa93583ed5b,2026-01-21 10:38:58,2026-04-09,2026-04-10,0
ck_555ed654ea74a8e0,2026-03-30 01:45:08,2026-04-09,2026-04-10,0
ck_a90d5177c7248220,2026-01-11 18:58:39,2026-04-09,2026-04-10,0
ck_d7430652c3787805,2026-04-07 23:37:20,2026-04-09,2026-04-10,0
ck_a2357ee38348710b,2026-04-06 06:29:51,2026-04-09,2026-04-10,0
ck_6129dd8d3533aab1,2025-12-27 14:58:03,2026-04-09,2026-04-10,0
ck_54d69fcc05f3bae9,2026-02-28 01:33:07,2026-04-09,2026-04-10,0
ck_191a5a5efe0ae051,2026-01-02 10:51:10,2026-04-09,2026-04-10,0
ck_2ba0535d019911a4,2025-12-10 12:31:30,2026-04-09,2026-04-10,0
ck_38e6c5acb54b2662,2025-08-12 06:48:08,2026-04-09,2026-04-10,0
ck_e8a6e16d98bb60ae,2026-01-12 14:04:52,2026-04-09,2026-04-10,0
ck_213bf08e2b4911bb,2026-02-13 00:47:46,2026-04-09,2026-04-10,0
ck_e29b8cead4ad130c,2026-04-08 23:01:12,2026-04-09,2026-04-10,1
ck_76abfd808e66f6be,2026-02-16 08:26:58,2026-04-09,2026-04-10,0
ck_d4518daeee87cb7e,2026-01-09 23:49:59,2026-04-09,2026-04-10,0
ck_2d82f0a14aa6a46c,2025-12-07 03:38:58,2026-04-09,2026-04-10,0
ck_00986ec7bb601341,2026-04-08 17:19:59,2026-04-09,2026-04-10,0
ck_dcf841749eec8968,2026-04-08 03:17:04,2026-04-09,2026-04-10,0
ck_c96e7d0b704b31a4,2026-02-27 08:54:29,2026-04-09,2026-04-10,0
ck_409cdc091a53c863,2026-01-15 06:43:21,2026-04-09,2026-04-10,0
ck_6f5335d33296daf3,2025-11-29 10:33:10,2026-04-09,2026-04-10,0
ck_79218f9a6cf3409a,2026-03-09 06:39:42,2026-04-09,2026-04-10,0
ck_18c105728862bb73,2025-12-02 18:34:50,2026-04-09,2026-04-10,1
ck_39963601a65d2051,2025-12-21 23:46:19,2026-04-09,2026-04-10,0
ck_109c55028ccd6388,2025-12-19 01:45:25,2026-04-09,2026-04-10,0
ck_910cbe74e0e79afe,2026-02-19 07:03:01,2026-04-09,2026-04-10,0
ck_a6e895911ee71b6f,2025-11-14 17:23:17,2026-04-09,2026-04-10,0
ck_6bad989cc047e826,2026-01-29 15:55:50,2026-04-09,2026-04-10,0
ck_2b2541cd975d18a7,2026-04-08 16:15:33,2026-04-09,2026-04-10,1
ck_11f9451a8ee760cd,2026-03-17 18:18:19,2026-04-09,2026-04-10,0
ck_66b7e31404109dae,2026-01-18 20:41:21,2026-04-09,2026-04-10,0
ck_730c15ba9acd31b5,2026-01-11 08:57:42,2026-04-09,2026-04-10,0
ck_9771301d712b043f,2026-04-08 05:27:30,2026-04-09,2026-04-10,0
ck_6705683b6e4c28d0,2026-04-07 09:55:46,2026-04-09,2026-04-10,0
ck_4f1a50af7cce2f0f,2026-03-02 10:05:09,2026-04-09,2026-04-10,0
ck_e2cff9e6410e0279,2025-12-21 21:56:54,2026-04-09,2026-04-10,0
ck_6d067933fa35e679,2026-01-16 06:32:04,2026-04-09,2026-04-10,0
ck_a9200b25dde73c6a,2026-01-25 23:08:31,2026-04-09,2026-04-10,0
ck_85b2abf74797ba0e,2026-01-05 11:46:41,2026-04-09,2026-04-10,0
ck_0584435a14f27f02,2026-02-28 09:28:05,2026-04-09,2026-04-10,0
ck_e03cdcbd9d7c549c,2026-02-08 03:29:10,2026-04-09,2026-04-10,0
ck_2c967cde459ce927,2026-04-08 12:08:19,2026-04-09,2026-04-10,1
ck_620b181412667842,2026-02-06 03:15:20,2026-04-09,2026-04-10,0
ck_7b6310373d791bc1,2026-02-22 02:14:03,2026-04-09,2026-04-10,0
ck_70ccb4ff4a023e23,2026-01-26 10:45:21,2026-04-09,2026-04-10,0
ck_c0f93cd2394439cd,2026-04-07 05:15:30,2026-04-09,2026-04-10,0
ck_44a0c30ad1756c1a,2025-11-24 05:39:56,2026-04-09,2026-04-10,0
ck_891dd4c371ef5fb5,2026-02-23 07:08:29,2026-04-09,2026-04-10,0
ck_27868e6583334c3f,2026-02-18 20:50:46,2026-04-09,2026-04-10,0
ck_fd0c64fe7967302f,2026-03-04 18:59:23,2026-04-09,2026-04-10,0
ck_f1eee1a42b67b06b,2026-04-02 18:48:41,2026-04-09,2026-04-10,0
ck_12eb43410e1487d7,2026-03-01 12:12:07,2026-04-09,2026-04-10,0
ck_0de23e78e3c142e9,2026-04-08 17:02:57,2026-04-09,2026-04-10,0
ck_976f0ba877373696,2026-02-04 11:55:12,2026-04-09,2026-04-10,0
ck_40f2d75e6f51f773,2026-04-01 06:22:11,2026-04-09,2026-04-10,0
ck_09d6e633fc66a0cd,2026-03-10 16:57:36,2026-04-09,2026-04-10,0
ck_3cdab87edad61429,2026-04-06 10:22:10,2026-04-09,2026-04-10,0
ck_e4a1be8077c564a9,2026-04-08 01:19:33,2026-04-09,2026-04-10,0
ck_8e2b4bbf0caeb583,2026-04-07 21:32:11,2026-04-09,2026-04-10,1
ck_0ce0fb0fa34f9f3e,2025-10-19 22:41:51,2026-04-09,2026-04-10,0
ck_ae73e75e1b814ad6,2026-03-21 21:18:51,2026-04-09,2026-04-10,0
ck_f8cc073287de2916,2025-11-26 10:07:06,2026-04-09,2026-04-10,0
ck_f4965572d5b8e4c7,2026-02-15 14:36:30,2026-04-09,2026-04-10,0
ck_268223009e1fdb7a,2026-01-25 16:38:52,2026-04-09,2026-04-10,1
ck_46e9e26ce3e0a392,2026-01-09 04:16:48,2026-04-09,2026-04-10,0
ck_547993ee6bebda9e,2026-04-07 22:32:14,2026-04-09,2026-04-10,0
ck_f0e39f531fc8450f,2025-12-09 04:46:06,2026-04-09,2026-04-10,0
ck_41ce3bc595cf2e78,2026-03-27 11:52:42,2026-04-09,2026-04-10,0
ck_0baf001a06c149d6,2025-12-21 14:46:51,2026-04-09,2026-04-10,0
ck_0abf8d19666fdd56,2026-04-07 12:55:44,2026-04-09,2026-04-10,0
ck_ed528ddab34fe45b,2025-11-23 06:44:51,2026-04-09,2026-04-10,0
ck_206cd21d65d6a28d,2026-04-07 15:57:47,2026-04-09,2026-04-10,0
ck_d92393c9a97683d0,2026-04-07 18:27:24,2026-04-09,2026-04-10,0
ck_3934c8ce9275f94a,2026-04-08 21:07:48,2026-04-09,2026-04-10,0
ck_1cf763a00cd5c27b,2026-02-13 12:43:44,2026-04-09,2026-04-10,0
ck_a5b0fc2c7846b44a,2026-03-09 18:37:28,2026-04-09,2026-04-10,0
ck_2bc55b237e4d6edf,2025-11-17 23:57:56,2026-04-09,2026-04-10,0
ck_f976cdd1e3bb5c52,2026-01-25 12:04:18,2026-04-09,2026-04-10,0
ck_f99fca4f7813c9f0,2026-01-04 23:24:39,2026-04-09,2026-04-10,0
ck_7188ef9ced689346,2026-04-07 11:12:15,2026-04-09,2026-04-10,0
ck_075e673c97eb3527,2026-04-06 19:18:18,2026-04-09,2026-04-10,0
ck_fb4628c8e48aed85,2026-01-07 13:35:44,2026-04-09,2026-04-10,0
ck_2933f8ddf4cf0fb0,2026-03-07 06:07:53,2026-04-09,2026-04-10,0
ck_ac43243a98dbf419,2026-01-11 16:46:32,2026-04-09,2026-04-10,0
ck_72e5fd2795ad1018,2026-02-17 21:51:09,2026-04-09,2026-04-10,0
ck_fb36e0d18eab7106,2026-02-26 07:02:40,2026-04-09,2026-04-10,0
ck_98acedb520281b05,2025-12-16 14:36:59,2026-04-09,2026-04-10,0
ck_9e987d5ad52b5ec7,2025-12-11 04:13:55,2026-04-09,2026-04-10,0
ck_dd230005479769fa,2026-02-12 17:54:22,2026-04-09,2026-04-10,0
ck_17087a1ee13cad25,2025-11-22 19:04:55,2026-04-09,2026-04-10,0
ck_bb7824108c9f6d46,2026-04-05 15:03:11,2026-04-09,2026-04-10,0
ck_823bb2d058b243f9,2026-01-27 16:13:22,2026-04-09,2026-04-10,0
ck_d7401d9b9513f848,2026-04-07 15:27:22,2026-04-09,2026-04-10,0
ck_c2514055855de6dc,2025-11-21 05:45:58,2026-04-09,2026-04-10,0
ck_1c601aa4a734a0f5,2026-01-29 02:39:43,2026-04-09,2026-04-10,0
ck_a404ca171993431d,2025-12-25 05:58:16,2026-04-09,2026-04-10,0
ck_900e288e0839a79a,2026-04-08 12:11:15,2026-04-09,2026-04-10,0
ck_6a3f1e389fce62eb,2026-02-01 22:49:39,2026-04-09,2026-04-10,0
ck_b31b9ea664fe9b43,2025-12-11 23:18:13,2026-04-09,2026-04-10,0
ck_ab93bf33c8fcba72,2025-08-27 04:38:42,2026-04-09,2026-04-10,0
ck_cf331af591e30ad0,2026-02-09 21:26:29,2026-04-09,2026-04-10,0
ck_9eb3e92085df06e4,2026-04-05 19:07:52,2026-04-09,2026-04-10,0
ck_867d6acbede79869,2026-01-03 17:12:15,2026-04-09,2026-04-10,0
ck_307a4ad0028cbe7d,2026-04-08 17:00:36,2026-04-09,2026-04-10,0
ck_6ff8bf81ac89e37f,2026-04-07 23:40:28,2026-04-09,2026-04-10,0
ck_9062f8d717eab0bd,2026-02-01 21:31:16,2026-04-09,2026-04-10,0
ck_99dc87a6592fc50f,2026-04-08 05:29:49,2026-04-09,2026-04-10,0
ck_4760fa11a8f9df26,2026-03-01 01:44:12,2026-04-09,2026-04-10,0
ck_cd8cab73ac435718,2026-02-26 20:05:18,2026-04-09,2026-04-10,0
ck_bee4e0a78d197b07,2026-02-03 21:58:26,2026-04-09,2026-04-10,0
ck_51822c9c1b3efe45,2026-01-27 21:34:23,2026-04-09,2026-04-10,0
ck_acb4c5c197d6bf58,2026-03-03 09:24:02,2026-04-09,2026-04-10,0
ck_2e2154f6d0f6ef0e,2026-04-08 13:06:33,2026-04-09,2026-04-10,0
ck_959efa31cfbb2c25,2025-10-18 07:20:05,2026-04-09,2026-04-10,0
ck_ed364e5432b6943e,2026-04-06 19:00:22,2026-04-09,2026-04-10,1
ck_7cfc5f6168c9e6d4,2025-12-23 23:50:28,2026-04-09,2026-04-10,1
ck_10b84f3a6744ea31,2025-11-09 21:06:48,2026-04-09,2026-04-10,0
ck_0252050372ee3ce9,2025-12-26 03:45:52,2026-04-09,2026-04-10,1
ck_34a743a6ac6f2229,2026-04-07 18:57:25,2026-04-09,2026-04-10,0
ck_b8eae78aad38ca04,2025-12-26 14:00:28,2026-04-09,2026-04-10,0
ck_3022a46974f5d7b5,2026-04-06 04:45:58,2026-04-09,2026-04-10,0
ck_74b067b0cd6ac72a,2025-08-12 13:59:29,2026-04-09,2026-04-10,0
ck_bdb51bf90f375efc,2026-04-08 18:48:51,2026-04-09,2026-04-10,0
ck_ce1ed6904a13bfa8,2026-02-19 21:02:53,2026-04-09,2026-04-10,0
ck_a5bc022284803858,2026-04-08 02:28:10,2026-04-09,2026-04-10,1
ck_7d725826b1529ab8,2026-01-10 04:14:11,2026-04-09,2026-04-10,0
ck_9f0dad98f9ab6c23,2026-03-19 07:40:54,2026-04-09,2026-04-10,0
ck_533b6e860492ba94,2026-01-04 13:46:43,2026-04-09,2026-04-10,0
ck_23f6c02b2c208ace,2025-12-21 02:15:39,2026-04-09,2026-04-10,0
ck_1e86019b03528837,2025-10-02 12:21:16,2026-04-09,2026-04-10,0
ck_8d51d48a3ef14ea0,2025-10-15 21:34:52,2026-04-09,2026-04-10,0
ck_33effe1bc64f17f5,2025-12-04 14:32:09,2026-04-09,2026-04-10,0
ck_d096a90e1b2b04bc,2026-03-20 08:15:57,2026-04-09,2026-04-10,0
ck_7c7a01fd26f0f5a1,2026-01-18 07:55:13,2026-04-09,2026-04-10,0
ck_dc42c476ad05139a,2026-01-07 13:25:37,2026-04-09,2026-04-10,0
ck_98e1106cd447cabb,2026-03-13 15:52:48,2026-04-09,2026-04-10,0
ck_bf9285f3f3a98fa1,2026-03-05 04:20:36,2026-04-09,2026-04-10,0
ck_b6fb7b1ae882f831,2025-09-02 09:42:09,2026-04-09,2026-04-10,0
ck_aa41b2a0a980be36,2026-04-07 00:41:12,2026-04-09,2026-04-10,0
ck_2a9b676a05e49361,2026-01-18 19:35:24,2026-04-09,2026-04-10,0
ck_587128ffca82581e,2026-01-25 08:00:33,2026-04-09,2026-04-10,0
ck_dd68e1f197d8bb56,2026-04-08 14:12:54,2026-04-09,2026-04-10,0
ck_18bb0ac634863c4e,2026-02-13 08:06:15,2026-04-09,2026-04-10,0
ck_d493e999958d85af,2026-04-08 02:28:34,2026-04-09,2026-04-10,1
ck_8f322102b421d396,2026-04-07 10:26:17,2026-04-09,2026-04-10,1
ck_7df5d8c383dd99e8,2025-06-12 12:15:04,2026-04-09,2026-04-10,0
ck_2a671388f37a394d,2026-02-03 06:29:38,2026-04-09,2026-04-10,0
ck_b2b058145b23a04a,2025-12-30 14:49:30,2026-04-09,2026-04-10,0
ck_2b20cb42ffba0c2f,2026-03-05 05:18:38,2026-04-09,2026-04-10,0
ck_f97f72ee322fd37a,2026-04-06 20:20:53,2026-04-09,2026-04-10,1
ck_d95871c9c8294380,2026-03-24 09:23:24,2026-04-09,2026-04-10,0
ck_b3b92ebbfb1ce3c8,2026-04-06 18:52:56,2026-04-09,2026-04-10,0
ck_9b2bba29f5753f50,2026-01-16 04:45:49,2026-04-09,2026-04-10,0
ck_0272418442cca4ae,2026-04-08 19:08:21,2026-04-09,2026-04-10,0
ck_6d950ae45fb70d7e,2026-01-03 13:33:18,2026-04-09,2026-04-10,0
ck_bffa71201be0baaf,2026-03-07 00:38:29,2026-04-09,2026-04-10,0
ck_c0e9d4a13a5fb8f4,2026-02-03 21:14:36,2026-04-09,2026-04-10,0
ck_130dd919fa53eff6,2026-04-08 15:37:17,2026-04-09,2026-04-10,0
ck_94e85cc876bb7497,2026-02-13 09:29:02,2026-04-09,2026-04-10,0
ck_fca31c210090c1fb,2025-11-22 22:10:06,2026-04-09,2026-04-10,0
ck_c8c390c9438f2670,2026-01-30 05:05:26,2026-04-09,2026-04-10,0
ck_6a7d6a89368fc496,2026-04-08 10:01:08,2026-04-09,2026-04-10,0
ck_85cbb52b1a75e4cf,2025-12-11 03:37:58,2026-04-09,2026-04-10,0
ck_441c6f2d319873e2,2026-02-12 07:53:44,2026-04-09,2026-04-10,0
ck_c0a9a9abc0821eaa,2026-02-22 12:44:34,2026-04-09,2026-04-10,0
ck_02e62e6aa0fdbc18,2026-01-04 07:27:26,2026-04-09,2026-04-10,0
ck_eaec3127c2ad7c11,2025-11-18 04:37:49,2026-04-09,2026-04-10,0
ck_891eeef735bc3f6d,2026-04-08 01:59:39,2026-04-09,2026-04-10,0
ck_29152a8f55692891,2025-08-16 06:25:52,2026-04-09,2026-04-10,0
ck_101d1ee97555cefe,2026-03-09 07:09:01,2026-04-09,2026-04-10,0
ck_11090d87555f9f70,2026-01-04 10:27:53,2026-04-09,2026-04-10,0
ck_c74c8c8a739644a3,2026-03-15 08:21:13,2026-04-09,2026-04-10,0
ck_9ffdf2ddf0d38701,2026-03-27 07:01:21,2026-04-09,2026-04-10,0
ck_5ac3a0e5cf9912bd,2026-04-08 20:45:39,2026-04-09,2026-04-10,0
ck_311027d2738ae219,2026-03-19 11:51:49,2026-04-09,2026-04-10,0
ck_6171951089fb45a4,2026-01-22 12:44:51,2026-04-09,2026-04-10,0
ck_3c13288377baf209,2025-10-19 07:46:28,2026-04-09,2026-04-10,0
ck_0f541c2f81976ad6,2026-04-08 12:15:21,2026-04-09,2026-04-10,0
ck_e03ab596cdd0d322,2026-02-23 21:51:34,2026-04-09,2026-04-10,0
ck_de15ab9dfabdcb7e,2025-12-11 08:43:39,2026-04-09,2026-04-10,0
ck_c10800559641b947,2026-01-01 11:09:07,2026-04-09,2026-04-10,0
ck_9899693531301e12,2026-03-23 10:35:52,2026-04-09,2026-04-10,0
ck_5f67aeee9076adc4,2026-02-16 20:39:30,2026-04-09,2026-04-10,0
ck_fc3cfd6fc9750c91,2026-01-03 22:25:16,2026-04-09,2026-04-10,1
ck_39b2c4e940a6396c,2026-04-08 00:55:28,2026-04-09,2026-04-10,0
ck_21702d81ce36057f,2026-01-07 19:36:49,2026-04-09,2026-04-10,0
ck_658481e37e760404,2025-12-07 00:12:44,2026-04-09,2026-04-10,0
ck_f9402f8383819833,2026-04-06 15:57:53,2026-04-09,2026-04-10,1
ck_813f46b638693945,2026-02-27 19:56:48,2026-04-09,2026-04-10,0
ck_66aa8f504b315d31,2025-11-30 22:18:05,2026-04-09,2026-04-10,0
ck_c5b704ff8eaf219f,2026-01-13 09:47:11,2026-04-09,2026-04-10,0
ck_da37761c486d1a0a,2026-04-08 11:35:30,2026-04-09,2026-04-10,1
ck_bc22610bd8b1b053,2026-04-06 18:30:20,2026-04-09,2026-04-10,0
ck_48146a76f089d518,2026-03-29 09:19:55,2026-04-09,2026-04-10,0
ck_689e19fb831dc78b,2025-11-02 17:14:52,2026-04-09,2026-04-10,0
ck_ff61d8701342c78d,2025-12-25 08:30:59,2026-04-09,2026-04-10,0
ck_1726dbbe1a4355a8,2025-12-29 17:10:56,2026-04-09,2026-04-10,0
ck_424a7ec080548770,2026-02-22 21:26:50,2026-04-09,2026-04-10,0
ck_3ff785edbb512533,2025-10-03 16:36:48,2026-04-09,2026-04-10,0
ck_23e4e5831a884dab,2026-03-06 20:18:28,2026-04-09,2026-04-10,1
ck_40506d4b98351a2b,2026-02-24 18:00:25,2026-04-09,2026-04-10,0
ck_0da6e0f2a9fdc77b,2026-04-06 14:46:19,2026-04-09,2026-04-10,0
ck_09230a7c3a38f5a1,2025-12-04 00:22:09,2026-04-09,2026-04-10,0
ck_356251ff670e69e9,2026-03-03 18:55:13,2026-04-09,2026-04-10,0
ck_ee4284ec8b85533e,2026-04-08 20:03:11,2026-04-09,2026-04-10,0
ck_53f2cc2367cd74e5,2026-03-15 15:44:53,2026-04-09,2026-04-10,0
ck_c7056b3878c4fb64,2026-01-26 20:17:55,2026-04-09,2026-04-10,0
ck_55986ec4ed7a5a66,2026-04-08 15:57:42,2026-04-09,2026-04-10,0
ck_c5643d7c3027b4fc,2026-03-14 02:05:59,2026-04-09,2026-04-10,0
ck_2b3804d3b6b2f951,2025-11-06 02:11:24,2026-04-09,2026-04-10,0
ck_1975d58c7aca08e9,2026-04-08 17:12:46,2026-04-09,2026-04-10,0
ck_a1b81080c71c5588,2026-02-19 12:43:04,2026-04-09,2026-04-10,0
ck_d6a28e35d07bbd40,2025-10-04 21:48:33,2026-04-09,2026-04-10,0
ck_197e4c3f1dd9fc31,2026-04-08 07:13:59,2026-04-09,2026-04-10,0
ck_008ed1631c1bf43b,2026-04-08 14:30:31,2026-04-09,2026-04-10,0
ck_1e4c2760f245e2fd,2026-01-07 13:33:03,2026-04-09,2026-04-10,0
ck_8d4406375eec5cf6,2026-04-07 12:03:49,2026-04-09,2026-04-10,0
ck_3b545d1cd366cbd6,2026-03-03 06:03:24,2026-04-09,2026-04-10,0
ck_6dfb685abeb39cc4,2025-12-09 09:00:57,2026-04-09,2026-04-10,0
ck_a1c0832a3bf15b22,2026-04-08 08:17:38,2026-04-09,2026-04-10,1
ck_bcd7696e71489dfe,2026-02-13 09:04:40,2026-04-09,2026-04-10,1
ck_214db01033aea46d,2026-04-05 20:34:27,2026-04-09,2026-04-10,0
ck_dcbf3b4c40771c4d,2025-10-08 15:51:20,2026-04-09,2026-04-10,0
ck_b8836227ea21753f,2026-01-20 17:49:16,2026-04-09,2026-04-10,0
ck_86b43210928b1001,2025-09-25 14:28:13,2026-04-09,2026-04-10,0
ck_add816a4d6fde560,2026-03-22 19:28:56,2026-04-09,2026-04-10,0
ck_7b95e2b484cb96d2,2025-12-23 22:00:55,2026-04-09,2026-04-10,0
ck_03b9caf2781409ed,2026-03-14 10:23:07,2026-04-09,2026-04-10,0
ck_05fa5d34e8aa76f3,2025-09-19 09:50:29,2026-04-09,2026-04-10,0
ck_d4a13e2067ed3b5b,2025-12-02 05:02:30,2026-04-09,2026-04-10,0
ck_43a26b3f6d51c405,2026-04-08 15:28:51,2026-04-09,2026-04-10,0
ck_d477b5f808598d01,2025-11-23 13:37:48,2026-04-09,2026-04-10,0
ck_7b745c25deb35465,2026-01-06 12:36:44,2026-04-09,2026-04-10,0
ck_17bb2c4e6634f390,2026-01-31 04:30:17,2026-04-09,2026-04-10,0
ck_91715a2dc2fd2170,2026-04-08 20:39:00,2026-04-09,2026-04-10,0
ck_63ba462ce1f8b14f,2026-04-08 20:35:08,2026-04-09,2026-04-10,1
ck_f0ca7e46c45c4504,2026-04-08 08:05:06,2026-04-09,2026-04-10,0
ck_33e73a6cf27d68ae,2025-10-05 19:52:26,2026-04-09,2026-04-10,0
ck_0c426ca221e592b0,2026-04-06 06:39:44,2026-04-09,2026-04-10,0
ck_9a8ae051aef6a6ec,2026-03-08 20:35:45,2026-04-09,2026-04-10,0
ck_df35f76823487f8d,2026-03-31 17:03:35,2026-04-09,2026-04-10,0
ck_c338058fbc29d147,2026-01-31 19:28:19,2026-04-09,2026-04-10,0
ck_9fb299108bba422d,2025-11-30 12:25:47,2026-04-09,2026-04-10,0
ck_63669cf915bf2562,2025-10-29 05:10:56,2026-04-09,2026-04-10,0
ck_c27bc8e522b797f2,2025-09-01 04:45:37,2026-04-09,2026-04-10,0
ck_8068949b3c822a71,2025-11-18 21:46:24,2026-04-09,2026-04-10,0
ck_0b3435fcedd59e41,2025-10-14 23:23:58,2026-04-09,2026-04-10,0
ck_9409cac6e462d911,2026-02-15 17:18:53,2026-04-09,2026-04-10,0
ck_412a50d51cb181d6,2026-03-01 12:56:03,2026-04-09,2026-04-10,0
ck_0cb1f7ebfdaaf52e,2025-11-10 06:22:12,2026-04-09,2026-04-10,0
ck_43219123236e7213,2026-01-11 12:05:45,2026-04-09,2026-04-10,0
ck_76d699b562cbe81a,2026-03-14 18:14:06,2026-04-09,2026-04-10,0
ck_a8f07e72eb58722c,2026-04-06 09:37:35,2026-04-09,2026-04-10,0
ck_9d45e132879d700b,2026-04-08 16:46:39,2026-04-09,2026-04-10,0
ck_52a3b73e55956647,2026-04-08 13:48:44,2026-04-09,2026-04-10,0
ck_546a04c9707c3fc2,2026-03-06 23:54:13,2026-04-09,2026-04-10,0
ck_8b0fd73937d5bbd4,2025-11-23 10:59:54,2026-04-09,2026-04-10,0
ck_7139ab68a4992a33,2026-04-05 18:21:08,2026-04-09,2026-04-10,0
ck_bcac6b772dd9a9d9,2026-01-04 10:21:43,2026-04-09,2026-04-10,0
ck_b6b4706fb180833c,2026-01-17 16:11:38,2026-04-09,2026-04-10,1
ck_72962d8e46f0e4ab,2026-01-09 00:31:05,2026-04-09,2026-04-10,1
ck_4d912095278fbc02,2026-01-22 13:35:39,2026-04-09,2026-04-10,0
ck_e14271a0409a2fd6,2026-01-07 13:52:53,2026-04-09,2026-04-10,0
ck_1a7aec7bc519bfff,2026-02-24 19:42:55,2026-04-09,2026-04-10,0
ck_17d426483c79bed9,2026-04-06 11:37:12,2026-04-09,2026-04-10,0
ck_d365b56525fc6790,2026-03-24 23:20:23,2026-04-09,2026-04-10,0
ck_9c55fe2bc11ffd5c,2025-12-19 02:54:55,2026-04-09,2026-04-10,0
ck_4455bcdbc815c820,2026-02-05 06:51:00,2026-04-09,2026-04-10,0
ck_d84f340efca6c35d,2026-02-08 22:54:16,2026-04-09,2026-04-10,0
ck_2979bd7b50bc0483,2025-09-12 18:25:28,2026-04-09,2026-04-10,0
ck_10b159d91b1a837a,2026-04-06 03:10:57,2026-04-09,2026-04-10,0
ck_34f6a725b82bc5a6,2026-01-31 09:48:38,2026-04-09,2026-04-10,0
ck_4959b6ca7813f125,2026-02-11 08:04:54,2026-04-09,2026-04-10,0
ck_b2ef201a31dd5915,2026-02-22 18:48:41,2026-04-09,2026-04-10,0
ck_991b3556d87c5b2b,2026-01-21 13:26:13,2026-04-09,2026-04-10,0
ck_0b0b9d70f4c84f2a,2026-04-08 04:20:33,2026-04-09,2026-04-10,0
ck_bbbf08aea61d9959,2026-03-12 13:50:30,2026-04-09,2026-04-10,0
ck_aec0eff535af3c6f,2026-03-21 04:13:09,2026-04-09,2026-04-10,0
ck_84299e6ef4c1d220,2025-12-24 21:02:49,2026-04-09,2026-04-10,1
ck_3e9d1cea6cf5a73e,2026-01-18 15:29:34,2026-04-09,2026-04-10,0
ck_87af715403982068,2026-01-01 15:57:04,2026-04-09,2026-04-10,0
ck_d4d2a837e4ea5d15,2025-12-09 08:30:16,2026-04-09,2026-04-10,0
ck_8cfdad6d2324806d,2026-04-08 07:03:39,2026-04-09,2026-04-10,0
ck_972973fd7bd6935b,2026-01-05 02:25:28,2026-04-09,2026-04-10,0
ck_4ac2c95b05979f05,2026-04-08 18:34:58,2026-04-09,2026-04-10,0
ck_ca18212fa652b636,2026-04-08 05:25:14,2026-04-09,2026-04-10,0
ck_6539f037ee7479c9,2026-04-08 15:47:39,2026-04-09,2026-04-10,0
ck_44930d0c40ae3218,2025-11-17 10:25:15,2026-04-09,2026-04-10,0
ck_da4e15de7b833987,2026-02-09 14:28:15,2026-04-09,2026-04-10,0
ck_74f41a1dbd3b6590,2025-12-11 17:09:45,2026-04-09,2026-04-10,0
ck_ac381cee64705127,2026-04-08 21:10:47,2026-04-09,2026-04-10,0
ck_d30d952ff4822346,2025-08-18 12:10:50,2026-04-09,2026-04-10,0
ck_baf5fedb6ca023dc,2026-04-08 08:34:20,2026-04-09,2026-04-10,0
ck_9f6ea5dcd623a4eb,2026-02-05 12:51:04,2026-04-09,2026-04-10,0
ck_9c7fe1080ed778ca,2026-03-23 04:21:12,2026-04-09,2026-04-10,0
ck_775254bd41fc6e7a,2026-04-08 06:35:38,2026-04-09,2026-04-10,0
ck_69dcf3d1cba0136f,2026-04-07 05:11:35,2026-04-09,2026-04-10,1
ck_89f7f933c8775066,2025-10-05 01:17:01,2026-04-09,2026-04-10,0
ck_b3439b169f976b79,2025-11-22 09:59:54,2026-04-09,2026-04-10,0
ck_cf0641b9e483a230,2025-09-30 22:19:27,2026-04-09,2026-04-10,0
ck_85f0b4e0178ca0a0,2025-11-20 07:09:31,2026-04-09,2026-04-10,0
ck_fce1b056f8576e8d,2026-01-30 03:28:18,2026-04-09,2026-04-10,0
ck_46d20c97d5bf77e6,2026-01-12 20:25:54,2026-04-09,2026-04-10,0
ck_63836b01f2c3c3ad,2025-12-13 02:16:42,2026-04-09,2026-04-10,0
ck_72ff80473d0283ee,2025-11-20 23:20:59,2026-04-09,2026-04-10,0
ck_91e8d315ae5a1616,2026-03-06 02:35:10,2026-04-09,2026-04-10,0
ck_b5c5fd968a90cd1f,2026-01-02 03:37:58,2026-04-09,2026-04-10,0
ck_c2e470d0125ef9a4,2026-02-17 11:51:41,2026-04-09,2026-04-10,0
ck_80e2488df8e3f87d,2026-01-23 17:13:42,2026-04-09,2026-04-10,0
ck_2877005b86f62017,2025-12-03 23:44:10,2026-04-09,2026-04-10,0
ck_240d47f7f4ca06f6,2026-03-20 22:50:18,2026-04-09,2026-04-10,0
ck_fedc4026f92a454c,2026-02-04 05:47:38,2026-04-09,2026-04-10,0
ck_2d370db04501436b,2026-03-04 11:39:51,2026-04-09,2026-04-10,0
ck_d632721dd5bd7f26,2026-02-19 23:29:53,2026-04-09,2026-04-10,0
ck_4367fb91f5cbd3a1,2026-04-08 02:11:04,2026-04-09,2026-04-10,0
ck_94ee69225d5a2ce4,2026-04-06 09:21:46,2026-04-09,2026-04-10,0
ck_4c63e95d0903a5ba,2026-01-16 11:54:26,2026-04-09,2026-04-10,0
ck_648031f0cf72775d,2026-04-07 12:23:04,2026-04-09,2026-04-10,0
ck_aa9bd2817b9a49f8,2025-11-26 18:23:02,2026-04-09,2026-04-10,0
ck_944b6ff279e7da29,2025-09-18 00:33:27,2026-04-09,2026-04-10,0
ck_43f5d183b802eebc,2026-03-01 16:37:22,2026-04-09,2026-04-10,1
ck_e053128e090da81f,2026-01-31 20:12:03,2026-04-09,2026-04-10,0
ck_185d82d0c819f40b,2026-04-08 01:48:56,2026-04-09,2026-04-10,0
ck_3464eb158169a186,2025-10-05 10:45:55,2026-04-09,2026-04-10,0
ck_1897e658f08b2b09,2026-03-29 16:19:20,2026-04-09,2026-04-10,0
ck_25a40246d2d1a9aa,2026-01-02 07:58:05,2026-04-09,2026-04-10,0
ck_e7a260a1d0c6c06e,2025-10-12 04:55:27,2026-04-09,2026-04-10,0
ck_42c3ee43e813e617,2026-01-29 14:49:42,2026-04-09,2026-04-10,0
ck_eee63ee418bf8e58,2026-04-08 11:45:17,2026-04-09,2026-04-10,0
ck_4ee5b39351c69f7a,2026-02-03 15:30:40,2026-04-09,2026-04-10,0
ck_b895815ca85cc9e6,2026-02-21 23:21:05,2026-04-09,2026-04-10,0
ck_23b5622adbb84cbe,2026-03-10 20:36:30,2026-04-09,2026-04-10,0
ck_11a73ff71566792a,2026-02-07 13:29:01,2026-04-09,2026-04-10,0
ck_29104ce166d5ab89,2026-02-12 03:50:25,2026-04-09,2026-04-10,0
ck_f13ed188048757e6,2026-03-25 03:20:36,2026-04-09,2026-04-10,0
ck_f7fb983fe41a3336,2026-04-04 22:07:32,2026-04-09,2026-04-10,0
ck_d30cebc46b699d41,2026-03-11 13:17:01,2026-04-09,2026-04-10,0
ck_78d6dd54f1c7e733,2025-11-05 01:47:24,2026-04-09,2026-04-10,0
ck_98d5e345c6096abf,2026-01-24 12:31:24,2026-04-09,2026-04-10,0
ck_844ede6402416c9c,2025-11-13 01:21:59,2026-04-09,2026-04-10,0
ck_7d478849951e08a6,2025-10-04 15:30:06,2026-04-09,2026-04-10,0
ck_f36a245e819981c4,2025-12-18 02:30:48,2026-04-09,2026-04-10,0
ck_4bbb1e54198a6b61,2026-04-07 13:39:34,2026-04-09,2026-04-10,0
ck_a7ee40c888cb0721,2026-02-05 13:00:04,2026-04-09,2026-04-10,1
ck_6f21ab8a49ab382f,2025-12-03 13:34:22,2026-04-09,2026-04-10,0
ck_06571020264dc920,2026-02-22 14:33:15,2026-04-09,2026-04-10,0
ck_5df9599d25a2fdd4,2026-01-25 01:24:20,2026-04-09,2026-04-10,0
ck_4a1dc725b8559b58,2026-04-06 03:39:26,2026-04-09,2026-04-10,0
ck_cd6be0d2678bfa0a,2025-12-21 02:00:29,2026-04-09,2026-04-10,0
ck_3864ae060b171994,2025-12-29 23:20:23,2026-04-09,2026-04-10,0
ck_7134e9739a1f3255,2026-02-04 18:25:12,2026-04-09,2026-04-10,0
ck_7951fb1fbc560b2e,2026-03-07 20:47:20,2026-04-09,2026-04-10,0
ck_d37aa0bac24d57a8,2026-03-18 01:50:39,2026-04-09,2026-04-10,0
ck_14fdf33917f13f6e,2026-01-01 12:30:19,2026-04-09,2026-04-10,0
ck_ddf20eb56eb48bf1,2026-01-31 05:22:45,2026-04-09,2026-04-10,0
ck_372198d4b55690f8,2026-01-15 01:01:42,2026-04-09,2026-04-10,0
ck_3b3b0583208cc10b,2026-01-12 11:57:37,2026-04-09,2026-04-10,0
ck_e989c4f4de12d0ee,2026-03-04 05:45:35,2026-04-09,2026-04-10,0
ck_0cae1316c93320b2,2026-01-31 19:53:14,2026-04-09,2026-04-10,0
ck_f673c4412e17fd7d,2026-04-08 00:19:45,2026-04-09,2026-04-10,1
ck_f52819f83a65e986,2026-01-19 10:10:50,2026-04-09,2026-04-10,0
ck_aaf33c1e46519aa2,2026-04-07 11:35:24,2026-04-09,2026-04-10,0
ck_7399feaedfb94d39,2026-03-07 23:11:22,2026-04-09,2026-04-10,0
ck_6f49c028c3d85533,2026-02-04 03:08:04,2026-04-09,2026-04-10,0
ck_f2f1ab65ead03321,2026-01-11 14:46:54,2026-04-09,2026-04-10,0
ck_e9e34b314954389d,2026-04-07 23:34:15,2026-04-09,2026-04-10,1
ck_b485baae61baec3c,2025-12-21 07:02:11,2026-04-09,2026-04-10,0
ck_dc8f78851b4d9f12,2026-03-04 16:28:57,2026-04-09,2026-04-10,1
ck_657a34dffef370ea,2026-04-08 05:26:24,2026-04-09,2026-04-10,0
ck_cb3601cae266d209,2026-03-24 13:19:31,2026-04-09,2026-04-10,0
ck_186377c0ca535319,2026-03-13 22:33:54,2026-04-09,2026-04-10,0
ck_e42c79ed5ad8dead,2025-12-25 10:05:02,2026-04-09,2026-04-10,0
ck_96c32d2771cd7d0d,2025-07-21 01:51:24,2026-04-09,2026-04-10,0
ck_5c4d9377790c365a,2025-11-14 16:52:06,2026-04-09,2026-04-10,1
ck_ad3d560c7e6cdad4,2026-03-10 00:23:53,2026-04-09,2026-04-10,0
ck_6a708136afe9fafa,2026-03-26 07:40:23,2026-04-09,2026-04-10,0
ck_de8c8444a10ddcd4,2026-02-27 14:57:02,2026-04-09,2026-04-10,0
ck_fd619e499c16dad2,2026-01-13 11:41:41,2026-04-09,2026-04-10,0
ck_ea7d99ba95b3f943,2025-12-07 01:49:47,2026-04-09,2026-04-10,0
ck_66c0941089bdcb41,2026-01-19 08:32:14,2026-04-09,2026-04-10,0
ck_6543fc3d4322dae8,2026-01-29 23:10:04,2026-04-09,2026-04-10,0
ck_dba671b195ae42ea,2026-04-08 20:11:49,2026-04-09,2026-04-10,1
ck_01f180688e35c2a5,2026-01-21 17:58:57,2026-04-09,2026-04-10,0
ck_df1a8a37a628fdb7,2025-12-14 23:45:02,2026-04-09,2026-04-10,0
ck_d3ea6e90145c373e,2025-09-23 12:01:04,2026-04-09,2026-04-10,0
ck_3484a739ac600e9a,2026-02-26 15:21:02,2026-04-09,2026-04-10,0
ck_876a7d5857022016,2026-02-26 17:57:44,2026-04-09,2026-04-10,0
ck_c276cfd214684ed7,2026-03-19 14:22:01,2026-04-09,2026-04-10,0
ck_63afc1eedc208893,2026-03-24 08:20:29,2026-04-09,2026-04-10,0
ck_71bfa2899ecb5569,2026-04-07 14:08:43,2026-04-09,2026-04-10,0
ck_11b757df208672c0,2026-01-26 12:40:45,2026-04-09,2026-04-10,0
ck_8bd4105467df62e7,2026-02-03 01:04:29,2026-04-09,2026-04-10,0
ck_5e13d4b5a4e8157f,2026-04-08 21:03:13,2026-04-09,2026-04-10,1
ck_d6f8292616bf0fe0,2026-01-11 19:07:15,2026-04-09,2026-04-10,0
ck_ba6c04ffe9a13ee7,2026-04-07 01:34:03,2026-04-09,2026-04-10,0
ck_edda022f4e52f48e,2026-02-21 15:26:24,2026-04-10,2026-04-11,0
ck_5c25405507f15d96,2026-02-04 09:00:23,2026-04-10,2026-04-11,0
ck_2130a87ad29c6027,2025-12-15 03:56:54,2026-04-10,2026-04-11,0
ck_08742681fe21bb43,2026-02-07 09:50:08,2026-04-10,2026-04-11,0
ck_6e1c9713a75400cf,2025-07-13 15:07:11,2026-04-10,2026-04-11,0
ck_0b487b809de5354e,2026-04-09 03:17:30,2026-04-10,2026-04-11,0
ck_31aa71304df82b90,2026-01-28 15:42:45,2026-04-10,2026-04-11,0
ck_bfe0ee2fa0644035,2026-02-20 12:14:22,2026-04-10,2026-04-11,1
ck_a5ced9c36783150b,2026-03-12 04:02:09,2026-04-10,2026-04-11,0
ck_2a15a1b6b14b689f,2026-04-08 21:01:04,2026-04-10,2026-04-11,0
ck_e386991e0161279f,2026-04-09 19:56:29,2026-04-10,2026-04-11,0
ck_244ba902aa7f2cc0,2026-03-31 02:45:52,2026-04-10,2026-04-11,0
ck_eee22f0a6340ea0f,2025-12-20 05:51:14,2026-04-10,2026-04-11,0
ck_464ddd1f279b630d,2026-02-10 21:28:02,2026-04-10,2026-04-11,0
ck_4d1e654e35d2cf3f,2026-04-07 18:50:04,2026-04-10,2026-04-11,0
ck_94af99ea5c1e6b1e,2026-03-13 21:47:03,2026-04-10,2026-04-11,0
ck_9290c84303c6630c,2026-01-05 23:18:27,2026-04-10,2026-04-11,0
ck_6fa4993b489312d9,2025-10-05 14:42:10,2026-04-10,2026-04-11,0
ck_1f0624cecdd920ea,2026-02-26 02:56:22,2026-04-10,2026-04-11,0
ck_790590dbd13ece5c,2025-12-30 20:54:30,2026-04-10,2026-04-11,0
ck_d7d09af1633d327b,2026-04-09 06:08:13,2026-04-10,2026-04-11,0
ck_69c284fb30e313b3,2026-01-04 03:03:28,2026-04-10,2026-04-11,0
ck_d877ffa4632cb72c,2026-04-08 19:59:53,2026-04-10,2026-04-11,1
ck_9fbf6ecaf9f898f4,2026-01-26 16:48:27,2026-04-10,2026-04-11,0
ck_76791696e258fe54,2026-04-09 08:27:26,2026-04-10,2026-04-11,0
ck_cf90e16af86ab6d2,2025-05-16 03:06:05,2026-04-10,2026-04-11,0
ck_775ee48cc1c32240,2026-01-11 05:07:01,2026-04-10,2026-04-11,0
ck_5ca08a061857d4f9,2025-09-18 17:18:30,2026-04-10,2026-04-11,0
ck_2d738d0c729a5496,2026-01-11 05:56:41,2026-04-10,2026-04-11,0
ck_979f17bd1d86bc2c,2026-04-09 10:54:02,2026-04-10,2026-04-11,1
ck_9cd408c3c8fa98c3,2026-04-09 09:20:30,2026-04-10,2026-04-11,0
ck_8ef2249024b7162f,2026-02-02 20:58:31,2026-04-10,2026-04-11,0
ck_d3fdf46961a1045d,2025-10-31 18:33:28,2026-04-10,2026-04-11,0
ck_23329ca023a97cf0,2026-04-09 21:28:49,2026-04-10,2026-04-11,0
ck_b3d182fe4bdd8114,2026-01-19 07:36:59,2026-04-10,2026-04-11,0
ck_4516a2bf0b3d4efe,2025-11-15 07:56:11,2026-04-10,2026-04-11,0
ck_b38c1c266506ba45,2026-02-25 16:49:22,2026-04-10,2026-04-11,0
ck_235bb90eef9d25fd,2025-11-27 10:00:24,2026-04-10,2026-04-11,1
ck_56f6b4027e069c34,2025-06-24 06:03:59,2026-04-10,2026-04-11,0
ck_cce2c31399497b7b,2026-04-09 13:10:25,2026-04-10,2026-04-11,0
ck_a6426798cd31b026,2026-01-29 18:40:43,2026-04-10,2026-04-11,0
ck_77f3f944bafedec7,2026-02-11 07:01:12,2026-04-10,2026-04-11,0
ck_380ba165f904972f,2026-02-04 06:21:11,2026-04-10,2026-04-11,0
ck_770ecaca29822eb1,2026-01-09 21:21:54,2026-04-10,2026-04-11,0
ck_37c505d3b131f98c,2026-03-09 16:14:02,2026-04-10,2026-04-11,0
ck_b9f788d1e5af2ce6,2026-04-08 14:24:34,2026-04-10,2026-04-11,0
ck_71a35660cece4ff5,2026-03-13 00:45:46,2026-04-10,2026-04-11,0
ck_066874a8398bb5d5,2026-03-03 03:16:23,2026-04-10,2026-04-11,0
ck_c2aef43a906bd12f,2025-12-25 00:16:33,2026-04-10,2026-04-11,0
ck_a1d815e689d6348f,2026-01-07 10:28:20,2026-04-10,2026-04-11,0
ck_10b9fea4eafc3783,2026-04-08 04:23:18,2026-04-10,2026-04-11,1
ck_dcf2454143340acd,2026-04-09 23:06:32,2026-04-10,2026-04-11,0
ck_eb07245f3f1b517d,2026-04-09 09:09:06,2026-04-10,2026-04-11,0
ck_d980c060b187d92a,2026-01-22 18:51:54,2026-04-10,2026-04-11,0
ck_a9be25417d7f5910,2026-02-17 00:41:37,2026-04-10,2026-04-11,0
ck_4af824883d103e60,2025-11-27 19:12:39,2026-04-10,2026-04-11,1
ck_3c3dd3b89c2a6c33,2026-01-30 04:46:54,2026-04-10,2026-04-11,0
ck_dfae4985f833963b,2026-01-05 23:09:17,2026-04-10,2026-04-11,0
ck_eef6d8bdc5ef89b1,2026-03-11 21:26:03,2026-04-10,2026-04-11,0
ck_19d3ec247e39bf1c,2026-03-15 04:04:06,2026-04-10,2026-04-11,0
ck_5780c50ad9d4debd,2025-11-26 17:06:41,2026-04-10,2026-04-11,0
ck_d878be5bffac3854,2026-02-14 10:18:58,2026-04-10,2026-04-11,0
ck_ba1a7b62e6c643cd,2026-02-17 20:05:56,2026-04-10,2026-04-11,0
ck_afc06da7bb69e6b7,2025-10-09 15:47:05,2026-04-10,2026-04-11,0
ck_cb8eb1a407983b18,2026-01-30 15:53:37,2026-04-10,2026-04-11,0
ck_eb365c7124606865,2025-12-27 10:53:32,2026-04-10,2026-04-11,0
ck_bde55ca92d42132b,2026-01-01 00:29:32,2026-04-10,2026-04-11,0
ck_9833871c2969344e,2025-12-08 14:18:29,2026-04-10,2026-04-11,1
ck_a4461e0f0e026183,2026-04-07 06:08:20,2026-04-10,2026-04-11,0
ck_9e7d77d04c90c488,2026-03-14 05:37:04,2026-04-10,2026-04-11,0
ck_7beb787af1432fc4,2026-04-09 18:42:54,2026-04-10,2026-04-11,0
ck_52a1e9affe443d67,2026-02-18 18:30:20,2026-04-10,2026-04-11,0
ck_54e083f73892e527,2026-03-04 17:43:51,2026-04-10,2026-04-11,0
ck_aea83a93773adf88,2026-04-09 22:32:23,2026-04-10,2026-04-11,1
ck_c93681a35e7200c2,2026-01-03 05:39:12,2026-04-10,2026-04-11,0
ck_d3ba4c2c8fee7b6f,2026-03-30 05:45:05,2026-04-10,2026-04-11,0
ck_e3456586a3648ae6,2025-11-23 12:16:55,2026-04-10,2026-04-11,0
ck_39d9c2ade6a87da7,2025-11-26 15:19:08,2026-04-10,2026-04-11,0
ck_b8ef7346fee02c8b,2026-01-28 07:32:36,2026-04-10,2026-04-11,1
ck_408794b966cbc1bb,2026-02-16 17:37:58,2026-04-10,2026-04-11,0
ck_d4d873e268010b8a,2026-03-08 18:58:57,2026-04-10,2026-04-11,0
ck_321b85e69056f657,2026-04-03 11:57:37,2026-04-10,2026-04-11,0
ck_ab714a9fc51a1614,2025-07-13 08:36:37,2026-04-10,2026-04-11,0
ck_1f1d3341d17f42b0,2026-04-06 11:39:10,2026-04-10,2026-04-11,0
ck_d560a9a1588c4bdf,2026-01-30 10:25:30,2026-04-10,2026-04-11,0
ck_6394db749155a1f7,2026-04-09 00:19:31,2026-04-10,2026-04-11,0
ck_53f97f10aa8cc168,2026-04-09 07:16:33,2026-04-10,2026-04-11,0
ck_5fae8a7b725d99cb,2026-02-10 19:06:34,2026-04-10,2026-04-11,0
ck_6ac71471814e61ff,2026-04-03 05:12:26,2026-04-10,2026-04-11,0
ck_f0a17ada438465dd,2026-01-26 14:55:46,2026-04-10,2026-04-11,0
ck_114f8dee722070a0,2026-03-26 01:19:09,2026-04-10,2026-04-11,1
ck_102d997a1fdfc854,2026-02-24 06:01:14,2026-04-10,2026-04-11,0
ck_21e33b71c4f5164a,2026-03-02 01:42:19,2026-04-10,2026-04-11,0
ck_fc65b18d3f719b70,2026-04-09 21:12:00,2026-04-10,2026-04-11,1
ck_6268f17f043517e6,2026-02-23 05:31:02,2026-04-10,2026-04-11,0
ck_6aaa5c5677016d0b,2025-11-03 18:59:16,2026-04-10,2026-04-11,0
ck_826e1168e49399bf,2025-10-24 14:00:18,2026-04-10,2026-04-11,0
ck_f5ed88ec07898104,2026-02-07 00:20:11,2026-04-10,2026-04-11,0
ck_ac232c65bdb50b7f,2026-01-01 16:00:20,2026-04-10,2026-04-11,0
ck_7636de978ae2fbed,2026-04-07 19:00:56,2026-04-10,2026-04-11,1
ck_316d945c7bfd5862,2026-02-25 08:42:57,2026-04-10,2026-04-11,0
ck_4a521a15a70c267f,2026-02-19 01:36:03,2026-04-10,2026-04-11,0
ck_b03361a6b6602e67,2025-12-09 12:40:32,2026-04-10,2026-04-11,0
ck_14b95074759b5906,2026-02-14 06:06:42,2026-04-10,2026-04-11,1
ck_7f5ad5583e0a0794,2026-03-27 04:28:52,2026-04-10,2026-04-11,0
ck_4f236592920d1dbe,2025-10-27 08:43:49,2026-04-10,2026-04-11,0
ck_775a8defeba7d654,2025-12-23 16:59:00,2026-04-10,2026-04-11,0
ck_054b882a9b3e4c3e,2026-02-16 01:23:14,2026-04-10,2026-04-11,0
ck_374563681664a49d,2026-02-05 10:05:26,2026-04-10,2026-04-11,0
ck_5f82fdf77a9ff177,2026-01-09 18:09:45,2026-04-10,2026-04-11,1
ck_a75508dfc9728819,2026-03-19 08:51:14,2026-04-10,2026-04-11,0
ck_141170783b107b5f,2026-03-12 13:47:17,2026-04-10,2026-04-11,0
ck_bfc49c1c61f8fdff,2026-04-08 20:41:50,2026-04-10,2026-04-11,0
ck_499dc43ab67e2dca,2025-11-08 21:25:36,2026-04-10,2026-04-11,0
ck_805bbbcc5172a291,2025-12-27 07:16:04,2026-04-10,2026-04-11,1
ck_bb56b2d405688755,2026-02-17 14:24:55,2026-04-10,2026-04-11,0
ck_dc1f90b2d2bc3a71,2026-01-23 00:06:21,2026-04-10,2026-04-11,0
ck_379cdc104619a67f,2026-03-06 04:27:25,2026-04-10,2026-04-11,0
ck_4377e8a190935f7f,2026-04-08 21:23:49,2026-04-10,2026-04-11,0
ck_be79f5303ec29d17,2026-02-28 06:49:48,2026-04-10,2026-04-11,0
ck_561000daad485da1,2026-02-09 04:40:15,2026-04-10,2026-04-11,0
ck_63562aa5126dc929,2025-12-26 11:58:58,2026-04-10,2026-04-11,0
ck_c62c2ba917bea4da,2025-10-13 01:45:05,2026-04-10,2026-04-11,0
ck_06cc43bb72402859,2026-02-26 11:27:40,2026-04-10,2026-04-11,0
ck_52d7a6289a1b40c0,2026-04-09 20:02:02,2026-04-10,2026-04-11,0
ck_908d7ad65309ea7b,2026-03-20 05:48:47,2026-04-10,2026-04-11,0
ck_eee835d3db651956,2026-04-09 09:54:22,2026-04-10,2026-04-11,0
ck_f90fbb60d51b9041,2025-07-24 13:59:14,2026-04-10,2026-04-11,0
ck_6f84ed48a8b2a6b1,2026-04-07 18:53:16,2026-04-10,2026-04-11,0
ck_87e0162b7086e7af,2026-02-06 04:50:30,2026-04-10,2026-04-11,0
ck_dacef27661b8b9fa,2025-06-10 05:30:19,2026-04-10,2026-04-11,0
ck_b663f0664c5c4af1,2026-01-08 16:26:31,2026-04-10,2026-04-11,0
ck_c8a1cd82ff706d60,2025-12-22 15:43:18,2026-04-10,2026-04-11,0
ck_feca99d570e4de7e,2026-04-08 01:43:37,2026-04-10,2026-04-11,0
ck_04510a090d75f024,2025-11-05 02:40:29,2026-04-10,2026-04-11,0
ck_d93a2d5885b59369,2026-04-07 05:53:24,2026-04-10,2026-04-11,0
ck_12275e3b7445d20d,2026-04-09 12:14:49,2026-04-10,2026-04-11,0
ck_b12d44a36cc4ebf1,2026-01-14 16:19:31,2026-04-10,2026-04-11,0
ck_191bff045a900888,2026-04-09 19:48:41,2026-04-10,2026-04-11,0
ck_e68c02fa41b0f79f,2026-04-07 21:01:39,2026-04-10,2026-04-11,0
ck_ebc6f308b7267f20,2025-12-12 00:38:25,2026-04-10,2026-04-11,0
ck_80303eb1391b9b67,2026-03-13 00:27:09,2026-04-10,2026-04-11,0
ck_bd4e697610e312ef,2026-01-05 03:07:05,2026-04-10,2026-04-11,0
ck_111c6cfe5bfc711e,2026-04-09 20:55:25,2026-04-10,2026-04-11,0
ck_ab4eddb5332204d6,2026-02-10 01:23:38,2026-04-10,2026-04-11,0
ck_b42558ce8a39707a,2026-02-28 12:11:56,2026-04-10,2026-04-11,0
ck_fbd52cbc2d5b805e,2026-02-20 08:12:49,2026-04-10,2026-04-11,0
ck_b76929c34415f86e,2026-04-09 12:18:39,2026-04-10,2026-04-11,0
ck_6a0647da5a287219,2026-01-05 02:08:23,2026-04-10,2026-04-11,0
ck_102c1a4302110766,2026-03-13 15:58:38,2026-04-10,2026-04-11,0
ck_07d1e516945d42cc,2025-11-20 10:35:46,2026-04-10,2026-04-11,1
ck_62825d5fe0878163,2025-09-26 07:55:17,2026-04-10,2026-04-11,0
ck_17e1b9bfda82eac5,2026-01-30 12:01:41,2026-04-10,2026-04-11,0
ck_e91e204e84450e8f,2025-12-08 17:36:04,2026-04-10,2026-04-11,0
ck_65414ca0097ec855,2026-04-08 21:07:03,2026-04-10,2026-04-11,1
ck_b3b91d65e46ead25,2026-03-17 10:26:12,2026-04-10,2026-04-11,0
ck_861e5a5aec401f14,2026-04-09 11:42:04,2026-04-10,2026-04-11,1
ck_fb64d65870198a6a,2026-02-23 22:33:31,2026-04-10,2026-04-11,0
ck_72a8203c42c8ea01,2025-12-05 20:17:19,2026-04-10,2026-04-11,0
ck_720e64b92796cadc,2025-11-17 17:36:11,2026-04-10,2026-04-11,0
ck_685006ad25adbe2f,2025-12-01 00:45:27,2026-04-10,2026-04-11,1
ck_2e47c644e2f230df,2026-04-08 21:03:29,2026-04-10,2026-04-11,0
ck_870e03856f64bac2,2026-04-09 00:36:12,2026-04-10,2026-04-11,0
ck_3d7bf7660ff0a661,2026-02-07 07:50:53,2026-04-10,2026-04-11,0
ck_6650201492491140,2026-04-07 19:51:52,2026-04-10,2026-04-11,0
ck_99e9f7bf7141c8eb,2026-01-30 02:53:23,2026-04-10,2026-04-11,0
ck_1851b5e6b152efa2,2025-11-09 07:56:01,2026-04-10,2026-04-11,0
ck_3893bb2aec297293,2025-12-06 22:50:28,2026-04-10,2026-04-11,0
ck_0b032cec72430057,2026-01-06 21:42:02,2026-04-10,2026-04-11,0
ck_ff2c6f077e08d483,2026-02-16 06:47:15,2026-04-10,2026-04-11,0
ck_f6ec8a0840a40ceb,2026-02-27 15:41:21,2026-04-10,2026-04-11,0
ck_c8d218f6c0002767,2026-03-04 15:39:13,2026-04-10,2026-04-11,0
ck_3f24297733ab1553,2026-02-25 10:13:12,2026-04-10,2026-04-11,0
ck_f9512c6ac215bc7d,2026-03-25 11:21:50,2026-04-10,2026-04-11,0
ck_5aeb5a52ff736c8a,2026-01-01 18:17:21,2026-04-10,2026-04-11,0
ck_3b3464ef52f77d8b,2025-12-03 08:35:49,2026-04-10,2026-04-11,0
ck_6d3f28841ca4599b,2025-12-09 04:55:24,2026-04-10,2026-04-11,0
ck_84eb786cee75e8cb,2026-01-10 18:05:55,2026-04-10,2026-04-11,0
ck_ae7271da5e3298b4,2026-01-10 03:45:09,2026-04-10,2026-04-11,0
ck_c64fa4e95327fa6a,2026-04-09 09:34:37,2026-04-10,2026-04-11,1
ck_b9a869341ee2e5c9,2026-04-08 19:04:24,2026-04-10,2026-04-11,1
ck_4e7893f9592811ab,2025-08-17 20:59:25,2026-04-10,2026-04-11,0
ck_a0df4bf5df755ccb,2026-02-01 19:09:34,2026-04-10,2026-04-11,0
ck_0150068fbf890c28,2026-02-26 01:42:15,2026-04-10,2026-04-11,0
ck_85be59c7969f5189,2026-03-04 08:08:07,2026-04-10,2026-04-11,0
ck_4de4623f00d150a9,2026-01-02 01:32:03,2026-04-10,2026-04-11,1
ck_e1e4324478aa9ffb,2026-03-01 08:42:15,2026-04-10,2026-04-11,0
ck_7aad1db4bac1a1a0,2026-02-20 18:31:44,2026-04-10,2026-04-11,0
ck_947b6d3976c9fa4a,2025-12-29 17:08:17,2026-04-10,2026-04-11,0
ck_27b772c7cc3302ba,2025-12-29 16:03:20,2026-04-10,2026-04-11,0
ck_6b3865008679e2bb,2025-11-24 11:02:45,2026-04-10,2026-04-11,0
ck_a091fc0379258947,2026-01-18 20:18:49,2026-04-10,2026-04-11,0
ck_d5c30a093fc42ef6,2026-02-04 12:27:57,2026-04-10,2026-04-11,0
ck_57ce0fa0eae035e5,2026-01-30 19:46:09,2026-04-10,2026-04-11,0
ck_1f89c77bdbb9c985,2026-02-12 00:25:58,2026-04-10,2026-04-11,0
ck_c7ffe1d4d31192e3,2026-01-12 13:47:59,2026-04-10,2026-04-11,0
ck_9f36c5c49605fb24,2025-11-28 12:10:09,2026-04-10,2026-04-11,0
ck_c4beae06aa04db5f,2025-12-13 05:21:50,2026-04-10,2026-04-11,0
ck_efdcb9e20430d4fb,2026-02-19 13:18:40,2026-04-10,2026-04-11,0
ck_68c52777ca662e82,2026-04-09 07:12:14,2026-04-10,2026-04-11,1
ck_06e8c1ad135c4cc4,2026-02-02 21:30:33,2026-04-10,2026-04-11,1
ck_516770bd584c5f28,2025-12-30 09:59:55,2026-04-10,2026-04-11,0
ck_613b67057e2c7b0e,2026-04-08 19:31:49,2026-04-10,2026-04-11,0
ck_001722063b94cae0,2026-04-09 07:56:57,2026-04-10,2026-04-11,0
ck_9c6cda22c3fec65c,2026-03-06 17:26:06,2026-04-10,2026-04-11,0
ck_ef82f1d352ec7b10,2025-01-30 21:35:39,2026-04-10,2026-04-11,0
ck_ded60746aee5a7b4,2025-10-19 17:56:29,2026-04-10,2026-04-11,0
ck_f33e939cabdc5779,2026-01-13 18:58:38,2026-04-10,2026-04-11,0
ck_4bfa9023effe89df,2025-10-30 12:38:46,2026-04-10,2026-04-11,0
ck_6d0d3c58ac561eb4,2026-03-06 09:44:50,2026-04-10,2026-04-11,0
ck_d3e0fd69fa576841,2026-04-03 16:41:21,2026-04-10,2026-04-11,0
ck_7c1c2aaf13810393,2026-01-12 18:24:38,2026-04-10,2026-04-11,0
ck_b004a1a0a0a8fe97,2026-04-08 06:29:19,2026-04-10,2026-04-11,0
ck_eb7785bae548f066,2026-01-19 02:33:37,2026-04-10,2026-04-11,0
ck_836bd66e64a464bc,2025-10-19 14:29:53,2026-04-10,2026-04-11,0
ck_e6147f6be25c59b7,2026-01-01 04:59:08,2026-04-10,2026-04-11,0
ck_7e04c6d566f12f6a,2026-04-07 15:20:19,2026-04-10,2026-04-11,1
ck_254f3267209c1840,2026-03-01 23:10:05,2026-04-10,2026-04-11,0
ck_15af807eabfc27aa,2026-03-26 09:36:04,2026-04-10,2026-04-11,0
ck_78afd30fe764ee90,2026-01-18 10:48:50,2026-04-10,2026-04-11,0
ck_9c5f8d6e55cbb861,2026-02-07 21:48:36,2026-04-10,2026-04-11,0
ck_40575f9421092f01,2025-12-28 11:03:28,2026-04-10,2026-04-11,0
ck_974cb2541292d6e7,2026-04-09 10:20:51,2026-04-10,2026-04-11,0
ck_0a24b0eb2be61243,2026-03-15 02:32:06,2026-04-10,2026-04-11,0
ck_54e02c74a7346852,2026-03-14 08:49:37,2026-04-10,2026-04-11,1
ck_d80fa4d0a45fe7f5,2026-04-09 12:23:53,2026-04-10,2026-04-11,0
ck_31d8a5cb6e5715b7,2026-02-20 15:38:47,2026-04-10,2026-04-11,0
ck_33a5ae4f96730523,2026-01-20 10:59:39,2026-04-10,2026-04-11,0
ck_a45d335b9a154369,2026-04-09 17:17:44,2026-04-10,2026-04-11,0
ck_0ef5f3e5452d8e27,2026-01-22 11:51:53,2026-04-10,2026-04-11,0
ck_352bfd2d163c99da,2025-11-14 02:28:28,2026-04-10,2026-04-11,0
ck_0ee6eac6ca8a02ce,2026-02-17 08:50:56,2026-04-10,2026-04-11,0
ck_98c407ec0c1029fb,2025-11-06 15:47:42,2026-04-10,2026-04-11,0
ck_ef0d49f72cbc1a3e,2026-04-08 15:41:42,2026-04-10,2026-04-11,0
ck_4daab6bf6a81b0be,2026-03-12 04:32:34,2026-04-10,2026-04-11,0
ck_ee41295f2956af1c,2025-11-25 03:23:07,2026-04-10,2026-04-11,0
ck_038d5fe2e8a1681e,2025-07-11 15:53:01,2026-04-10,2026-04-11,1
ck_7c1047db9250c0ee,2026-02-06 12:31:37,2026-04-10,2026-04-11,0
ck_e5e2ab8b9f4fa8d0,2026-04-08 20:30:10,2026-04-10,2026-04-11,1
ck_8351d805c3c46846,2026-02-01 22:37:41,2026-04-10,2026-04-11,0
ck_f7a623d57468960d,2025-10-19 14:57:45,2026-04-10,2026-04-11,0
ck_20e35f1cf4f20878,2026-04-07 22:02:37,2026-04-10,2026-04-11,0
ck_860cebbd4feccb6f,2026-02-26 16:44:05,2026-04-10,2026-04-11,0
ck_fe5fd6979f3a3b16,2026-04-09 12:42:25,2026-04-10,2026-04-11,0
ck_65b0eca675772dc5,2026-01-28 07:21:52,2026-04-10,2026-04-11,0
ck_4064004d3545fdb0,2026-03-01 23:59:54,2026-04-10,2026-04-11,0
ck_48c9eaba62a08680,2026-02-12 14:16:36,2026-04-10,2026-04-11,0
ck_02c0fde4b1416b4d,2026-03-02 21:33:06,2026-04-10,2026-04-11,0
ck_e49102b99b60e24a,2025-08-27 05:25:06,2026-04-10,2026-04-11,0
ck_61b244aa9be5219f,2026-02-06 23:16:13,2026-04-10,2026-04-11,0
ck_60711e60b03e6e6c,2026-04-06 17:06:47,2026-04-10,2026-04-11,0
ck_eb96ac0ba3530699,2026-02-12 15:22:26,2026-04-10,2026-04-11,0
ck_84298cc6325cee87,2025-10-30 09:10:56,2026-04-10,2026-04-11,0
ck_bca6da1f52c97f29,2026-03-29 16:52:23,2026-04-10,2026-04-11,0
ck_bc6da2cd009d5912,2025-10-26 20:51:12,2026-04-10,2026-04-11,1
ck_85c5c5771cfd6d3f,2026-03-06 09:31:57,2026-04-10,2026-04-11,0
ck_d2ed25a025054959,2026-03-15 00:35:10,2026-04-10,2026-04-11,0
ck_617c150c11297131,2026-04-09 02:16:37,2026-04-10,2026-04-11,0
ck_a5053fb1e03cd6be,2025-10-15 03:15:00,2026-04-10,2026-04-11,1
ck_5ecdd431d95a7635,2025-12-12 10:04:25,2026-04-10,2026-04-11,0
ck_1add0a2135ef8ef8,2025-11-19 09:29:53,2026-04-10,2026-04-11,1
ck_207d3a508ab32cb4,2026-03-15 19:20:35,2026-04-10,2026-04-11,0
ck_4696af0b0e5c5eb7,2026-02-08 18:20:35,2026-04-10,2026-04-11,0
ck_adbbd850159cf85c,2025-09-23 08:56:23,2026-04-10,2026-04-11,0
ck_d3d3c17bac9f6ad7,2026-04-07 18:54:00,2026-04-10,2026-04-11,0
ck_ca15f70581ffe91d,2026-01-01 10:00:37,2026-04-10,2026-04-11,0
ck_0d395ed115931415,2026-04-09 06:25:57,2026-04-10,2026-04-11,0
ck_10aa90056ea8ea6d,2025-11-05 17:24:53,2026-04-10,2026-04-11,1
ck_97e67956d061f4d0,2025-09-23 17:00:36,2026-04-10,2026-04-11,0
ck_253efdb90db02330,2026-01-17 17:06:50,2026-04-10,2026-04-11,0
ck_691a607c38b09b64,2026-02-02 04:14:52,2026-04-10,2026-04-11,0
ck_e95f944e0740c9cb,2026-02-09 00:28:57,2026-04-10,2026-04-11,0
ck_eef033f6c8fd3f5e,2025-10-31 04:31:28,2026-04-10,2026-04-11,0
ck_47f2b7411923ff18,2026-01-05 23:36:26,2026-04-10,2026-04-11,0
ck_ae8e16c8fe1414af,2026-04-08 19:58:29,2026-04-10,2026-04-11,1
ck_9caf3e378e71d8f5,2026-03-21 11:45:16,2026-04-10,2026-04-11,0
ck_a5e25a699e08268d,2026-03-20 09:45:42,2026-04-10,2026-04-11,0
ck_eadd73d9e385cb50,2026-03-21 10:18:24,2026-04-10,2026-04-11,0
ck_19b300c23d40eeff,2026-04-09 11:01:20,2026-04-10,2026-04-11,0
ck_a551f0017cbb9084,2026-04-09 18:35:10,2026-04-10,2026-04-11,0
ck_39cf22093dc6552a,2026-01-14 23:20:50,2026-04-10,2026-04-11,0
ck_6f874b9e54da7001,2026-04-09 19:20:04,2026-04-10,2026-04-11,0
ck_8bae0860d39443b8,2026-03-01 04:41:20,2026-04-10,2026-04-11,0
ck_851de3e64484a3f3,2026-04-07 22:51:16,2026-04-10,2026-04-11,0
ck_5d6b367df22a762b,2026-04-07 14:17:46,2026-04-10,2026-04-11,1
ck_7b772b2be6480ef3,2026-03-29 20:00:55,2026-04-10,2026-04-11,0
ck_773af1ff3911bb95,2025-12-19 15:02:13,2026-04-10,2026-04-11,0
ck_ee422d88d6ea64c2,2025-12-16 14:02:12,2026-04-10,2026-04-11,0
ck_b08d577e23d0cfba,2026-03-28 08:11:39,2026-04-10,2026-04-11,0
ck_0492bf0c069f4cd5,2025-08-05 02:31:06,2026-04-10,2026-04-11,0
ck_65c67c85ce171612,2025-10-07 01:11:25,2026-04-10,2026-04-11,0
ck_f953de9c5105063e,2025-10-21 05:00:28,2026-04-10,2026-04-11,0
ck_50472ec08c5fe618,2025-09-17 06:29:49,2026-04-10,2026-04-11,0
ck_840a841f8e308a58,2026-03-03 15:19:55,2026-04-10,2026-04-11,0
ck_e0035653bcf4540d,2025-11-14 00:32:28,2026-04-10,2026-04-11,0
ck_f8d5747658d8ede5,2026-01-05 02:02:05,2026-04-10,2026-04-11,0
ck_4fe09f8740e32740,2025-12-22 09:26:38,2026-04-10,2026-04-11,0
ck_9433d750188db190,2026-04-08 04:05:48,2026-04-10,2026-04-11,0
ck_02eba9e3596e2e37,2026-01-08 00:12:30,2026-04-10,2026-04-11,0
ck_14bd4ff2bbb7de45,2025-11-11 10:27:42,2026-04-10,2026-04-11,0
ck_2b32eb2fa9d237ca,2026-04-09 15:09:26,2026-04-10,2026-04-11,0
ck_1ab319bad5105fa4,2026-02-25 13:32:09,2026-04-10,2026-04-11,0
ck_68354aa3f00d2731,2026-02-28 14:32:10,2026-04-10,2026-04-11,0
ck_b82b2aa9c907a1d7,2026-04-09 10:15:29,2026-04-10,2026-04-11,1
ck_b6a9a78c0bcabd98,2026-03-01 02:49:48,2026-04-10,2026-04-11,0
ck_1de82dc256e77396,2026-04-08 14:43:02,2026-04-10,2026-04-11,0
ck_a145db2ab9794c7c,2026-02-08 11:34:43,2026-04-10,2026-04-11,0
ck_36bcbfccd03adbe5,2025-12-24 19:37:48,2026-04-10,2026-04-11,0
ck_c6cc93a5abb0a067,2025-12-08 00:00:24,2026-04-10,2026-04-11,0
ck_ccd655775b68f435,2025-11-19 03:01:01,2026-04-10,2026-04-11,0
ck_0ecce683507275fb,2026-01-15 19:08:49,2026-04-10,2026-04-11,0
ck_928776e7506cb4a4,2026-01-15 03:35:40,2026-04-10,2026-04-11,0
ck_0197e99dbcd9af7f,2026-01-14 14:22:10,2026-04-10,2026-04-11,0
ck_fee5e51b8803cee2,2026-03-30 19:36:29,2026-04-10,2026-04-11,0
ck_dd12d8f080bf274f,2026-04-08 06:03:16,2026-04-10,2026-04-11,0
ck_e4119f1d55631189,2026-02-25 12:51:15,2026-04-10,2026-04-11,0
ck_bd45c6e1f1be388d,2025-12-02 19:12:16,2026-04-10,2026-04-11,0
ck_1d4ad7b41863357e,2026-04-09 15:58:07,2026-04-10,2026-04-11,0
ck_3e17160e1c5aa7de,2025-10-30 19:19:34,2026-04-10,2026-04-11,0
ck_986500699d42c29a,2026-02-23 00:08:20,2026-04-10,2026-04-11,0
ck_e7cb7ce42e21b696,2025-11-28 20:36:32,2026-04-10,2026-04-11,0
ck_d5fcf8228270ca38,2026-03-05 22:51:39,2026-04-10,2026-04-11,0
ck_853bf6f49e058219,2026-04-08 07:00:19,2026-04-10,2026-04-11,0
ck_99e46ee44330eb1b,2026-04-09 13:35:56,2026-04-10,2026-04-11,0
ck_3d30c01b4a26c42b,2026-02-11 22:13:13,2026-04-10,2026-04-11,1
ck_69db844f180c939b,2025-10-28 06:18:09,2026-04-10,2026-04-11,0
ck_bfc86f37424c8503,2026-04-09 04:38:19,2026-04-10,2026-04-11,0
ck_6bddd0a96973c75f,2026-03-09 11:32:10,2026-04-10,2026-04-11,0
ck_d6501915001fe19d,2025-12-04 22:29:14,2026-04-10,2026-04-11,0
ck_66a487c45d4ad165,2026-02-19 22:10:56,2026-04-10,2026-04-11,0
ck_f430002e32518c2f,2026-02-02 05:30:47,2026-04-10,2026-04-11,0
ck_201dbaaf5f742e0f,2026-02-05 17:08:09,2026-04-10,2026-04-11,0
ck_b23ef46f0b6f04c8,2026-01-18 16:46:33,2026-04-10,2026-04-11,0
ck_ec9e48957adce6ce,2026-01-21 20:19:31,2026-04-10,2026-04-11,0
ck_013497f56fcb3911,2026-04-09 14:24:58,2026-04-10,2026-04-11,0
ck_b1ef720d57ba34b6,2026-01-10 16:11:06,2026-04-10,2026-04-11,0
ck_03750c0f26907821,2026-04-09 15:27:49,2026-04-10,2026-04-11,0
ck_f1d4c58e4bb25e44,2026-02-28 23:36:09,2026-04-10,2026-04-11,0
ck_83237905e86e6d99,2026-02-08 23:45:18,2026-04-10,2026-04-11,0
ck_1fdae0f2ed7927a8,2026-04-09 09:11:27,2026-04-10,2026-04-11,1
ck_93a7838180ce8973,2026-03-14 16:26:16,2026-04-10,2026-04-11,1
ck_3f930fe2de3fd59c,2026-02-20 21:13:16,2026-04-10,2026-04-11,0
ck_73a5bd95fc9d4b36,2025-12-08 22:15:14,2026-04-10,2026-04-11,0
ck_4af17a8cd13d4d51,2025-09-18 14:17:37,2026-04-10,2026-04-11,0
ck_6177d19a5b4dc3af,2026-04-08 13:13:41,2026-04-10,2026-04-11,0
ck_a2e9cc3af80013c1,2026-03-15 02:57:49,2026-04-10,2026-04-11,1
ck_7cc0922efabb7d4d,2026-01-31 22:49:29,2026-04-10,2026-04-11,0
ck_07c7a493f8d5b63c,2026-04-09 15:40:25,2026-04-10,2026-04-11,0
ck_4bb52d5d62b548a5,2026-03-21 12:56:24,2026-04-10,2026-04-11,0
ck_823c74d50a289236,2026-04-07 13:26:08,2026-04-10,2026-04-11,0
ck_d945492a15ddf770,2025-12-11 08:20:26,2026-04-10,2026-04-11,0
ck_68c0865a96af8511,2026-02-21 03:31:27,2026-04-10,2026-04-11,0
ck_ec045632dde9a511,2025-12-08 05:41:33,2026-04-10,2026-04-11,0
ck_2437bbda44efd27e,2026-02-19 00:43:07,2026-04-10,2026-04-11,0
ck_784b28fce6f06ab7,2026-03-03 10:52:16,2026-04-10,2026-04-11,0
ck_8969bd5fbd67dc13,2025-12-19 09:33:25,2026-04-10,2026-04-11,0
ck_ad4320dbcf1213dd,2026-02-14 11:08:37,2026-04-10,2026-04-11,0
ck_b7b09bb124f85ee7,2026-03-24 03:34:43,2026-04-10,2026-04-11,0
ck_3ba119caae92ccf6,2025-10-21 14:43:59,2026-04-10,2026-04-11,0
ck_073d6c81ab967b25,2026-01-22 21:04:18,2026-04-10,2026-04-11,0
ck_5c7d43d7e0fd44d8,2026-02-27 15:08:20,2026-04-10,2026-04-11,0
ck_5e6785b1d65a4002,2026-01-15 22:17:43,2026-04-10,2026-04-11,0
ck_eb0dde91063e0c16,2026-01-26 03:45:30,2026-04-10,2026-04-11,1
ck_9c4c6e6ceab14209,2026-03-02 17:24:13,2026-04-10,2026-04-11,1
ck_349dfe9655efa307,2025-10-24 10:04:55,2026-04-10,2026-04-11,0
ck_bfb570ad2f145c15,2026-04-09 17:27:45,2026-04-10,2026-04-11,1
ck_bc4052771175eda1,2026-01-07 23:12:11,2026-04-10,2026-04-11,0
ck_ffee36a37e2532f5,2025-12-19 15:06:02,2026-04-10,2026-04-11,0
ck_7edf1d0e4f121d9d,2025-12-30 17:42:51,2026-04-10,2026-04-11,0
ck_f51458e46dc72712,2026-02-04 05:43:21,2026-04-10,2026-04-11,0
ck_93394751d21602fd,2025-11-21 01:32:26,2026-04-10,2026-04-11,0
ck_e427385d28c73dd8,2026-04-09 08:54:27,2026-04-10,2026-04-11,0
ck_4903e2c8f7044d8f,2026-02-19 01:25:52,2026-04-10,2026-04-11,0
ck_6374f06841af5888,2026-04-09 16:37:21,2026-04-10,2026-04-11,0
ck_f487a9f53f04b287,2025-11-16 21:10:47,2026-04-10,2026-04-11,0
ck_2bb58b91e74c655e,2026-04-09 15:47:39,2026-04-10,2026-04-11,0
ck_8e133cd55a91c5f5,2026-04-08 08:34:14,2026-04-10,2026-04-11,1
ck_03c5e651910e400e,2025-11-27 10:11:48,2026-04-10,2026-04-11,0
ck_78c33adc456a6cfc,2025-08-17 03:18:04,2026-04-10,2026-04-11,0
ck_1cd2575c66a91cb8,2025-11-13 14:50:09,2026-04-10,2026-04-11,1
ck_7681c0be499b8547,2025-10-15 04:49:07,2026-04-10,2026-04-11,0
ck_c75d69015e815af8,2026-03-06 11:11:33,2026-04-10,2026-04-11,0
ck_7e8dfef1829f86b8,2026-04-06 05:38:08,2026-04-10,2026-04-11,1
ck_0ac31513fb491f03,2026-01-09 05:35:16,2026-04-10,2026-04-11,0
ck_6ed1ac51fe2721b1,2026-03-20 23:46:28,2026-04-10,2026-04-11,0
ck_a41f85b7afdd8b08,2026-04-09 10:00:00,2026-04-10,2026-04-11,0
ck_42b1956cdf4f6746,2025-08-24 11:18:14,2026-04-10,2026-04-11,0
ck_3249443be52b2b82,2026-01-15 00:55:57,2026-04-10,2026-04-11,0
ck_46043f163e3ccdbf,2026-02-12 21:00:10,2026-04-10,2026-04-11,0
ck_2ae237c52c70acc3,2025-07-17 21:20:54,2026-04-10,2026-04-11,0
ck_90e73674e246c6a3,2026-04-08 10:13:00,2026-04-10,2026-04-11,0
ck_0032c08d8987d0ad,2025-12-11 16:09:55,2026-04-10,2026-04-11,0
ck_5bccd389c76a126e,2025-06-20 03:51:01,2026-04-10,2026-04-11,0
ck_9bceee73a7d4403b,2025-12-22 01:15:45,2026-04-10,2026-04-11,0
ck_9119406b346ed89e,2026-03-09 08:12:15,2026-04-10,2026-04-11,0
ck_32bffb03a70e358c,2026-04-07 22:17:47,2026-04-10,2026-04-11,0
ck_6b1462dd3739ce78,2026-03-25 02:44:45,2026-04-10,2026-04-11,0
ck_bb5531fe0d6e7ade,2026-01-12 07:46:07,2026-04-10,2026-04-11,1
ck_acb560ddc185a3a8,2026-04-09 10:22:45,2026-04-10,2026-04-11,0
ck_7dc5f902134c6c2a,2026-04-04 02:38:38,2026-04-10,2026-04-11,0
ck_8151fa224cc5d02a,2026-03-03 03:26:15,2026-04-10,2026-04-11,0
ck_98a5546fbc720807,2026-01-23 00:02:55,2026-04-10,2026-04-11,0
ck_323d580fd4b6525d,2026-03-14 01:08:21,2026-04-10,2026-04-11,0
ck_281c2df4a17acb7b,2026-04-09 17:28:56,2026-04-10,2026-04-11,0
ck_20c8e1b24abd5105,2026-04-08 19:49:29,2026-04-10,2026-04-11,1
ck_d49d66dde2979e49,2026-04-08 19:21:08,2026-04-10,2026-04-11,0
ck_fd2a48e161013e16,2026-04-07 17:10:59,2026-04-10,2026-04-11,0
ck_b920748ce0013bc7,2026-03-18 23:58:38,2026-04-10,2026-04-11,0
ck_1cd9c4db706f9a29,2026-02-18 14:10:44,2026-04-10,2026-04-11,0
ck_80b0bdbd5e625a0c,2026-04-05 21:16:40,2026-04-10,2026-04-11,0
ck_34ad74442d358c08,2026-03-08 16:52:25,2026-04-10,2026-04-11,0
ck_be7a9e8e9fa14252,2026-04-09 19:48:16,2026-04-10,2026-04-11,0
ck_ddac0ec3b71653e8,2026-01-03 04:00:39,2026-04-10,2026-04-11,0
ck_5c2fadda6a3386eb,2025-10-19 17:09:44,2026-04-10,2026-04-11,0
ck_b9209019e2ab3edf,2026-01-02 05:00:47,2026-04-10,2026-04-11,0
ck_3d00fa4fc1205843,2025-12-10 03:55:42,2026-04-10,2026-04-11,0
ck_3689334add9d81ce,2026-02-04 18:31:23,2026-04-10,2026-04-11,0
ck_e5034fc961ca48fe,2025-08-23 20:13:30,2026-04-10,2026-04-11,0
ck_a0f3212a723409fe,2025-12-02 23:57:56,2026-04-10,2026-04-11,0
ck_7e27dc9a2e5472c5,2026-01-04 05:07:51,2026-04-10,2026-04-11,0
ck_b0ab887be1610c2f,2026-04-09 19:26:22,2026-04-10,2026-04-11,1
ck_3f578d309f706ed3,2026-02-15 12:09:14,2026-04-10,2026-04-11,0
ck_0fdc3e6dfa8488da,2026-01-15 00:29:05,2026-04-10,2026-04-11,0
ck_fe1ef1b89fe43fbc,2025-06-10 14:38:56,2026-04-10,2026-04-11,1
ck_1b971227cdeca177,2025-12-29 01:36:10,2026-04-10,2026-04-11,0
ck_d0a55315882e3062,2026-01-18 21:00:37,2026-04-10,2026-04-11,0
ck_2841eee67d267ebb,2026-02-22 13:35:52,2026-04-10,2026-04-11,0
ck_324310e99d01e20b,2026-03-12 16:00:59,2026-04-10,2026-04-11,0
ck_0c5d1a969fbae66c,2026-01-15 05:42:00,2026-04-10,2026-04-11,0
ck_1fb0e1d3e8c2e210,2026-01-02 12:14:04,2026-04-10,2026-04-11,0
ck_f5da42ad9213d543,2026-04-09 09:25:00,2026-04-10,2026-04-11,0
ck_f6cb177fdf7a83f1,2026-04-09 08:42:00,2026-04-10,2026-04-11,0
ck_6eaf9f1fde7eaa53,2026-01-30 18:52:28,2026-04-10,2026-04-11,0
ck_a9546d3a589a1a5b,2026-02-08 23:45:42,2026-04-10,2026-04-11,0
ck_753cb13809edc3e2,2025-11-27 11:47:00,2026-04-10,2026-04-11,0
ck_5b88dae3f4b4aebf,2026-01-13 09:32:02,2026-04-10,2026-04-11,0
ck_edd37d8c0e06c7d6,2025-12-25 01:53:28,2026-04-10,2026-04-11,1
ck_5c3ca9cd899bb63a,2026-01-29 11:20:21,2026-04-10,2026-04-11,0
ck_f33b072aa007063a,2026-04-05 19:13:01,2026-04-10,2026-04-11,0
ck_f07ca248220054a6,2026-04-08 21:46:05,2026-04-10,2026-04-11,1
ck_fa94e598d0b4ad22,2026-01-08 16:11:17,2026-04-10,2026-04-11,0
ck_07bd065a33d169fb,2026-02-19 08:31:02,2026-04-10,2026-04-11,0
ck_8913db65acc22c97,2026-03-11 17:10:36,2026-04-10,2026-04-11,0
ck_202b144743de9dae,2026-04-07 22:24:59,2026-04-10,2026-04-11,0
ck_2e121bb367154e88,2025-07-01 13:16:45,2026-04-10,2026-04-11,0
ck_f795410a741de4e5,2025-09-21 23:15:32,2026-04-10,2026-04-11,0
ck_fa0a786e3a96bbea,2025-09-20 04:07:48,2026-04-10,2026-04-11,0
ck_8069f3a9b40a275c,2026-03-12 23:40:39,2026-04-10,2026-04-11,0
ck_51c5948434b62b12,2026-01-10 02:51:36,2026-04-10,2026-04-11,0
ck_bc58984c2a08e338,2026-02-28 23:58:00,2026-04-10,2026-04-11,0
ck_5520c5b030d1edec,2026-02-11 10:39:41,2026-04-10,2026-04-11,0
ck_a548aaa206a92c89,2026-03-05 14:34:53,2026-04-10,2026-04-11,0
ck_12d18e3c51d49071,2026-04-08 09:59:18,2026-04-10,2026-04-11,0
ck_4f6b9cf67c24c980,2026-03-25 03:15:01,2026-04-10,2026-04-11,0
ck_dcd81b80b614b031,2025-12-29 23:30:15,2026-04-10,2026-04-11,1
ck_98e6d04be3f2245a,2026-01-01 13:54:06,2026-04-10,2026-04-11,0
ck_169076ea95b4135f,2025-08-16 23:48:51,2026-04-10,2026-04-11,0
ck_7a57c4dae12cfce2,2026-03-11 05:39:02,2026-04-10,2026-04-11,0
ck_5db86988a27f2c63,2025-12-25 05:28:06,2026-04-10,2026-04-11,0
ck_3fc6672530c030d4,2026-01-04 18:13:03,2026-04-10,2026-04-11,1
ck_d2acc8927e6d3aa9,2026-02-12 22:55:06,2026-04-10,2026-04-11,0
ck_be0c18533646e128,2026-04-08 19:12:17,2026-04-10,2026-04-11,0
ck_caac30e1bfde1951,2026-04-08 22:09:50,2026-04-10,2026-04-11,0
ck_006188c466efd0c7,2026-03-13 17:55:58,2026-04-10,2026-04-11,0
ck_68cf7b222d8d89db,2026-01-08 08:01:11,2026-04-10,2026-04-11,0
ck_501d544e75314a09,2026-01-15 02:07:49,2026-04-10,2026-04-11,0
ck_fa8961622f3cfe4b,2026-01-01 19:05:59,2026-04-10,2026-04-11,0
ck_28964324ae88a877,2026-03-22 23:31:15,2026-04-10,2026-04-11,0
ck_dbf346ff9eb6944c,2026-02-19 13:57:52,2026-04-10,2026-04-11,1
ck_170262995ca4cd2f,2026-02-14 20:04:35,2026-04-10,2026-04-11,0
ck_d65403578523cc63,2026-03-21 13:55:46,2026-04-10,2026-04-11,0
ck_e82757ec111d16df,2025-09-09 18:27:43,2026-04-10,2026-04-11,0
ck_79ef88682b1205aa,2025-11-19 04:05:32,2026-04-10,2026-04-11,0
ck_58303968fd7d37be,2026-03-11 05:08:29,2026-04-10,2026-04-11,0
ck_f460b7a6d5d98ad2,2026-01-23 06:10:34,2026-04-10,2026-04-11,0
ck_68df7da98517bb21,2025-12-01 19:47:54,2026-04-10,2026-04-11,0
ck_15381f154b005e5c,2026-03-15 02:24:47,2026-04-10,2026-04-11,0
ck_6b6ce7710d198d18,2026-04-07 18:34:12,2026-04-10,2026-04-11,1
ck_04bc66d7d656584f,2025-12-26 23:37:43,2026-04-10,2026-04-11,0
ck_6f468769fdf71e47,2025-10-18 06:32:16,2026-04-10,2026-04-11,0
ck_328f578290e26cad,2026-04-07 07:04:25,2026-04-10,2026-04-11,0
ck_7a03dd24c325190c,2026-03-05 15:40:23,2026-04-10,2026-04-11,0
ck_a0fd3b18e7c434f5,2026-04-06 10:51:41,2026-04-10,2026-04-11,0
ck_5bd448e585e0a6de,2026-04-08 08:28:01,2026-04-10,2026-04-11,0
ck_20021b1dd696c736,2026-04-07 16:06:41,2026-04-10,2026-04-11,0
ck_f724b928279d59da,2025-08-23 19:36:30,2026-04-10,2026-04-11,0
ck_15a926ccfa4e337e,2026-04-09 06:56:15,2026-04-10,2026-04-11,0
ck_76cc57be147cc345,2025-12-20 17:27:10,2026-04-10,2026-04-11,0
ck_9da8e3a46c9131dd,2025-12-02 05:02:51,2026-04-10,2026-04-11,0
ck_9dac2bc4fa99e478,2025-12-02 04:34:54,2026-04-10,2026-04-11,0
ck_d27ceb6cc0a918cd,2025-12-12 11:44:21,2026-04-10,2026-04-11,0
ck_c4807b253f38b8f2,2026-04-09 13:32:07,2026-04-10,2026-04-11,0
ck_e8d0b8b6a9ab129e,2026-03-11 01:07:39,2026-04-10,2026-04-11,0
ck_b1a8671ef0402fa0,2026-04-09 00:12:05,2026-04-10,2026-04-11,0
ck_dbbf64b9aa37d127,2025-11-17 16:11:09,2026-04-10,2026-04-11,0
ck_403ddb9849e187c9,2026-04-09 00:33:31,2026-04-10,2026-04-11,0
ck_df450def460e32ac,2026-04-09 11:45:47,2026-04-10,2026-04-11,0
ck_03556fe825af2a3b,2026-01-20 17:22:04,2026-04-10,2026-04-11,0
ck_56ca17bc18630f6d,2025-11-01 12:51:00,2026-04-10,2026-04-11,0
ck_790d84fa956c0ec8,2026-02-16 07:39:15,2026-04-10,2026-04-11,0
ck_0c4cda5319178cea,2026-01-24 18:07:00,2026-04-10,2026-04-11,0
ck_9693177708a16abf,2025-11-12 08:23:58,2026-04-10,2026-04-11,0
ck_b062d4b5229541c5,2026-03-08 00:43:35,2026-04-10,2026-04-11,0
ck_ba80f49764711efa,2025-12-13 22:49:06,2026-04-10,2026-04-11,0
ck_dbf72d6e822ead78,2025-10-01 12:59:42,2026-04-10,2026-04-11,0
ck_f72fa4c57c712de6,2026-04-05 21:09:28,2026-04-10,2026-04-11,0
ck_ad0581b43834e1b1,2026-02-14 19:54:25,2026-04-10,2026-04-11,0
ck_21e2da68ef423012,2026-03-01 02:24:17,2026-04-10,2026-04-11,0
ck_a6a0732a211718b0,2025-12-26 20:23:20,2026-04-10,2026-04-11,0
ck_7dc69886d61a424e,2026-03-08 09:11:12,2026-04-10,2026-04-11,0
ck_e792ef44dc0f03f1,2026-03-05 10:00:31,2026-04-10,2026-04-11,1
ck_980ada9e3993aeba,2026-01-12 05:03:42,2026-04-10,2026-04-11,0
ck_77c09d59b2cb16e4,2026-02-11 00:45:27,2026-04-10,2026-04-11,0
ck_c636bd0ccf412345,2026-04-09 13:04:01,2026-04-10,2026-04-11,0
ck_45c792ea34c4e206,2026-04-09 01:23:12,2026-04-10,2026-04-11,0
ck_fd0223df99d76d8f,2026-01-27 19:22:09,2026-04-10,2026-04-11,0
ck_2ad39d60f2f8bd90,2026-04-08 10:11:47,2026-04-10,2026-04-11,1
ck_990e30babb26166d,2025-10-21 19:05:53,2026-04-10,2026-04-11,0
ck_f7a403661ee89476,2026-04-07 21:57:20,2026-04-10,2026-04-11,0
ck_17628b3b035ff862,2025-12-28 09:23:36,2026-04-10,2026-04-11,0
ck_cc4908d429456be6,2026-04-08 06:29:49,2026-04-10,2026-04-11,0
ck_aefec1627217a76a,2025-12-23 00:33:45,2026-04-10,2026-04-11,1
ck_5ff218278f7a2cef,2026-04-08 23:39:18,2026-04-10,2026-04-11,0
ck_895fe1665323f843,2026-01-05 18:18:35,2026-04-10,2026-04-11,0
ck_24f462d6d6173ea9,2025-11-10 20:55:48,2026-04-10,2026-04-11,0
ck_fc0e6839284a0545,2026-04-08 16:18:13,2026-04-10,2026-04-11,0
ck_ec0f681eb6b2493c,2025-12-14 06:31:47,2026-04-10,2026-04-11,0
ck_36c50387e8906adc,2026-03-05 22:59:47,2026-04-10,2026-04-11,0
ck_533fa972962be997,2026-04-08 15:44:01,2026-04-10,2026-04-11,0
ck_a39ae9b21e53c3ad,2025-09-02 07:24:24,2026-04-10,2026-04-11,0
ck_3833c9299c5f2d8a,2026-02-20 19:02:25,2026-04-10,2026-04-11,0
ck_b26ae2ca017eb621,2026-03-27 01:19:40,2026-04-10,2026-04-11,0
ck_9eff39d3bc037eaa,2026-04-09 13:42:00,2026-04-10,2026-04-11,0
ck_c85a1dfd55aa204d,2025-12-18 15:29:16,2026-04-10,2026-04-11,0
ck_52ee766af317a1d9,2025-12-17 14:34:22,2026-04-10,2026-04-11,0
ck_d7c57149099df398,2026-04-08 21:09:05,2026-04-10,2026-04-11,0
ck_4cb9da32a307b8df,2025-12-04 02:45:32,2026-04-10,2026-04-11,0
ck_0bede500c952cfbe,2026-01-08 14:51:20,2026-04-10,2026-04-11,0
ck_26b5725888889798,2026-02-10 01:19:48,2026-04-10,2026-04-11,0
ck_65fe2f18ed5524f0,2026-02-05 15:24:58,2026-04-10,2026-04-11,0
ck_9abf5bd120a4b539,2026-01-14 07:58:40,2026-04-10,2026-04-11,0
ck_2e2d06b2e9e7ef8f,2026-01-29 23:37:52,2026-04-10,2026-04-11,0
ck_bb0d5dc138baa04f,2026-02-06 02:51:52,2026-04-10,2026-04-11,0
ck_9bf75d0d2acdad80,2026-03-23 02:05:01,2026-04-10,2026-04-11,0
ck_3b4602f1c3830a08,2026-02-10 09:52:38,2026-04-10,2026-04-11,0
ck_a8677f2f40987510,2026-01-02 12:39:22,2026-04-10,2026-04-11,0
ck_f8c40e0497c8f535,2026-04-09 00:29:36,2026-04-10,2026-04-11,0
ck_028aea8431c3daa4,2026-03-10 06:55:10,2026-04-10,2026-04-11,0
ck_5e9ed3515ee96e74,2026-02-05 17:57:14,2026-04-10,2026-04-11,0
ck_4d336dcf3b26d184,2025-12-01 17:28:44,2026-04-10,2026-04-11,0
ck_4edb3307107b4509,2025-12-06 11:41:31,2026-04-10,2026-04-11,0
ck_99332f140fcfd07f,2026-04-08 08:18:26,2026-04-10,2026-04-11,0
ck_f2ddb9ce279068e7,2025-11-30 11:08:14,2026-04-10,2026-04-11,0
ck_a5a958c0d3858331,2025-11-30 15:47:00,2026-04-10,2026-04-11,0
ck_31756087421c9296,2025-12-22 02:03:45,2026-04-10,2026-04-11,0
ck_9b0c1132e91ecf93,2026-04-08 22:28:39,2026-04-10,2026-04-11,0
ck_34d58a58ae5f9941,2026-04-09 05:00:16,2026-04-10,2026-04-11,1
ck_a2f471184171f7ab,2026-01-05 22:34:49,2026-04-10,2026-04-11,0
ck_b3576ca8709302dd,2026-03-17 18:12:05,2026-04-10,2026-04-11,0
ck_96999ad91a59c1c4,2026-02-12 04:07:23,2026-04-10,2026-04-11,0
ck_5c865f64bd4bfb1d,2026-02-06 03:09:47,2026-04-10,2026-04-11,0
ck_ff2ee76fb5d3b661,2026-03-19 16:39:44,2026-04-10,2026-04-11,0
ck_298fd7f864f2b094,2025-11-11 19:42:29,2026-04-10,2026-04-11,0
ck_27ad3620a4dd1465,2026-04-09 18:27:16,2026-04-10,2026-04-11,0
ck_c62b3d5523c9684d,2026-02-15 22:24:50,2026-04-10,2026-04-11,1
ck_c847d4c33b29a67f,2026-02-11 10:53:51,2026-04-10,2026-04-11,0
ck_5bc285de0833897b,2026-01-18 04:59:23,2026-04-10,2026-04-11,0
ck_f59f924256657069,2026-03-04 14:21:05,2026-04-10,2026-04-11,0
ck_9994becc0da22b34,2026-04-08 22:35:10,2026-04-10,2026-04-11,0
ck_0392839444805ff9,2025-09-22 10:19:51,2026-04-10,2026-04-11,1
ck_d610e38727e97fe9,2025-12-30 04:39:22,2026-04-10,2026-04-11,0
ck_7f655b02f761bf12,2026-04-09 07:22:44,2026-04-10,2026-04-11,0
ck_32a1e6b79db74da8,2026-04-09 22:50:16,2026-04-10,2026-04-11,1
ck_68a680a0422b514f,2026-04-09 10:53:15,2026-04-10,2026-04-11,0
ck_74cb7f8c609ced93,2026-03-16 15:49:51,2026-04-10,2026-04-11,0
ck_6371209c8c5860ee,2026-02-22 17:31:38,2026-04-10,2026-04-11,0
ck_daf4439a12314f53,2026-04-09 16:53:35,2026-04-10,2026-04-11,1
ck_6a9e7261e6277bf2,2026-04-08 21:50:23,2026-04-10,2026-04-11,0
ck_f0f781c9ba084b60,2026-04-09 14:29:58,2026-04-10,2026-04-11,0
ck_c63e99eb1bf0f26d,2026-01-19 12:15:52,2026-04-10,2026-04-11,0
ck_6a46c1d36592bd17,2026-01-29 10:02:23,2026-04-10,2026-04-11,0
ck_f152095109ef8e4c,2026-02-08 23:27:38,2026-04-10,2026-04-11,0
ck_86b8e2dfe66e309d,2025-11-19 08:17:56,2026-04-10,2026-04-11,0
ck_eb00d3acfaa44964,2026-04-09 12:01:45,2026-04-10,2026-04-11,0
ck_6120efb08e2ad825,2025-11-11 11:08:20,2026-04-10,2026-04-11,1
ck_853cef92272ab0cf,2026-01-24 22:58:40,2026-04-10,2026-04-11,0
ck_d095ddd2e5a40d74,2026-04-08 12:32:11,2026-04-10,2026-04-11,0
ck_c1b0b205e311f339,2025-11-30 14:36:54,2026-04-10,2026-04-11,0
ck_1f5bb541c0e24598,2026-04-07 23:01:02,2026-04-10,2026-04-11,0
ck_52b2b02ea22295aa,2025-11-08 01:49:42,2026-04-10,2026-04-11,0
ck_eed60d24a67e4d4a,2026-04-09 04:04:27,2026-04-10,2026-04-11,0
ck_88010ad7733d06d1,2026-02-15 12:33:48,2026-04-10,2026-04-11,0
ck_c06421de7cc67b3e,2026-01-18 12:20:54,2026-04-10,2026-04-11,0
ck_0843ad77aa47fcde,2026-02-22 19:33:18,2026-04-10,2026-04-11,0
ck_091582e56998af06,2026-03-13 14:11:35,2026-04-10,2026-04-11,0
ck_3a2c000812130a29,2026-04-06 06:05:44,2026-04-10,2026-04-11,0
ck_02ccb73779118a24,2026-04-07 22:50:11,2026-04-10,2026-04-11,0
ck_eebaaa38fb01fa72,2026-01-19 04:48:21,2026-04-10,2026-04-11,0
ck_6e73c4e93cd6ff47,2026-02-08 15:03:45,2026-04-10,2026-04-11,0
ck_9ffa34bd8a4bce3b,2026-03-06 02:35:14,2026-04-10,2026-04-11,0
ck_b21cb973a9fdb497,2025-11-10 00:14:45,2026-04-10,2026-04-11,0
ck_47ffc9fc556e49c5,2026-04-08 16:31:13,2026-04-10,2026-04-11,0
ck_8af126e20a5d16b4,2026-04-04 08:09:47,2026-04-10,2026-04-11,0
ck_03384a6448e0b36d,2026-04-07 20:52:23,2026-04-10,2026-04-11,0
ck_a02bd2730624814b,2026-02-02 02:39:09,2026-04-10,2026-04-11,0
ck_f5ecb6ef5bad4999,2026-03-29 17:49:19,2026-04-10,2026-04-11,0
ck_878515edaaf12d6d,2026-02-26 18:58:45,2026-04-10,2026-04-11,0
ck_b340984b3444a7ca,2026-02-01 19:15:36,2026-04-10,2026-04-11,0
ck_b79d9a70685c2716,2026-02-04 00:43:47,2026-04-10,2026-04-11,0
ck_955317fccb313b3b,2026-04-06 23:13:43,2026-04-10,2026-04-11,1
ck_a06a7ac11aa52bba,2025-12-07 08:08:51,2026-04-10,2026-04-11,0
ck_76df5565cb76e6c3,2025-11-15 17:16:40,2026-04-10,2026-04-11,0
ck_095e1330d918cd79,2026-01-30 00:56:41,2026-04-10,2026-04-11,0
ck_08a943bbc8424a18,2026-01-06 09:19:17,2026-04-10,2026-04-11,0
ck_e51b22d6ad6fb270,2026-04-08 11:44:38,2026-04-10,2026-04-11,0
ck_30fa28eaccc04601,2026-03-10 20:16:47,2026-04-10,2026-04-11,0
ck_040f67702735e3f1,2025-08-17 21:35:36,2026-04-10,2026-04-11,0
ck_4eec3d27a8b43d53,2026-02-08 03:00:17,2026-04-10,2026-04-11,0
ck_10bc2d536d38baae,2026-02-23 12:15:54,2026-04-10,2026-04-11,0
ck_a6a332ebccc4ec4a,2026-01-23 14:46:52,2026-04-10,2026-04-11,0
ck_56ec0d519f2655d7,2026-04-09 08:38:45,2026-04-10,2026-04-11,1
ck_529792a3542a6048,2026-01-02 11:05:25,2026-04-10,2026-04-11,1
ck_58ca05e5788f537a,2026-04-08 00:44:48,2026-04-10,2026-04-11,0
ck_c3ee328c148fb5a0,2026-03-20 00:40:13,2026-04-10,2026-04-11,0
ck_99cf0c9c8495c41e,2025-12-14 12:11:49,2026-04-10,2026-04-11,0
ck_1997ce228e95e350,2026-04-09 05:29:00,2026-04-10,2026-04-11,0
ck_1d27fd2490e88c78,2026-04-01 13:52:56,2026-04-10,2026-04-11,0
ck_fed0f7d3e447f236,2026-03-02 07:17:47,2026-04-10,2026-04-11,0
ck_98406cffe111b29a,2026-04-09 05:32:04,2026-04-10,2026-04-11,0
ck_52e78d54734cef6e,2026-01-09 14:22:33,2026-04-10,2026-04-11,0
ck_c8e82952af87db21,2026-01-18 22:40:15,2026-04-10,2026-04-11,0
ck_5bb3360ca17f12a9,2026-01-25 07:20:07,2026-04-10,2026-04-11,0
ck_b797cc48cf740afc,2025-12-22 21:13:27,2026-04-10,2026-04-11,0
ck_d3eb51ee52e7195c,2026-02-28 14:42:49,2026-04-10,2026-04-11,0
ck_9176348e31462658,2025-12-10 14:32:17,2026-04-10,2026-04-11,0
ck_c420a67c28066897,2026-04-09 18:13:47,2026-04-10,2026-04-11,1
ck_548bfe0026cfe284,2025-09-04 15:34:12,2026-04-10,2026-04-11,0
ck_9e7b63e3d3f115bb,2026-04-09 09:23:45,2026-04-10,2026-04-11,0
ck_93937edefcd0af65,2026-04-08 13:18:28,2026-04-10,2026-04-11,1
ck_5597875376fcfd0e,2025-08-15 21:30:02,2026-04-10,2026-04-11,0
ck_536e837d8c7c850b,2025-12-05 17:47:05,2026-04-10,2026-04-11,0
ck_36f2c15eb122372e,2026-01-01 15:08:40,2026-04-10,2026-04-11,0
ck_1e0c3408e98f5c1a,2026-02-25 22:54:05,2026-04-10,2026-04-11,0
ck_c14341a4477d09a7,2026-04-08 02:45:13,2026-04-10,2026-04-11,0
ck_5128b2bde3f67ede,2025-08-11 07:58:33,2026-04-10,2026-04-11,0
ck_18ba61cbe30fda75,2025-06-24 12:37:14,2026-04-10,2026-04-11,0
ck_a7e0a89b1ff211d9,2025-12-19 08:16:47,2026-04-10,2026-04-11,0
ck_4492c4c483832690,2026-04-08 20:38:52,2026-04-10,2026-04-11,0
ck_856bb62edfbdb38a,2026-02-08 06:52:23,2026-04-10,2026-04-11,0
ck_19543c484264184b,2026-03-14 07:50:21,2026-04-10,2026-04-11,0
ck_fcf938a2874a17df,2026-04-08 22:16:45,2026-04-10,2026-04-11,0
ck_f762433fa9d92182,2026-03-03 22:04:13,2026-04-10,2026-04-11,0
ck_1cce4b08f2a93c85,2026-01-23 23:00:50,2026-04-10,2026-04-11,0
ck_b5764e58693ca5f2,2026-04-09 16:51:51,2026-04-10,2026-04-11,0
ck_6c449604572757bf,2025-12-25 05:10:55,2026-04-10,2026-04-11,0
ck_8d91599f5dcbe8b7,2026-03-20 21:43:41,2026-04-10,2026-04-11,0
ck_eb2ca3efa73b8c6c,2025-10-22 06:52:12,2026-04-10,2026-04-11,0
ck_8318b49c7872a563,2025-08-21 06:01:49,2026-04-10,2026-04-11,0
ck_0e8c2428e3eb3200,2026-03-05 23:23:47,2026-04-10,2026-04-11,0
ck_922334899bf93286,2026-04-09 10:39:58,2026-04-10,2026-04-11,0
ck_1e43661d2c5ffcb6,2025-10-21 18:52:57,2026-04-10,2026-04-11,0
ck_d73d1916c979a37a,2026-02-22 04:31:36,2026-04-10,2026-04-11,0
ck_16daa584ee7c18bc,2026-04-07 19:47:39,2026-04-10,2026-04-11,0
ck_3f0c71c17db38066,2026-02-21 20:37:03,2026-04-10,2026-04-11,0
ck_9e29c754700922f2,2026-01-31 22:30:37,2026-04-10,2026-04-11,0
ck_76a1b15d05c8b735,2025-11-28 17:09:31,2026-04-10,2026-04-11,0
ck_558f942c29615794,2026-02-05 17:39:45,2026-04-10,2026-04-11,0
ck_02c6513e15212abe,2026-04-09 16:56:02,2026-04-10,2026-04-11,0
ck_d2054594fbf06adc,2026-01-05 13:44:31,2026-04-10,2026-04-11,0
ck_c8aa5f072c630f4e,2026-03-06 05:01:13,2026-04-10,2026-04-11,0
ck_993e837c67d365a5,2025-12-14 13:59:36,2026-04-10,2026-04-11,0
ck_ab778ffe3fc82a4d,2026-04-07 18:29:12,2026-04-10,2026-04-11,1
ck_6ad174a5ed895a0a,2025-06-08 05:28:55,2026-04-10,2026-04-11,0
ck_fc6f0fdb9c53bd3a,2026-02-10 03:05:10,2026-04-10,2026-04-11,0
ck_955247c275332390,2026-04-09 05:46:33,2026-04-10,2026-04-11,0
ck_65b1959dc51bd25d,2025-11-11 00:41:12,2026-04-10,2026-04-11,0
ck_41dbcaf24c927e17,2026-04-09 18:23:24,2026-04-10,2026-04-11,1
ck_de603c14f7fbf317,2025-11-07 11:06:46,2026-04-10,2026-04-11,0
ck_38421b7db95c00d8,2025-11-02 02:19:41,2026-04-10,2026-04-11,0
ck_c6b8cdf644252f43,2026-02-22 00:39:44,2026-04-10,2026-04-11,0
ck_4f52f4893d4ede4d,2026-04-09 19:46:40,2026-04-10,2026-04-11,0
ck_fb158719c0ddcb49,2026-01-11 21:12:00,2026-04-10,2026-04-11,0
ck_1df6015bf0911b4b,2026-04-07 14:47:54,2026-04-10,2026-04-11,0
ck_b51fb9ee15f40652,2026-03-09 19:27:44,2026-04-10,2026-04-11,0
ck_a6c9bac491ad503f,2026-04-08 16:09:39,2026-04-10,2026-04-11,0
ck_dcd5552f8c4276ec,2026-02-04 03:50:52,2026-04-10,2026-04-11,0
ck_379446867463dea5,2026-04-07 22:22:23,2026-04-10,2026-04-11,0
ck_9160493bd437c0ae,2026-02-20 14:37:45,2026-04-10,2026-04-11,0
ck_0641882f18ed201f,2026-04-03 22:31:24,2026-04-10,2026-04-11,0
ck_e35412031504e7f8,2025-06-23 02:37:28,2026-04-10,2026-04-11,0
ck_6fe7361bdb2f1fc3,2026-01-10 06:28:10,2026-04-10,2026-04-11,0
ck_84908463e7e7b871,2025-04-13 05:39:50,2026-04-10,2026-04-11,1
ck_c03e3c822f523dff,2026-04-07 10:03:57,2026-04-10,2026-04-11,0
ck_e42cbd35a0854ee5,2026-03-20 21:06:19,2026-04-10,2026-04-11,0
ck_7e84b37480c2a4b5,2026-02-26 06:35:03,2026-04-10,2026-04-11,0
ck_b35da046a8cd3321,2025-11-14 20:50:24,2026-04-10,2026-04-11,0
ck_66079ef430c6222e,2026-02-01 22:16:53,2026-04-10,2026-04-11,0
ck_e42be08d70ed8501,2025-09-26 04:35:28,2026-04-10,2026-04-11,0
ck_cf45b12c2aa3088e,2025-12-18 01:33:16,2026-04-10,2026-04-11,0
ck_938a289cedc05182,2025-12-26 03:42:11,2026-04-10,2026-04-11,0
ck_41cf2ffc1b03d41c,2026-04-08 15:36:21,2026-04-10,2026-04-11,0
ck_36bc141fe278be95,2025-10-27 10:09:06,2026-04-10,2026-04-11,0
ck_5e0a91b6ef86d351,2025-09-12 23:00:17,2026-04-10,2026-04-11,0
ck_78e678920bd73432,2025-12-07 14:18:52,2026-04-10,2026-04-11,0
ck_c497f3791ca576d7,2026-01-27 09:50:30,2026-04-10,2026-04-11,0
ck_9565be8b5db59a37,2026-03-26 04:40:44,2026-04-10,2026-04-11,0
ck_957abb17d32c3f6a,2025-12-27 03:04:06,2026-04-10,2026-04-11,1
ck_115694828bbd3dcc,2026-01-25 21:08:41,2026-04-10,2026-04-11,0
ck_5b9d292ebe6af40b,2025-07-04 03:26:46,2026-04-10,2026-04-11,0
ck_df656d19a247289d,2026-04-09 15:43:43,2026-04-10,2026-04-11,0
ck_84c1ce22272a2020,2026-04-08 23:06:42,2026-04-10,2026-04-11,0
ck_af7431399c5af2a9,2025-10-23 08:49:00,2026-04-10,2026-04-11,0
ck_a92acabcdda8b193,2026-01-11 01:55:04,2026-04-10,2026-04-11,0
ck_4ca2e0ecd3ea02f2,2026-03-09 08:56:54,2026-04-10,2026-04-11,0
ck_f3a82b15e1a9978b,2026-04-08 10:10:38,2026-04-10,2026-04-11,0
ck_48372ef2cecdbb47,2026-03-18 08:37:29,2026-04-10,2026-04-11,0
ck_40082010f7579dd9,2026-02-28 06:52:41,2026-04-10,2026-04-11,0
ck_93f7d56f2992dfb1,2026-03-23 16:03:18,2026-04-10,2026-04-11,0
ck_359e60cd189fc01b,2026-02-26 07:07:37,2026-04-10,2026-04-11,0
ck_533ed72b1e494609,2025-09-18 20:52:54,2026-04-10,2026-04-11,0
ck_a4f23692bb6fa12b,2026-01-17 10:52:11,2026-04-10,2026-04-11,0
ck_e0ebfb2c9bc18830,2026-04-08 21:38:55,2026-04-10,2026-04-11,0
ck_a7cc891531cb70cb,2026-04-06 14:03:09,2026-04-10,2026-04-11,0
ck_cca14ed22918fce9,2026-02-09 13:20:45,2026-04-10,2026-04-11,0
ck_ce0fc3c815f962b4,2026-04-09 10:06:18,2026-04-10,2026-04-11,0
ck_0ccfacdbbdbcf518,2026-03-17 10:57:34,2026-04-10,2026-04-11,0
ck_6343704f74dde29c,2026-01-08 16:46:18,2026-04-10,2026-04-11,0
ck_7ea5885d908bb198,2026-04-09 18:40:07,2026-04-10,2026-04-11,0
ck_fcb11d17d4f5cf36,2025-10-23 08:47:55,2026-04-10,2026-04-11,0
ck_91f87fc404d44fa2,2025-12-09 17:16:15,2026-04-10,2026-04-11,0
ck_97c4cd0a773fbaeb,2025-12-23 01:56:21,2026-04-10,2026-04-11,0
ck_de218705b01d014e,2026-02-22 10:35:57,2026-04-10,2026-04-11,0
ck_df3d177502352107,2025-11-20 16:16:43,2026-04-10,2026-04-11,0
ck_a4e96f2e82bc36b7,2025-09-10 03:24:15,2026-04-10,2026-04-11,0
ck_b8d571a0b6e00f5e,2026-02-13 01:40:41,2026-04-10,2026-04-11,0
ck_ffd174d945479a85,2026-04-07 23:49:56,2026-04-10,2026-04-11,0
ck_3996d85ebff1727d,2026-01-20 17:38:36,2026-04-10,2026-04-11,0
ck_130434566aaa2276,2026-02-11 23:47:53,2026-04-10,2026-04-11,0
ck_ebcddfdef104ed14,2025-11-26 22:23:34,2026-04-10,2026-04-11,0
ck_d872da968f2e3ac2,2025-12-19 20:04:55,2026-04-10,2026-04-11,0
ck_2c87ce8101a12482,2026-02-24 15:30:33,2026-04-10,2026-04-11,0
ck_0a71103c738332e3,2026-02-02 09:44:06,2026-04-10,2026-04-11,0
ck_7d846d3a881a4df8,2025-10-14 03:53:27,2026-04-10,2026-04-11,0
ck_93d58e8d4a7b184c,2026-01-15 18:51:00,2026-04-10,2026-04-11,0
ck_a37c7aba1cd0e4bb,2026-04-09 16:56:17,2026-04-10,2026-04-11,0
ck_57029606328c9a52,2026-03-20 15:45:59,2026-04-10,2026-04-11,0
ck_59e8926ecbcdf996,2026-02-16 04:51:11,2026-04-10,2026-04-11,0
ck_c0efa0f65313161a,2025-12-14 13:23:48,2026-04-10,2026-04-11,0
ck_2d7ed68d097dc2a9,2026-04-08 00:04:53,2026-04-10,2026-04-11,0
ck_b086feeef01e1c08,2025-07-25 00:36:18,2026-04-10,2026-04-11,0
ck_9e7c387cfa1dc3c5,2026-04-09 10:47:21,2026-04-10,2026-04-11,1
ck_12c8a89dc251c2f8,2026-04-09 03:18:10,2026-04-10,2026-04-11,0
ck_18b8e727d4867af2,2026-02-24 10:16:31,2026-04-10,2026-04-11,0
ck_e4f046f721d10f81,2026-04-08 17:40:46,2026-04-10,2026-04-11,0
ck_9c460bf37f4c3a25,2026-02-14 12:01:06,2026-04-10,2026-04-11,0
ck_afd6e26ee786ee24,2026-02-21 20:59:33,2026-04-10,2026-04-11,0
ck_03dc7dc72c5c18c0,2026-02-20 00:48:45,2026-04-10,2026-04-11,0
ck_86ffe02f986eb348,2025-08-28 06:38:18,2026-04-10,2026-04-11,0
ck_06f72501813a78b8,2026-04-09 05:35:48,2026-04-10,2026-04-11,0
ck_51796351d6c3aafc,2026-04-07 06:29:13,2026-04-10,2026-04-11,0
ck_7a616f2058eaf3de,2026-03-18 02:56:32,2026-04-10,2026-04-11,0
ck_9e43cc44be41750d,2026-04-08 22:44:36,2026-04-10,2026-04-11,0
ck_3874aa22977dde84,2025-12-25 06:30:10,2026-04-10,2026-04-11,0
ck_c432b0775464ccd5,2025-11-26 13:57:24,2026-04-10,2026-04-11,0
ck_a7d3f81ebdff2a87,2026-02-28 08:54:07,2026-04-10,2026-04-11,0
ck_03cea509112b200b,2026-01-03 08:54:41,2026-04-10,2026-04-11,0
ck_cd42d90907f6225f,2025-12-20 12:05:29,2026-04-10,2026-04-11,0
ck_895b899d02f38442,2025-11-15 20:20:48,2026-04-10,2026-04-11,0
ck_7f9bc486a35f0a65,2025-12-21 10:08:54,2026-04-10,2026-04-11,0
ck_03ec0fcc1b608c16,2025-07-17 15:53:21,2026-04-10,2026-04-11,0
ck_8e5798679480ac64,2025-12-27 11:53:27,2026-04-10,2026-04-11,0
ck_47fe558f8de5a0f8,2026-02-08 08:38:24,2026-04-10,2026-04-11,0
ck_0b8deb747f52dd5e,2025-12-11 04:40:22,2026-04-10,2026-04-11,0
ck_5ff3b0644002a2b3,2026-04-06 21:45:02,2026-04-10,2026-04-11,0
ck_6ceb0f72da1ac08f,2026-03-03 14:18:43,2026-04-10,2026-04-11,0
ck_d26d80b83d8e78b7,2026-04-09 19:51:29,2026-04-10,2026-04-11,0
ck_35f937c81a75b3c2,2025-09-26 20:36:01,2026-04-10,2026-04-11,0
ck_4fc3487cba5525c5,2026-01-11 08:01:01,2026-04-10,2026-04-11,0
ck_c21c243eba8fd359,2026-04-09 13:55:19,2026-04-10,2026-04-11,0
ck_6026cc1b738c3014,2026-04-09 03:46:19,2026-04-10,2026-04-11,0
ck_82230d701e104bc7,2026-01-30 05:35:24,2026-04-10,2026-04-11,0
ck_55f1b22cab934002,2026-04-09 17:38:02,2026-04-10,2026-04-11,0
ck_20c82fe4a255b228,2025-10-13 15:11:34,2026-04-10,2026-04-11,1
ck_cd217b16edf56cbf,2026-04-09 11:55:20,2026-04-10,2026-04-11,0
ck_c005c8da71754cc4,2026-01-25 08:52:52,2026-04-10,2026-04-11,0
ck_d725cb1c6e29356d,2025-11-29 11:45:02,2026-04-10,2026-04-11,0
ck_de7d7c182441cd31,2026-01-23 22:37:25,2026-04-10,2026-04-11,0
ck_276773b27c82cff9,2025-09-27 10:12:12,2026-04-10,2026-04-11,0
ck_0269d240ff32be63,2025-11-26 14:20:45,2026-04-10,2026-04-11,0
ck_91a1c4464c4f13a9,2025-12-19 01:14:00,2026-04-10,2026-04-11,0
ck_c825a06250eface3,2026-03-25 18:54:28,2026-04-10,2026-04-11,0
ck_8cf90cd8eb327100,2026-04-07 10:58:49,2026-04-10,2026-04-11,0
ck_44450e502166672c,2026-01-12 22:01:10,2026-04-10,2026-04-11,0
ck_dee1de3630d57d9d,2026-04-09 17:26:49,2026-04-10,2026-04-11,0
ck_bfc7081c9b448aee,2026-04-09 18:06:21,2026-04-10,2026-04-11,1
ck_0433129ac9f5c4cf,2026-04-09 11:45:18,2026-04-10,2026-04-11,0
ck_2ee98b8cd8e4823d,2026-02-15 02:25:52,2026-04-10,2026-04-11,0
ck_742f8ec771d17ac2,2026-02-09 19:37:05,2026-04-10,2026-04-11,0
ck_f159fbc0b9345de9,2026-02-11 00:54:25,2026-04-10,2026-04-11,0
ck_10fe5fcdfe57279f,2026-01-23 06:19:27,2026-04-10,2026-04-11,0
ck_efcd22cde02dcbaf,2026-02-27 08:43:36,2026-04-10,2026-04-11,0
ck_13146382e53b76f8,2026-02-23 07:33:20,2026-04-10,2026-04-11,0
ck_0f42c898d23a3a53,2026-02-12 11:14:55,2026-04-10,2026-04-11,0
ck_26eb88518920bbaf,2026-03-04 13:29:23,2026-04-10,2026-04-11,0
ck_855b52255ac444f4,2025-10-08 04:58:04,2026-04-10,2026-04-11,0
ck_4ebdcf0da2936e15,2026-02-26 15:02:06,2026-04-10,2026-04-11,0
ck_507f08732d9c5b6c,2025-11-04 13:26:13,2026-04-10,2026-04-11,0
ck_bceef4917377b16a,2026-02-08 22:31:42,2026-04-10,2026-04-11,0
ck_4d6e300a2a68a821,2026-03-28 04:53:06,2026-04-10,2026-04-11,0
ck_a9151f8c174ff96d,2025-08-31 19:01:53,2026-04-10,2026-04-11,0
ck_719272be185c0345,2025-11-15 07:33:31,2026-04-10,2026-04-11,0
ck_3f458a103c685e11,2026-04-09 12:45:02,2026-04-10,2026-04-11,0
ck_3945ae53b6987d2b,2026-03-08 13:08:40,2026-04-10,2026-04-11,0
ck_792a97f848255d3f,2026-03-27 12:29:25,2026-04-10,2026-04-11,0
ck_5f70e2df3448b193,2025-08-24 13:05:36,2026-04-10,2026-04-11,0
ck_6f54f4a337ae235b,2026-02-11 17:02:05,2026-04-10,2026-04-11,0
ck_5db31228857a5202,2026-01-13 05:40:35,2026-04-10,2026-04-11,0
ck_0b66cd43a7fd0a99,2025-11-10 19:08:37,2026-04-10,2026-04-11,0
ck_81333e112410bd77,2026-04-09 13:35:38,2026-04-10,2026-04-11,0
ck_58f01392bef71833,2026-02-05 06:48:33,2026-04-10,2026-04-11,0
ck_e6cbaf3784d36937,2026-04-07 17:04:04,2026-04-10,2026-04-11,0
ck_13e4448813138102,2025-12-13 18:57:21,2026-04-10,2026-04-11,0
ck_63347cd8e420edf4,2025-12-20 12:59:26,2026-04-10,2026-04-11,0
ck_dba724d7996307f8,2025-11-18 10:52:00,2026-04-10,2026-04-11,0
ck_8164d397c0a94688,2026-03-01 06:36:52,2026-04-10,2026-04-11,0
ck_c50e8a6bf6e82973,2026-01-18 06:05:38,2026-04-10,2026-04-11,0
ck_1b3d3ac083418cbb,2026-02-21 01:52:15,2026-04-10,2026-04-11,0
ck_977da57fa21d8d35,2025-08-03 04:04:53,2026-04-10,2026-04-11,0
ck_1ff592f322657de6,2026-04-09 04:37:18,2026-04-10,2026-04-11,0
ck_830d3501fbadb65c,2025-07-05 18:15:35,2026-04-10,2026-04-11,0
ck_93ed02daa3308e4b,2026-01-19 22:17:36,2026-04-10,2026-04-11,0
ck_19c45fe86e270d6a,2026-04-09 22:49:50,2026-04-10,2026-04-11,0
ck_b482f743591b3b86,2026-04-09 04:38:53,2026-04-10,2026-04-11,0
ck_f1ddb96a9e6d4b22,2026-03-24 19:56:36,2026-04-10,2026-04-11,0
ck_77d46ab00502beb2,2025-09-16 19:48:54,2026-04-10,2026-04-11,0
ck_688aea212477b2d8,2026-02-23 05:11:56,2026-04-10,2026-04-11,0
ck_5f2d98fde139799f,2026-01-24 21:21:03,2026-04-10,2026-04-11,0
ck_4918090b3ec0ac91,2026-04-09 06:37:16,2026-04-10,2026-04-11,1
ck_2d992aa2e382f3cf,2025-11-26 16:25:02,2026-04-10,2026-04-11,1
ck_78f229029e53a2c5,2026-01-08 17:41:23,2026-04-10,2026-04-11,0
ck_21b2dfc804b314c6,2026-03-22 14:07:44,2026-04-10,2026-04-11,0
ck_14232ccb59bbba81,2026-04-09 06:50:43,2026-04-10,2026-04-11,0
ck_68486f9b0283a854,2025-12-30 04:31:49,2026-04-10,2026-04-11,0
ck_090dca287f9bfbd0,2025-10-19 22:10:04,2026-04-10,2026-04-11,0
ck_1984b5a36c56f451,2025-11-04 13:57:03,2026-04-10,2026-04-11,0
ck_de276e460fd16960,2025-11-29 05:06:45,2026-04-10,2026-04-11,0
ck_9dee922355ec31ce,2025-12-24 11:11:58,2026-04-10,2026-04-11,0
ck_00bdacd26d33f4ec,2026-02-13 19:59:12,2026-04-10,2026-04-11,0
ck_e9c8f1fdd103adc7,2025-11-06 11:40:31,2026-04-10,2026-04-11,0
ck_a3944e344379ad95,2026-01-26 02:01:59,2026-04-10,2026-04-11,0
ck_1045b5e3b74435a0,2026-03-30 04:00:06,2026-04-10,2026-04-11,0
ck_7264e1fa21e2fddf,2026-02-13 02:29:02,2026-04-10,2026-04-11,0
ck_12e76a1bd58e1fe7,2026-02-15 07:43:01,2026-04-10,2026-04-11,0
ck_ecfdcd9c7f44d9aa,2026-01-29 07:23:14,2026-04-10,2026-04-11,0
ck_0135104668a0747c,2026-01-04 02:55:29,2026-04-10,2026-04-11,0
ck_70c53273f6cfc80a,2025-12-06 19:05:15,2026-04-10,2026-04-11,0
ck_bef025a66f196be0,2026-02-18 18:29:47,2026-04-10,2026-04-11,0
ck_cfd317feb96b4487,2025-09-12 12:31:41,2026-04-10,2026-04-11,0
ck_bfdf78c619e63e6e,2026-02-25 12:18:55,2026-04-10,2026-04-11,0
ck_f8c1afd48edcd3d9,2026-04-09 12:37:47,2026-04-10,2026-04-11,0
ck_e81ea77b9d0e91ae,2026-03-20 19:21:38,2026-04-10,2026-04-11,1
ck_a7d1126d1e3ac8a5,2026-03-13 12:04:26,2026-04-10,2026-04-11,0
ck_e8286e96418d9937,2025-07-02 10:39:40,2026-04-10,2026-04-11,0
ck_f5f55893cbfe3718,2025-09-09 16:06:29,2026-04-10,2026-04-11,0
ck_87c5cbe1719ed96d,2026-04-09 16:33:45,2026-04-10,2026-04-11,0
ck_4f2423bfdaa7bdcb,2026-01-28 16:22:18,2026-04-10,2026-04-11,0
ck_cdb00fd73929c68c,2026-03-26 02:39:10,2026-04-10,2026-04-11,0
ck_977a89ba0a79a15f,2026-01-22 17:08:44,2026-04-10,2026-04-11,0
ck_d1583799d222e9eb,2026-03-13 23:40:48,2026-04-10,2026-04-11,0
ck_1d29b5e906a2d8c7,2026-01-09 22:24:33,2026-04-10,2026-04-11,0
ck_09c0eaf0308a3b4a,2026-03-25 02:01:38,2026-04-10,2026-04-11,0
ck_013ea6d19b652969,2026-04-09 14:26:25,2026-04-10,2026-04-11,0
ck_08ed76a8e0dd312f,2026-02-21 06:36:58,2026-04-10,2026-04-11,0
ck_ba43d572aa1445d2,2026-01-13 08:45:45,2026-04-10,2026-04-11,0
ck_be3d8272ac5e00d2,2025-12-22 20:35:12,2026-04-10,2026-04-11,0
ck_cd0040c626f822b4,2025-09-22 08:30:49,2026-04-10,2026-04-11,0
ck_0be300c642cb9d0b,2026-04-08 11:43:10,2026-04-10,2026-04-11,0
ck_527d7628d39dd056,2025-12-07 13:49:46,2026-04-10,2026-04-11,0
ck_b0f883492ad339fe,2026-01-17 03:40:53,2026-04-10,2026-04-11,0
ck_b3cc3eef84105096,2026-04-08 20:53:39,2026-04-10,2026-04-11,0
ck_1743f3fbff822992,2026-04-07 22:10:40,2026-04-10,2026-04-11,0
ck_0fa40f8918dca9bb,2026-03-03 09:21:39,2026-04-10,2026-04-11,0
ck_2a8aee29891f57fe,2025-12-30 06:59:05,2026-04-10,2026-04-11,0
ck_71bf885006274d6a,2026-03-15 13:15:56,2026-04-10,2026-04-11,1
ck_0cb7f7f5903d0c53,2026-01-30 23:46:01,2026-04-10,2026-04-11,0
ck_462643280eef0a1d,2026-04-08 16:32:06,2026-04-10,2026-04-11,0
ck_07e48ae012535cd8,2025-12-25 21:59:35,2026-04-10,2026-04-11,1
ck_1a52873e76407f6b,2025-12-22 09:54:10,2026-04-10,2026-04-11,0
ck_9cabe0ed0cc07725,2026-03-06 17:11:56,2026-04-10,2026-04-11,0
ck_886af58d5e88fda3,2026-01-31 07:01:20,2026-04-10,2026-04-11,0
ck_912362a7f4c84cc3,2026-02-05 12:24:32,2026-04-10,2026-04-11,0
ck_1edd46d25229b3e4,2026-04-09 00:59:22,2026-04-10,2026-04-11,0
ck_12b3dcdfc4b3e1dd,2026-04-09 20:40:46,2026-04-10,2026-04-11,0
ck_2b471117fdfae991,2026-01-23 19:05:38,2026-04-10,2026-04-11,0
ck_f97e3a8fd573fd62,2026-02-11 09:57:51,2026-04-10,2026-04-11,0
ck_d1c05fe73e2f893c,2026-04-09 18:27:16,2026-04-10,2026-04-11,0
ck_20eb403077e00601,2025-11-24 05:42:40,2026-04-10,2026-04-11,0
ck_8fca57ac3f14a9bb,2026-04-08 23:07:43,2026-04-10,2026-04-11,0
ck_edea0e9bb5928c5c,2026-01-25 09:09:30,2026-04-10,2026-04-11,0
ck_8917d72bf3974f7c,2026-04-08 16:41:55,2026-04-10,2026-04-11,0
ck_8b95b1a05e0609de,2025-11-12 02:44:58,2026-04-10,2026-04-11,0
ck_0f4bc4cf1c4c241f,2026-02-07 08:48:38,2026-04-10,2026-04-11,0
ck_b2f7133a01964aec,2025-12-18 11:56:04,2026-04-10,2026-04-11,0
ck_6ce381a08ab1fab9,2026-03-31 05:23:47,2026-04-10,2026-04-11,1
ck_3f448aa2409b3019,2025-12-24 18:48:37,2026-04-10,2026-04-11,0
ck_787c59f935150cd7,2026-03-09 16:09:43,2026-04-10,2026-04-11,0
ck_18a0f28447e9f276,2026-04-09 16:32:14,2026-04-10,2026-04-11,0
ck_2fd061cce8c5a30c,2026-02-15 11:58:44,2026-04-10,2026-04-11,0
ck_171d8fbc21303c8e,2026-01-07 06:45:45,2026-04-10,2026-04-11,0
ck_69881e74d0fdca9f,2026-02-11 03:53:08,2026-04-10,2026-04-11,0
ck_c6b4c049d453db2e,2025-06-01 14:05:44,2026-04-10,2026-04-11,0
ck_0149949b16c8197e,2026-01-14 12:15:30,2026-04-10,2026-04-11,0
ck_4d1d61e71d7fb20e,2025-09-30 13:50:06,2026-04-11,2026-04-12,0
ck_f80d85f038cdacee,2025-08-23 19:05:01,2026-04-11,2026-04-12,0
ck_12960ea41c183101,2026-02-17 05:41:33,2026-04-11,2026-04-12,0
ck_28ee84e5a6977ec7,2026-02-17 09:05:05,2026-04-11,2026-04-12,0
ck_0719719fd553ad6a,2026-02-09 04:31:55,2026-04-11,2026-04-12,0
ck_4b1ee9b5f550a64e,2026-04-06 12:04:26,2026-04-11,2026-04-12,0
ck_2ffab46e720322dc,2026-04-10 15:36:28,2026-04-11,2026-04-12,1
ck_ee9740f3e1f5ca03,2026-04-10 12:54:33,2026-04-11,2026-04-12,0
ck_ee360963b92c3ba8,2026-01-25 06:02:22,2026-04-11,2026-04-12,0
ck_c0145a60548546fb,2025-11-22 08:56:12,2026-04-11,2026-04-12,0
ck_c538b3db85ea0bfa,2026-04-10 15:36:29,2026-04-11,2026-04-12,0
ck_d6d343e656d407f4,2026-04-08 23:38:38,2026-04-11,2026-04-12,0
ck_8583f5436d34fab2,2026-02-03 13:15:37,2026-04-11,2026-04-12,0
ck_e32dcb610d9bee50,2026-04-10 18:21:16,2026-04-11,2026-04-12,1
ck_e387f75006623032,2026-04-08 17:37:34,2026-04-11,2026-04-12,0
ck_134b911be95e9952,2026-04-07 16:45:46,2026-04-11,2026-04-12,0
ck_0d1db24591d2d9ad,2026-02-25 00:48:49,2026-04-11,2026-04-12,1
ck_b8492aa00fded977,2025-11-28 05:08:43,2026-04-11,2026-04-12,0
ck_fb50fc0b270a793b,2026-03-25 14:23:27,2026-04-11,2026-04-12,0
ck_d792df730b58b212,2026-04-10 18:18:53,2026-04-11,2026-04-12,0
ck_f75110513322c4ee,2026-04-09 12:10:03,2026-04-11,2026-04-12,1
ck_8587f4bcf8c307fb,2026-02-08 07:03:22,2026-04-11,2026-04-12,0
ck_267b8f99c0a9dd49,2026-04-10 11:31:16,2026-04-11,2026-04-12,0
ck_28286d43f1b2e299,2025-06-02 23:02:07,2026-04-11,2026-04-12,0
ck_ee0bfe29a2a11c60,2026-04-10 04:58:45,2026-04-11,2026-04-12,0
ck_9131a65e4073acd6,2026-02-18 06:28:23,2026-04-11,2026-04-12,0
ck_4d3e24e344ce3447,2026-02-08 11:11:36,2026-04-11,2026-04-12,0
ck_bc1cddfdd8bfcb63,2026-02-17 06:45:25,2026-04-11,2026-04-12,0
ck_2b30312b8e7751e3,2026-01-09 01:36:35,2026-04-11,2026-04-12,0
ck_ad12f591a05a7a87,2025-12-30 11:47:38,2026-04-11,2026-04-12,0
ck_4289e6ed3a1122db,2026-03-22 01:07:43,2026-04-11,2026-04-12,1
ck_87fca2335bdd8167,2025-12-24 06:50:06,2026-04-11,2026-04-12,0
ck_b42727a37791ac22,2026-02-13 05:45:56,2026-04-11,2026-04-12,0
ck_e379a8b80c83d28e,2026-02-27 10:12:05,2026-04-11,2026-04-12,0
ck_f0601e123f042935,2026-01-13 02:22:12,2026-04-11,2026-04-12,0
ck_c367a46509b98886,2025-07-24 20:37:33,2026-04-11,2026-04-12,0
ck_9e0631aacae6970f,2026-04-10 04:22:25,2026-04-11,2026-04-12,1
ck_36495c0660f17cae,2026-04-09 06:05:05,2026-04-11,2026-04-12,0
ck_7ff3e8c3c9f17e57,2025-11-27 10:14:01,2026-04-11,2026-04-12,0
ck_169754b23075856b,2026-04-10 08:58:16,2026-04-11,2026-04-12,1
ck_c7c40a32fcce3bc2,2026-04-09 20:22:48,2026-04-11,2026-04-12,0
ck_e095c8e499306c97,2025-09-08 17:46:30,2026-04-11,2026-04-12,0
ck_07ac62d35cf1c2d7,2026-02-07 17:49:02,2026-04-11,2026-04-12,0
ck_31f2af8e29e2fbeb,2026-03-03 19:46:19,2026-04-11,2026-04-12,0
ck_821b40aa9160a0dc,2026-02-26 00:39:43,2026-04-11,2026-04-12,0
ck_79b7aa7359dbda97,2025-11-21 20:46:23,2026-04-11,2026-04-12,0
ck_2f647c62df10664c,2026-01-19 15:04:16,2026-04-11,2026-04-12,0
ck_92a8796a4ddbe53e,2026-04-10 22:06:35,2026-04-11,2026-04-12,0
ck_03015c7616516060,2026-01-22 05:59:06,2026-04-11,2026-04-12,0
ck_0e07abf80ce798b7,2026-01-16 03:07:06,2026-04-11,2026-04-12,0
ck_aca48dc0fb97eae3,2026-02-09 21:14:36,2026-04-11,2026-04-12,1
ck_9245e24d7ff9d68e,2026-04-09 19:19:56,2026-04-11,2026-04-12,0
ck_ad5bcc3c327bc1e0,2025-12-01 14:40:04,2026-04-11,2026-04-12,0
ck_6e6829a888735c03,2026-04-09 00:39:05,2026-04-11,2026-04-12,0
ck_40d11a0b88c02d31,2025-11-08 18:29:19,2026-04-11,2026-04-12,0
ck_a71d87817bc01a96,2025-12-03 09:18:43,2026-04-11,2026-04-12,0
ck_d68120a638171f9e,2026-02-22 15:52:47,2026-04-11,2026-04-12,0
ck_f9b5ced27ecb10e8,2026-02-09 19:53:13,2026-04-11,2026-04-12,0
ck_1f8c8083e3f97ae7,2026-02-01 00:17:27,2026-04-11,2026-04-12,0
ck_cabb5ccb8ff13401,2026-03-03 20:46:51,2026-04-11,2026-04-12,0
ck_1e037933a91c3556,2026-03-03 09:08:54,2026-04-11,2026-04-12,0
ck_064772a65e242de3,2026-02-06 07:20:55,2026-04-11,2026-04-12,0
ck_b2236554f1432459,2025-11-26 00:10:56,2026-04-11,2026-04-12,1
ck_1753c68babced912,2025-10-29 11:35:01,2026-04-11,2026-04-12,0
ck_ed4ac8e0f2f9530a,2026-03-27 08:36:07,2026-04-11,2026-04-12,0
ck_9a9620c6882cdede,2026-03-19 01:59:02,2026-04-11,2026-04-12,0
ck_f4721d1d019f0b45,2025-10-09 06:07:40,2026-04-11,2026-04-12,0
ck_472abfb894bf397a,2025-10-31 07:53:27,2026-04-11,2026-04-12,0
ck_a04fd23ecc14484b,2026-01-19 22:03:28,2026-04-11,2026-04-12,0
ck_d10a9c22a341bb8a,2026-02-07 04:34:23,2026-04-11,2026-04-12,1
ck_0b8e2e2b3233df94,2026-04-10 13:54:09,2026-04-11,2026-04-12,0
ck_07d2d1686812e0a5,2026-04-09 16:19:11,2026-04-11,2026-04-12,1
ck_9d8b23b9ac9c4cbd,2026-04-10 14:52:21,2026-04-11,2026-04-12,0
ck_5dd687cef9b316af,2026-02-26 02:00:07,2026-04-11,2026-04-12,0
ck_dd767d15cca7bbd4,2025-10-30 14:37:16,2026-04-11,2026-04-12,0
ck_e8d888adc4dd48e2,2025-04-11 17:57:27,2026-04-11,2026-04-12,0
ck_763e530bd8cd0fe2,2026-01-17 00:47:24,2026-04-11,2026-04-12,1
ck_fc80aa73480e1861,2026-04-09 13:45:11,2026-04-11,2026-04-12,0
ck_2695d7bc65f2c12e,2025-08-27 07:11:28,2026-04-11,2026-04-12,0
ck_74783fcde067cbef,2026-04-09 22:08:10,2026-04-11,2026-04-12,0
ck_5cd650b812ce0114,2025-11-20 10:20:56,2026-04-11,2026-04-12,1
ck_53d69a789480b2a2,2025-12-19 13:30:39,2026-04-11,2026-04-12,0
ck_bd38a14c32c11ace,2026-01-02 08:34:39,2026-04-11,2026-04-12,0
ck_402d88adc787b9a2,2025-12-22 16:19:31,2026-04-11,2026-04-12,0
ck_aea14dcf547283b0,2026-01-25 15:24:19,2026-04-11,2026-04-12,0
ck_356241a3cc249692,2026-04-10 12:32:10,2026-04-11,2026-04-12,0
ck_0c5d62ffc28081fa,2026-04-09 08:56:09,2026-04-11,2026-04-12,0
ck_5dd8ae715d25c5f2,2025-05-14 02:51:16,2026-04-11,2026-04-12,0
ck_ab4bdbdec4d0614b,2025-11-29 20:51:22,2026-04-11,2026-04-12,0
ck_697c4464e1572e0f,2026-01-17 02:10:46,2026-04-11,2026-04-12,0
ck_e1b4969c9aa0cdaa,2026-03-22 17:40:14,2026-04-11,2026-04-12,0
ck_3245043779067f12,2026-01-26 12:17:06,2026-04-11,2026-04-12,0
ck_3df0f480695f91ab,2026-04-08 17:03:26,2026-04-11,2026-04-12,1
ck_be3ac7a02ab41f23,2026-03-23 11:56:23,2026-04-11,2026-04-12,0
ck_93c2a23d40749ed2,2025-12-14 04:51:02,2026-04-11,2026-04-12,0
ck_de8c4e50faab3e6a,2025-12-12 15:12:12,2026-04-11,2026-04-12,0
ck_f4c4f5b8e85eb5ec,2026-02-01 09:09:36,2026-04-11,2026-04-12,0
ck_9a5e68db5ebdc1c1,2026-02-13 22:12:03,2026-04-11,2026-04-12,0
ck_3d35132c9f8de3b6,2026-02-27 07:31:16,2026-04-11,2026-04-12,0
ck_f85185cea0f74548,2026-02-12 11:13:29,2026-04-11,2026-04-12,0
ck_968af57b1de4b443,2026-02-01 09:41:53,2026-04-11,2026-04-12,0
ck_5c9472cefe996f7d,2026-02-06 07:43:43,2026-04-11,2026-04-12,0
ck_9b18b9508ff3c8a5,2026-02-13 03:02:34,2026-04-11,2026-04-12,0
ck_3ef2ee36cd39210f,2026-04-09 23:44:13,2026-04-11,2026-04-12,0
ck_3be204cce9c9d414,2026-03-23 21:41:06,2026-04-11,2026-04-12,0
ck_7e3187bddbd8ff4e,2026-04-10 22:58:50,2026-04-11,2026-04-12,0
ck_58becfda6ce1ded6,2026-02-16 07:54:40,2026-04-11,2026-04-12,0
ck_96ecc6ed776f51b8,2026-04-09 10:35:26,2026-04-11,2026-04-12,0
ck_0fba9fbaa7a213e3,2026-04-09 02:34:16,2026-04-11,2026-04-12,0
ck_2934755b9f1baf96,2026-02-28 00:33:25,2026-04-11,2026-04-12,0
ck_fd66c43094b96d36,2025-05-08 19:18:01,2026-04-11,2026-04-12,0
ck_1fc09f3d021f7079,2026-02-15 23:25:54,2026-04-11,2026-04-12,0
ck_d7c1711a402e1af9,2026-01-29 17:47:16,2026-04-11,2026-04-12,0
ck_7cbaca42b21acef2,2026-02-06 16:59:46,2026-04-11,2026-04-12,0
ck_ea1f535a8f4ebe22,2026-04-10 13:55:27,2026-04-11,2026-04-12,0
ck_a89f87472a8a5429,2026-04-08 17:31:02,2026-04-11,2026-04-12,1
ck_169a512bf029aeee,2025-09-13 19:29:14,2026-04-11,2026-04-12,0
ck_dfd94bd72972eafc,2026-04-10 20:49:51,2026-04-11,2026-04-12,0
ck_7ec8d871b4e17023,2026-03-24 14:00:45,2026-04-11,2026-04-12,0
ck_cf8492dc6acf166a,2025-11-16 00:40:02,2026-04-11,2026-04-12,0
ck_d154e072001ec51e,2025-10-27 11:56:43,2026-04-11,2026-04-12,0
ck_7651b6b3bec040ea,2026-02-02 20:00:41,2026-04-11,2026-04-12,0
ck_8a535a8e2b2278a4,2026-04-10 08:46:14,2026-04-11,2026-04-12,0
ck_d7b57cb1d0e28626,2026-04-08 01:16:54,2026-04-11,2026-04-12,1
ck_391b75c24bdd7e8b,2025-09-18 15:57:33,2026-04-11,2026-04-12,0
ck_0684a2ffcb2c740a,2026-04-09 05:28:48,2026-04-11,2026-04-12,0
ck_9510e4f9ea3c89ad,2026-03-07 23:39:56,2026-04-11,2026-04-12,0
ck_91b3cf4d7c2b1c97,2026-04-10 15:30:21,2026-04-11,2026-04-12,0
ck_6c19361e54e00682,2026-01-29 22:06:06,2026-04-11,2026-04-12,0
ck_c8bb584c910d1bfc,2025-12-25 19:07:41,2026-04-11,2026-04-12,0
ck_284a4c3842b66b5a,2026-04-10 02:59:40,2026-04-11,2026-04-12,0
ck_d76ab0def4d4df29,2026-02-27 14:20:07,2026-04-11,2026-04-12,0
ck_880ff55723cf58a9,2025-08-08 16:02:08,2026-04-11,2026-04-12,0
ck_684bc2cf9a30146c,2025-07-09 09:44:15,2026-04-11,2026-04-12,0
ck_a839c820125472ae,2025-10-28 01:42:02,2026-04-11,2026-04-12,0
ck_6eb82409afd54238,2026-04-10 10:36:38,2026-04-11,2026-04-12,1
ck_8347d4567fa6c6c1,2026-04-09 22:54:36,2026-04-11,2026-04-12,1
ck_51423043635c48ce,2026-04-10 11:27:09,2026-04-11,2026-04-12,0
ck_17e7ec32b60cbd96,2025-11-23 21:10:32,2026-04-11,2026-04-12,0
ck_e8d871721d9523a4,2025-10-07 20:30:32,2026-04-11,2026-04-12,0
ck_a8c44f582b31b819,2026-04-10 04:47:04,2026-04-11,2026-04-12,0
ck_a31c56c6d8614914,2026-01-10 06:16:35,2026-04-11,2026-04-12,0
ck_1e20fc0b4e00a172,2026-03-01 03:40:08,2026-04-11,2026-04-12,0
ck_f9dfc706a621be90,2026-04-08 12:11:35,2026-04-11,2026-04-12,1
ck_02c110c5dd63579e,2026-04-09 04:06:10,2026-04-11,2026-04-12,0
ck_bd3c79aece3b431f,2026-02-28 08:28:27,2026-04-11,2026-04-12,0
ck_345039452bd0929e,2026-04-10 22:40:57,2026-04-11,2026-04-12,0
ck_e25467752089e2c0,2025-12-05 21:19:30,2026-04-11,2026-04-12,0
ck_925dda1a3055abd8,2026-03-02 00:13:51,2026-04-11,2026-04-12,0
ck_679f371586b0f662,2025-11-25 18:29:43,2026-04-11,2026-04-12,0
ck_bc4d6d755a61eba5,2026-03-21 21:23:48,2026-04-11,2026-04-12,0
ck_67f60af371e86ffa,2026-04-10 09:43:45,2026-04-11,2026-04-12,0
ck_a4ba52e690823f75,2025-10-02 15:08:48,2026-04-11,2026-04-12,0
ck_9e248d60e499554b,2026-04-08 23:25:54,2026-04-11,2026-04-12,0
ck_6bf65443095107c9,2026-02-24 03:29:43,2026-04-11,2026-04-12,0
ck_526faac234c8c2de,2026-03-17 15:10:31,2026-04-11,2026-04-12,0
ck_31d6bef01e0795fb,2026-03-23 18:58:23,2026-04-11,2026-04-12,0
ck_3ef78e6fbf420ac3,2025-10-13 08:30:05,2026-04-11,2026-04-12,0
ck_0a5ba9b537e5d1be,2025-12-10 18:56:05,2026-04-11,2026-04-12,0
ck_a3e272b4e812cfe9,2026-04-08 11:31:46,2026-04-11,2026-04-12,0
ck_68603085c3103e9c,2025-08-01 15:38:58,2026-04-11,2026-04-12,1
ck_42286494522ffde0,2026-02-04 15:24:45,2026-04-11,2026-04-12,0
ck_c2094368e0a78502,2026-03-02 09:05:41,2026-04-11,2026-04-12,0
ck_342c9ce8d1b0b4eb,2026-02-10 18:55:27,2026-04-11,2026-04-12,0
ck_1bbf95964db0cdc2,2026-02-25 23:23:53,2026-04-11,2026-04-12,0
ck_49128e485b73d781,2026-03-06 18:32:34,2026-04-11,2026-04-12,0
ck_f9a4916233ccfa56,2026-04-10 01:10:23,2026-04-11,2026-04-12,0
ck_8c0eb7e0fdf902bd,2026-02-06 20:17:24,2026-04-11,2026-04-12,0
ck_8dd0a8a91f240e72,2026-04-09 04:59:04,2026-04-11,2026-04-12,0
ck_8852394f48f6c1a9,2026-04-10 16:05:29,2026-04-11,2026-04-12,0
ck_75535201504d81a5,2026-04-10 02:30:55,2026-04-11,2026-04-12,0
ck_708b94f4b1787ff1,2026-04-10 01:17:53,2026-04-11,2026-04-12,0
ck_ae55e2235233fbfa,2026-01-01 11:03:27,2026-04-11,2026-04-12,0
ck_39c044193561f273,2026-02-02 21:36:24,2026-04-11,2026-04-12,0
ck_6955b59aadedd880,2026-01-01 15:34:11,2026-04-11,2026-04-12,0
ck_4d816cce2e345cf7,2026-01-08 09:47:35,2026-04-11,2026-04-12,0
ck_682994ec4a192f49,2026-04-10 07:06:07,2026-04-11,2026-04-12,0
ck_dba5cde88de45b29,2025-09-24 15:20:22,2026-04-11,2026-04-12,0
ck_4952045b37271297,2026-02-15 14:13:09,2026-04-11,2026-04-12,0
ck_4f9ea221dd4c702b,2025-09-27 01:15:58,2026-04-11,2026-04-12,0
ck_cea1b7daa8d3d3be,2025-11-07 13:15:16,2026-04-11,2026-04-12,0
ck_65da4a428856e1d7,2026-02-10 02:39:41,2026-04-11,2026-04-12,0
ck_e28d3942cd911edc,2026-04-09 14:15:23,2026-04-11,2026-04-12,0
ck_823894645cc7f950,2026-04-06 07:05:23,2026-04-11,2026-04-12,0
ck_d7ff9728ecc18f35,2026-01-26 09:25:35,2026-04-11,2026-04-12,0
ck_c88e0997ad4bdded,2026-02-22 03:47:57,2026-04-11,2026-04-12,0
ck_629ee99586641d81,2026-04-08 09:54:45,2026-04-11,2026-04-12,0
ck_25ad33fe03d18fb9,2026-04-09 16:53:56,2026-04-11,2026-04-12,0
ck_e0f62083bb45b852,2026-02-18 01:24:08,2026-04-11,2026-04-12,0
ck_56585aa9debe21e8,2025-09-06 05:03:23,2026-04-11,2026-04-12,0
ck_c639b6383c3e8b7b,2026-03-06 22:34:04,2026-04-11,2026-04-12,0
ck_1556e904e6337c3a,2026-03-04 09:59:05,2026-04-11,2026-04-12,0
ck_80d414b5726e7c90,2025-10-15 03:57:30,2026-04-11,2026-04-12,0
ck_7d2e7295e965a9e4,2025-10-28 01:13:41,2026-04-11,2026-04-12,0
ck_166ada649cf90c28,2025-11-13 18:07:29,2026-04-11,2026-04-12,0
ck_c4bdca0c2c4d39a6,2025-12-01 03:59:42,2026-04-11,2026-04-12,0
ck_aa6aff37496e117f,2025-12-13 14:56:52,2026-04-11,2026-04-12,0
ck_e5cf25461c870489,2025-12-31 00:41:36,2026-04-11,2026-04-12,0
ck_8dd62e84867f66ff,2025-12-08 20:17:29,2026-04-11,2026-04-12,1
ck_777c8d84863a238d,2025-12-30 04:13:46,2026-04-11,2026-04-12,1
ck_e8e89e01d6bd3cdb,2025-10-25 00:47:51,2026-04-11,2026-04-12,0
ck_5da6c41667036c1c,2026-04-10 13:05:06,2026-04-11,2026-04-12,0
ck_264c3fd92f82d0e2,2026-02-02 00:28:27,2026-04-11,2026-04-12,0
ck_d21f6bcde5174e6f,2025-11-20 05:00:58,2026-04-11,2026-04-12,0
ck_bc0fa1d113a4e236,2026-04-10 14:08:27,2026-04-11,2026-04-12,1
ck_dfb03d369d731503,2026-01-02 14:43:17,2026-04-11,2026-04-12,0
ck_3ea7a003868fb70d,2026-04-08 02:09:12,2026-04-11,2026-04-12,0
ck_3a2f6174a53815af,2026-01-14 11:55:20,2026-04-11,2026-04-12,0
ck_ca19ea35fb51f499,2026-02-17 10:19:17,2026-04-11,2026-04-12,0
ck_fc1addb4f55d3ad1,2026-04-07 09:01:20,2026-04-11,2026-04-12,0
ck_30fe6e40e6834bad,2026-03-24 14:21:13,2026-04-11,2026-04-12,0
ck_33cc90d6485c29fe,2026-04-09 21:33:37,2026-04-11,2026-04-12,0
ck_38a298a4b5a8dac6,2026-03-05 12:53:34,2026-04-11,2026-04-12,0
ck_38758651614a304e,2026-04-10 23:19:46,2026-04-11,2026-04-12,0
ck_ffd383a0374c3303,2026-03-09 06:10:05,2026-04-11,2026-04-12,0
ck_c70c67174d78fb20,2026-03-28 13:43:08,2026-04-11,2026-04-12,0
ck_8dd15dc2a067522f,2026-04-10 17:57:58,2026-04-11,2026-04-12,0
ck_7944430baf5c4058,2026-04-10 00:42:13,2026-04-11,2026-04-12,0
ck_087f6c0a6ed34b7b,2025-12-05 21:22:07,2026-04-11,2026-04-12,0
ck_dfd0360c7e0092da,2025-12-02 10:28:03,2026-04-11,2026-04-12,0
ck_29dea78fa9a323fe,2025-11-15 20:47:25,2026-04-11,2026-04-12,0
ck_6a405e7cbb4c35f7,2026-02-14 02:23:05,2026-04-11,2026-04-12,0
ck_cd35af62e65435e1,2026-02-20 22:21:03,2026-04-11,2026-04-12,0
ck_997b1fc99fab9e08,2026-04-09 23:55:54,2026-04-11,2026-04-12,0
ck_08227bda7e91b6f3,2026-02-20 18:18:41,2026-04-11,2026-04-12,0
ck_64e9fa82c4053797,2026-02-23 17:11:42,2026-04-11,2026-04-12,0
ck_ca43c1f163ac06ba,2025-11-28 05:12:53,2026-04-11,2026-04-12,0
ck_0049e76146165462,2026-04-09 22:51:13,2026-04-11,2026-04-12,0
ck_7118fd5924706fba,2025-04-12 21:32:35,2026-04-11,2026-04-12,0
ck_1199e4a89e38b686,2026-01-26 20:10:11,2026-04-11,2026-04-12,0
ck_7c134a1951db9f73,2026-04-03 04:53:22,2026-04-11,2026-04-12,0
ck_c937d3a0041c2064,2025-12-19 16:16:53,2026-04-11,2026-04-12,0
ck_4b6e377e4b946ccd,2025-12-30 02:02:08,2026-04-11,2026-04-12,0
ck_68030c9d97554a6d,2025-09-11 13:18:01,2026-04-11,2026-04-12,0
ck_8c2b698ccbbfd9c4,2026-02-10 18:12:59,2026-04-11,2026-04-12,0
ck_8dbd7cb39d8d42bc,2025-10-24 02:06:51,2026-04-11,2026-04-12,0
ck_5c3b178a35a4bea8,2025-07-09 09:21:48,2026-04-11,2026-04-12,0
ck_c8349780f5cfa2f4,2026-02-27 13:07:00,2026-04-11,2026-04-12,0
ck_1bfa3e8cc3d2009c,2026-02-07 18:08:59,2026-04-11,2026-04-12,0
ck_046d63105cc81371,2026-01-07 10:09:38,2026-04-11,2026-04-12,0
ck_868dbb634cf7558a,2025-11-16 15:30:24,2026-04-11,2026-04-12,0
ck_50ae3422c0a5fcf7,2025-11-30 16:42:20,2026-04-11,2026-04-12,0
ck_0e8cfebecc245783,2026-04-09 06:04:43,2026-04-11,2026-04-12,1
ck_92c1edc449084be3,2025-09-07 02:56:31,2026-04-11,2026-04-12,0
ck_d024199759ca901f,2026-03-21 20:29:51,2026-04-11,2026-04-12,0
ck_398a3eb50f0658f1,2026-04-10 18:00:07,2026-04-11,2026-04-12,0
ck_7877cb2de72a13db,2026-02-02 11:23:22,2026-04-11,2026-04-12,1
ck_142af126101a5317,2026-01-14 04:47:02,2026-04-11,2026-04-12,0
ck_b513a1681c0ddd9c,2026-01-03 03:42:40,2026-04-11,2026-04-12,0
ck_cdc4e16439ec6779,2026-04-09 07:07:16,2026-04-11,2026-04-12,0
ck_eb0a9e077c431ecc,2026-01-11 04:46:02,2026-04-11,2026-04-12,0
ck_ebe822875e698fa3,2026-04-10 07:47:06,2026-04-11,2026-04-12,0
ck_bd9534ba80461c26,2026-03-21 19:39:07,2026-04-11,2026-04-12,1
ck_a78f7f6b4ddc97c6,2026-04-09 00:37:49,2026-04-11,2026-04-12,0
ck_09735caebf3d4fa8,2025-11-16 01:09:38,2026-04-11,2026-04-12,1
ck_fe388f95e6a09796,2026-02-08 14:57:11,2026-04-11,2026-04-12,0
ck_9a8d721a4710ad10,2026-01-22 22:12:17,2026-04-11,2026-04-12,0
ck_ed265aa4f42f42df,2026-03-22 00:11:23,2026-04-11,2026-04-12,0
ck_0c430f12e3465b9d,2025-12-11 00:54:22,2026-04-11,2026-04-12,0
ck_77911f52418a8627,2026-01-31 12:53:12,2026-04-11,2026-04-12,0
ck_77955a5fa8c2c7e2,2026-01-31 09:06:41,2026-04-11,2026-04-12,0
ck_859647094d646725,2026-02-12 15:09:12,2026-04-11,2026-04-12,0
ck_16e86b7dfdca33e5,2025-11-08 04:44:59,2026-04-11,2026-04-12,0
ck_020973e971970302,2025-11-29 15:34:09,2026-04-11,2026-04-12,0
ck_5d12491029bc0ac0,2026-01-29 11:42:44,2026-04-11,2026-04-12,0
ck_1fd16923ed33906f,2026-04-10 01:28:13,2026-04-11,2026-04-12,0
ck_ec208e9e80567277,2026-04-08 16:53:34,2026-04-11,2026-04-12,1
ck_9d1467866a857104,2026-04-09 09:13:03,2026-04-11,2026-04-12,0
ck_f3a28936d2021ee4,2025-12-11 20:08:32,2026-04-11,2026-04-12,0
ck_35c3d4a58fc9cab6,2026-02-21 00:42:16,2026-04-11,2026-04-12,0
ck_22fd6b9073787e81,2026-04-09 16:40:22,2026-04-11,2026-04-12,0
ck_bdac0d02fdc980c5,2026-04-09 23:01:39,2026-04-11,2026-04-12,0
ck_25c6792404136563,2025-10-23 06:40:36,2026-04-11,2026-04-12,0
ck_21e89d38a365305e,2026-03-02 00:43:44,2026-04-11,2026-04-12,0
ck_87a939ad0d1e427d,2026-04-10 13:24:57,2026-04-11,2026-04-12,0
ck_2b10c219e37f09fc,2026-03-20 14:52:00,2026-04-11,2026-04-12,0
ck_59686f5e8b992742,2026-04-05 18:47:05,2026-04-11,2026-04-12,0
ck_e17a84ed233cb5cb,2026-02-26 06:40:59,2026-04-11,2026-04-12,0
ck_ddf4c48c145a1529,2026-01-06 11:03:04,2026-04-11,2026-04-12,0
ck_9faa88097c5976f2,2026-04-10 14:24:55,2026-04-11,2026-04-12,0
ck_3848c74e5e7ee5d2,2026-03-16 11:28:26,2026-04-11,2026-04-12,0
ck_307122aaf20d2ea0,2026-01-20 00:11:03,2026-04-11,2026-04-12,0
ck_ed31e7822f1382c1,2026-04-10 04:16:34,2026-04-11,2026-04-12,0
ck_21e369ae649cc289,2025-11-24 22:08:04,2026-04-11,2026-04-12,0
ck_447674f6058928a6,2026-02-10 18:59:32,2026-04-11,2026-04-12,0
ck_fcdc0b0f4f2a324c,2026-04-08 23:27:48,2026-04-11,2026-04-12,0
ck_062d715feadd3e09,2026-01-06 07:04:05,2026-04-11,2026-04-12,1
ck_2f4427f12010dada,2025-11-28 01:43:40,2026-04-11,2026-04-12,0
ck_48b79aca18e6df77,2025-10-13 04:03:29,2026-04-11,2026-04-12,1
ck_d5cc8bc3d1edf746,2026-04-10 23:18:12,2026-04-11,2026-04-12,0
ck_5ea2b680da9b6672,2026-02-08 13:20:50,2026-04-11,2026-04-12,0
ck_1eaec24129a36436,2026-02-19 20:12:53,2026-04-11,2026-04-12,0
ck_5515926e38856aae,2026-03-14 05:03:58,2026-04-11,2026-04-12,0
ck_151bc1bc69c58353,2026-01-13 02:19:43,2026-04-11,2026-04-12,0
ck_1d16219f6b656ea6,2026-03-01 19:29:25,2026-04-11,2026-04-12,0
ck_0c031c80b7c1c517,2026-01-21 18:54:54,2026-04-11,2026-04-12,0
ck_79f02a0f5d14cfd8,2026-01-19 00:28:09,2026-04-11,2026-04-12,0
ck_d956de49e87e0d0c,2026-04-10 00:23:27,2026-04-11,2026-04-12,0
ck_424ab0baf82a2fe7,2026-02-22 00:34:21,2026-04-11,2026-04-12,0
ck_80a917e65b0e666d,2026-02-03 08:05:01,2026-04-11,2026-04-12,0
ck_8d7c624e68767351,2026-01-08 03:55:41,2026-04-11,2026-04-12,0
ck_f6e3c367571b1073,2025-10-03 20:54:52,2026-04-11,2026-04-12,0
ck_18516a577f5043db,2026-01-09 08:12:39,2026-04-11,2026-04-12,0
ck_f37e678c39c780cd,2026-04-10 15:13:32,2026-04-11,2026-04-12,1
ck_39f93056b93ee057,2026-02-17 19:15:27,2026-04-11,2026-04-12,0
ck_a6e14fc72f684a03,2026-04-08 12:52:53,2026-04-11,2026-04-12,1
ck_0bfbeb3d6430e881,2025-10-29 11:19:43,2026-04-11,2026-04-12,0
ck_7abe10db9ee90060,2026-01-07 19:07:51,2026-04-11,2026-04-12,1
ck_df1dc5766eb61b99,2026-04-08 20:36:12,2026-04-11,2026-04-12,1
ck_8e28123eb5bf70f5,2026-01-31 04:24:04,2026-04-11,2026-04-12,0
ck_1b6a581ab33dcd54,2026-02-01 19:51:41,2026-04-11,2026-04-12,0
ck_8052e7e54292864b,2026-03-09 00:16:25,2026-04-11,2026-04-12,0
ck_6cd99de9072faa48,2025-11-05 10:38:52,2026-04-11,2026-04-12,0
ck_ad6fd1b35207262b,2025-08-04 07:07:28,2026-04-11,2026-04-12,0
ck_8b834cf5254d97da,2026-04-10 19:38:42,2026-04-11,2026-04-12,1
ck_d7d6427c2baa23fa,2026-02-14 11:38:36,2026-04-11,2026-04-12,0
ck_122907374d1266c3,2026-04-08 02:42:52,2026-04-11,2026-04-12,0
ck_95742063f0a46946,2025-11-07 08:30:06,2026-04-11,2026-04-12,0
ck_7cc8c2e4aa7c43fd,2025-11-20 01:54:05,2026-04-11,2026-04-12,0
ck_53b4b8f9ae44322b,2026-04-10 17:46:28,2026-04-11,2026-04-12,1
ck_81ba4a8f5a9173e7,2026-01-21 13:39:58,2026-04-11,2026-04-12,0
ck_abaf1c427eb50c97,2026-02-14 10:08:36,2026-04-11,2026-04-12,1
ck_d7ea2127d0cc9311,2026-02-02 05:06:28,2026-04-11,2026-04-12,0
ck_62dad089da7f8df6,2026-02-16 04:34:52,2026-04-11,2026-04-12,0
ck_f9ac0f55c10d00e9,2026-02-12 01:17:05,2026-04-11,2026-04-12,0
ck_a3f813046225d41b,2025-12-07 00:41:33,2026-04-11,2026-04-12,0
ck_33d11c5afefcb788,2025-09-07 08:23:54,2026-04-11,2026-04-12,0
ck_5ac49438d8b29cb5,2025-09-19 13:31:48,2026-04-11,2026-04-12,0
ck_a13b3eddf5ae50c2,2025-09-14 02:13:04,2026-04-11,2026-04-12,0
ck_f823d7527dff556a,2026-03-24 05:43:03,2026-04-11,2026-04-12,0
ck_b40d1c0148c00304,2026-01-22 10:46:24,2026-04-11,2026-04-12,0
ck_b103eff31edb47fd,2026-01-14 03:00:42,2026-04-11,2026-04-12,0
ck_8a1b2d86122354fc,2026-03-08 21:24:43,2026-04-11,2026-04-12,0
ck_69830055440e27ab,2026-03-13 16:12:18,2026-04-11,2026-04-12,0
ck_40dde741b54f67c7,2025-05-26 17:57:16,2026-04-11,2026-04-12,0
ck_006abe41e7aef693,2026-03-22 15:32:27,2026-04-11,2026-04-12,0
ck_3042b9fab7978b5e,2026-04-09 22:16:32,2026-04-11,2026-04-12,0
ck_5496ccf117cf7e75,2026-04-09 06:13:21,2026-04-11,2026-04-12,0
ck_95d9c3ed4e1c61fd,2026-01-29 07:13:33,2026-04-11,2026-04-12,0
ck_1f32fd5589b6536b,2026-03-08 00:18:33,2026-04-11,2026-04-12,0
ck_795416e7875ade28,2026-02-09 02:39:00,2026-04-11,2026-04-12,0
ck_71af948a12c680d2,2025-12-25 02:13:39,2026-04-11,2026-04-12,0
ck_668b94da8f90a80c,2025-12-19 13:48:10,2026-04-11,2026-04-12,0
ck_bf778c172b9d94da,2026-02-19 09:10:13,2026-04-11,2026-04-12,0
ck_58afa2485170664b,2025-12-06 08:03:41,2026-04-11,2026-04-12,0
ck_1eb987bbb465dd01,2026-04-10 06:44:24,2026-04-11,2026-04-12,1
ck_74c8ee5a1debfc9b,2025-12-08 18:48:45,2026-04-11,2026-04-12,0
ck_2332e854f7785c64,2026-02-23 12:11:36,2026-04-11,2026-04-12,0
ck_f592739e0a0ff42a,2025-10-02 01:23:01,2026-04-11,2026-04-12,0
ck_882915e3cda4d6c5,2026-01-20 22:31:07,2026-04-11,2026-04-12,0
ck_287fb385e314b75d,2025-12-12 15:58:37,2026-04-11,2026-04-12,0
ck_b9aeb24fec4b52c8,2026-03-05 23:02:32,2026-04-11,2026-04-12,0
ck_f886d81fc57c0cf0,2025-10-16 04:39:17,2026-04-11,2026-04-12,0
ck_e4dd40a38d6af64b,2026-04-09 23:38:35,2026-04-11,2026-04-12,1
ck_31cf7f2d806bb51a,2026-01-22 19:23:13,2026-04-11,2026-04-12,0
ck_e7ef60790be63bd0,2026-03-13 09:53:42,2026-04-11,2026-04-12,0
ck_1b30ba83322e9ac3,2025-10-18 00:18:10,2026-04-11,2026-04-12,0
ck_732e87e791d133fd,2025-12-09 23:19:41,2026-04-11,2026-04-12,0
ck_640a131aa06c6cae,2026-03-01 11:52:58,2026-04-11,2026-04-12,0
ck_abcdc8dbabe6246c,2026-02-23 13:05:36,2026-04-11,2026-04-12,0
ck_cad351cfdb0edf0e,2026-01-10 12:26:47,2026-04-11,2026-04-12,0
ck_582b34c94efd7c12,2026-01-11 23:53:18,2026-04-11,2026-04-12,0
ck_a387e47c8aed6b7a,2026-02-14 17:50:14,2026-04-11,2026-04-12,0
ck_c7973179b17a2cd5,2025-12-11 18:55:26,2026-04-11,2026-04-12,0
ck_6c12a07a866e8255,2026-03-06 08:53:34,2026-04-11,2026-04-12,0
ck_71a16d23684c9e9a,2026-04-01 21:59:34,2026-04-11,2026-04-12,0
ck_12c76884590ad8e4,2026-03-01 02:17:56,2026-04-11,2026-04-12,0
ck_dc6d657aa1c8e000,2026-01-10 00:33:46,2026-04-11,2026-04-12,1
ck_1c05c71630faddd9,2026-04-10 06:56:45,2026-04-11,2026-04-12,0
ck_2f71f57aaafad8a5,2026-03-23 18:35:27,2026-04-11,2026-04-12,0
ck_d4c39ed7a759acb5,2025-11-14 15:17:22,2026-04-11,2026-04-12,1
ck_7dec9ef950ae2706,2026-01-28 21:31:01,2026-04-11,2026-04-12,0
ck_2cba0527727a9773,2026-01-26 06:00:29,2026-04-11,2026-04-12,0
ck_1cf917987a2a702c,2026-01-04 21:56:36,2026-04-11,2026-04-12,0
ck_818448039d8fc73a,2025-11-13 08:53:15,2026-04-11,2026-04-12,0
ck_ac8fabe1bd933bf4,2026-02-05 09:09:41,2026-04-11,2026-04-12,0
ck_4f04eb001f6faf00,2026-02-16 11:09:27,2026-04-11,2026-04-12,0
ck_3c2aa0e0c66f921a,2025-08-09 16:26:02,2026-04-11,2026-04-12,0
ck_b5554dfc85be65ad,2026-02-22 18:19:36,2026-04-11,2026-04-12,0
ck_2c91657117fd8b64,2026-02-08 11:59:14,2026-04-11,2026-04-12,0
ck_31e8e273403f98e1,2026-01-25 02:39:14,2026-04-11,2026-04-12,0
ck_70c9435d53c8be6d,2026-02-13 00:46:27,2026-04-11,2026-04-12,0
ck_e8c1fbd5a2c3188a,2026-01-26 14:02:01,2026-04-11,2026-04-12,1
ck_d5dac1a12aa7eee5,2026-02-18 03:19:58,2026-04-11,2026-04-12,0
ck_542237525e4692e9,2026-04-09 03:22:56,2026-04-11,2026-04-12,0
ck_c4b17285a11b2065,2026-04-10 08:13:58,2026-04-11,2026-04-12,0
ck_b9511aeb5e09d988,2026-04-10 13:17:55,2026-04-11,2026-04-12,1
ck_49878e631c609f43,2025-12-27 04:44:13,2026-04-11,2026-04-12,0
ck_5c0bcded68721dd6,2026-01-05 19:49:32,2026-04-11,2026-04-12,0
ck_570fad34dc9ae41b,2025-10-18 16:03:42,2026-04-11,2026-04-12,0
ck_8cf488e0c913cb26,2026-01-10 13:13:54,2026-04-11,2026-04-12,0
ck_58b3827d2f57d5b5,2026-03-24 12:32:18,2026-04-11,2026-04-12,0
ck_e10256d0d2d73855,2026-01-29 06:18:58,2026-04-11,2026-04-12,0
ck_63bd781af2f92aef,2026-04-09 20:46:54,2026-04-11,2026-04-12,0
ck_9de97dc994219176,2026-03-29 03:59:22,2026-04-11,2026-04-12,0
ck_bfda136fdeb31722,2025-11-24 19:44:17,2026-04-11,2026-04-12,0
ck_da1187c0b1634aa8,2026-03-08 19:41:42,2026-04-11,2026-04-12,0
ck_e4434ac8bc9d921b,2026-04-10 16:03:58,2026-04-11,2026-04-12,1
ck_cd63bd571910dff6,2026-02-28 23:01:56,2026-04-11,2026-04-12,0
ck_83b7a62f1eb6aaf8,2025-09-23 10:54:25,2026-04-11,2026-04-12,0
ck_f80f85d0f6968293,2026-04-10 21:00:04,2026-04-11,2026-04-12,0
ck_ce841e3928cd83cf,2026-02-27 23:13:40,2026-04-11,2026-04-12,0
ck_83f3618c923dbc33,2026-04-09 11:53:35,2026-04-11,2026-04-12,0
ck_ecf61b9ef6768203,2026-01-21 02:03:53,2026-04-11,2026-04-12,0
ck_bb3ccdc1a0824b5b,2026-04-08 23:26:10,2026-04-11,2026-04-12,0
ck_565079102a9ab05d,2026-01-13 15:22:03,2026-04-11,2026-04-12,0
ck_37dbe3655e9e6d85,2025-04-26 19:35:49,2026-04-11,2026-04-12,0
ck_4be440426cea5dbc,2026-01-16 14:50:43,2026-04-11,2026-04-12,1
ck_fc26a4a188214936,2025-08-28 09:51:50,2026-04-11,2026-04-12,0
ck_577250470ada87da,2026-04-10 15:38:24,2026-04-11,2026-04-12,0
ck_a4fe5b0cddf03aef,2026-03-01 23:38:48,2026-04-11,2026-04-12,0
ck_5d6184ac016a86c2,2026-01-07 16:20:42,2026-04-11,2026-04-12,0
ck_81d58f4bc5f25fb5,2026-04-09 23:00:28,2026-04-11,2026-04-12,0
ck_f2f33bff7b0ea71e,2026-02-17 08:58:54,2026-04-11,2026-04-12,0
ck_7bc64fe5a604d183,2026-01-20 05:01:57,2026-04-11,2026-04-12,0
ck_a364715d0021ff00,2026-01-22 02:19:52,2026-04-11,2026-04-12,1
ck_52d3101dae1d9488,2026-02-03 08:35:17,2026-04-11,2026-04-12,0
ck_aa7fb1178a65dbec,2026-03-20 18:24:57,2026-04-11,2026-04-12,0
ck_cf1f4402c5c3b121,2026-01-18 02:32:23,2026-04-11,2026-04-12,0
ck_69bd03d1c9a6adfd,2026-03-29 01:08:20,2026-04-11,2026-04-12,0
ck_b4e6a909fa851943,2026-02-18 21:00:47,2026-04-11,2026-04-12,0
ck_2a656238f8cfd09e,2025-11-01 07:47:04,2026-04-11,2026-04-12,0
ck_1234b67acd610fd0,2026-01-31 12:49:29,2026-04-11,2026-04-12,0
ck_7420bae38b837163,2026-03-01 10:27:38,2026-04-11,2026-04-12,0
ck_1c7e909f56d7fe00,2026-01-30 10:02:27,2026-04-11,2026-04-12,0
ck_a88c046c60e866f1,2026-02-28 16:40:56,2026-04-11,2026-04-12,0
ck_19590764eed5946a,2026-03-01 10:13:40,2026-04-11,2026-04-12,0
ck_46cedda5677fa054,2026-03-25 13:56:04,2026-04-11,2026-04-12,0
ck_878c7b50115b022c,2026-01-28 10:48:36,2026-04-11,2026-04-12,0
ck_8ba660bb9e7d48c3,2025-10-18 19:18:42,2026-04-11,2026-04-12,0
ck_4580968cfdb3cc02,2025-12-08 23:47:39,2026-04-11,2026-04-12,0
ck_73435fc25d41025b,2025-12-06 04:18:58,2026-04-11,2026-04-12,0
ck_df484bce521fb3db,2025-11-28 10:09:06,2026-04-11,2026-04-12,0
ck_55259d5819afd130,2026-02-05 01:51:13,2026-04-11,2026-04-12,0
ck_3b5af04f13225323,2026-02-09 22:16:29,2026-04-11,2026-04-12,0
ck_5e7d2cfb5462dd82,2025-04-26 06:39:39,2026-04-11,2026-04-12,0
ck_6c03da7b2ea73f0a,2026-02-28 13:31:05,2026-04-11,2026-04-12,0
ck_bd447aee5941d958,2026-02-25 19:21:26,2026-04-11,2026-04-12,0
ck_76962877264ffb12,2026-04-09 13:30:02,2026-04-11,2026-04-12,0
ck_de68bcaff8ace340,2026-01-26 06:09:58,2026-04-11,2026-04-12,0
ck_056eded90ec464c8,2026-04-09 19:47:15,2026-04-11,2026-04-12,0
ck_3ca8319fe94342ae,2026-03-16 08:44:13,2026-04-11,2026-04-12,0
ck_257f0ce482b3b970,2026-04-07 22:27:01,2026-04-11,2026-04-12,0
ck_7d03849f1b16a153,2026-02-21 03:15:18,2026-04-11,2026-04-12,0
ck_9c0497678de57e6c,2026-01-01 10:19:03,2026-04-11,2026-04-12,0
ck_772669d9a2a49299,2025-11-30 22:20:28,2026-04-11,2026-04-12,0
ck_c8341e754d626186,2026-04-08 07:01:12,2026-04-11,2026-04-12,0
ck_77497c545ef2c5eb,2026-01-12 20:52:37,2026-04-11,2026-04-12,0
ck_f5a7c1387f3a24e9,2025-12-27 17:08:30,2026-04-11,2026-04-12,0
ck_6c95b7369d9d4505,2026-03-01 21:21:44,2026-04-11,2026-04-12,0
ck_4a09303bcbe55343,2026-02-15 06:19:54,2026-04-11,2026-04-12,0
ck_732d4a4afc5bff15,2025-12-16 17:12:24,2026-04-11,2026-04-12,0
ck_50c9951eb48c8d07,2026-04-07 06:24:50,2026-04-11,2026-04-12,0
ck_d88383a9201708d1,2025-10-14 23:18:10,2026-04-11,2026-04-12,0
ck_5f9765647f97e7e9,2026-03-19 11:03:52,2026-04-11,2026-04-12,0
ck_b8e26239831ea63a,2025-10-17 13:03:18,2026-04-11,2026-04-12,1
ck_4b711e94a12f69f0,2025-12-31 21:53:31,2026-04-11,2026-04-12,0
ck_a4c6265841ce137f,2026-03-12 03:43:41,2026-04-11,2026-04-12,0
ck_542d21e947a1240b,2026-02-22 01:58:41,2026-04-11,2026-04-12,0
ck_1d0c3357db792026,2025-08-31 19:04:11,2026-04-11,2026-04-12,0
ck_877287396f180d55,2026-04-10 18:02:48,2026-04-11,2026-04-12,1
ck_a199e9f3c76d0930,2026-02-28 11:52:46,2026-04-11,2026-04-12,0
ck_a63e405c51e3b5fc,2026-04-10 16:05:33,2026-04-11,2026-04-12,0
ck_394a66d5fa55464e,2025-08-11 14:11:32,2026-04-11,2026-04-12,0
ck_e5e52cb467ea6485,2026-03-05 07:45:09,2026-04-11,2026-04-12,0
ck_039793fb6c63cad9,2026-02-11 01:07:11,2026-04-11,2026-04-12,0
ck_f414daa74406c171,2026-02-08 06:12:28,2026-04-11,2026-04-12,0
ck_5464b5bd9c5cf5b7,2026-02-14 12:18:59,2026-04-11,2026-04-12,0
ck_580d727f44a95b48,2025-10-23 19:00:24,2026-04-11,2026-04-12,0
ck_d2629b39c50bb9c8,2025-08-30 00:05:13,2026-04-11,2026-04-12,0
ck_61147992fa812394,2026-02-19 15:24:02,2026-04-11,2026-04-12,0
ck_e84956b3097a9bab,2026-02-18 04:03:57,2026-04-11,2026-04-12,0
ck_7418382d9958077b,2026-01-22 17:23:49,2026-04-11,2026-04-12,0
ck_d23a6e1aeb8ca766,2026-01-30 04:19:38,2026-04-11,2026-04-12,0
ck_86e5fd26acb6ba1b,2026-03-06 22:14:40,2026-04-11,2026-04-12,0
ck_889a4646ab684d8c,2025-10-29 09:22:38,2026-04-11,2026-04-12,0
ck_f102f638e32e6805,2026-03-21 07:30:33,2026-04-11,2026-04-12,0
ck_830813745ae0f639,2026-01-07 01:35:30,2026-04-11,2026-04-12,0
ck_da274f92e38b7ac6,2025-10-27 04:44:46,2026-04-11,2026-04-12,0
ck_e348ab61f2595a9f,2026-02-21 12:19:34,2026-04-11,2026-04-12,0
ck_218e6d2aee1d4065,2025-11-30 09:06:47,2026-04-11,2026-04-12,0
ck_df5dad43823ac978,2026-02-26 13:54:32,2026-04-11,2026-04-12,0
ck_7fdb29d2f0f1ffca,2026-03-05 17:06:40,2026-04-11,2026-04-12,0
ck_bd8109adc8e2fd41,2025-12-12 05:28:02,2026-04-11,2026-04-12,0
ck_0178898e9ac9ad2c,2025-10-01 04:26:38,2026-04-11,2026-04-12,0
ck_3da478af87849084,2025-10-28 14:36:22,2026-04-11,2026-04-12,0
ck_d8bbd4736da7bf53,2026-01-16 01:56:45,2026-04-11,2026-04-12,0
ck_e648b3394cd518b3,2026-04-10 07:00:57,2026-04-11,2026-04-12,0
ck_e36c75884c7a5c91,2026-02-13 06:33:03,2026-04-11,2026-04-12,0
ck_dc7d1d041cb9467c,2025-12-27 17:32:04,2026-04-11,2026-04-12,0
ck_d1977ef11057ac02,2026-04-08 18:37:15,2026-04-11,2026-04-12,0
ck_a3548edeb87619d1,2026-01-05 08:25:39,2026-04-11,2026-04-12,0
ck_173d50ca0345e904,2026-04-09 14:17:38,2026-04-11,2026-04-12,0
ck_eb47450079881819,2025-09-07 15:27:51,2026-04-11,2026-04-12,0
ck_a71a82afcf83668f,2026-02-27 20:55:03,2026-04-11,2026-04-12,0
ck_7216d2c65f0ab4d8,2026-03-04 02:30:07,2026-04-11,2026-04-12,0
ck_cdfb9c04196455e0,2026-01-22 09:25:59,2026-04-11,2026-04-12,0
ck_90284e6a66c3971b,2025-12-25 00:15:54,2026-04-11,2026-04-12,0
ck_99d711f65d049dff,2025-10-17 00:57:37,2026-04-11,2026-04-12,0
ck_6dd702e5404ef46c,2026-03-13 06:00:20,2026-04-11,2026-04-12,0
ck_d086d11f333c7835,2026-01-09 13:59:43,2026-04-11,2026-04-12,0
ck_92e9947dd356e118,2026-04-08 14:42:41,2026-04-11,2026-04-12,1
ck_b396089f285650cf,2026-02-26 20:02:01,2026-04-11,2026-04-12,0
ck_343971da2493f17c,2026-04-10 06:12:15,2026-04-11,2026-04-12,0
ck_2ebd41859a3a97c8,2026-01-29 10:25:01,2026-04-11,2026-04-12,1
ck_20f64811d033f480,2025-06-12 10:15:38,2026-04-11,2026-04-12,0
ck_6e94314ee14c8360,2025-11-22 11:12:11,2026-04-11,2026-04-12,0
ck_dbee035b3ee17cc6,2025-12-26 14:09:52,2026-04-11,2026-04-12,1
ck_bb61c414075063bd,2026-01-27 02:25:59,2026-04-11,2026-04-12,0
ck_ec5f67d01c8c59bd,2026-01-11 21:11:32,2026-04-11,2026-04-12,0
ck_6b82c0559734a1dd,2026-04-10 11:40:34,2026-04-11,2026-04-12,0
ck_05844f7c9504c5fc,2025-12-26 05:38:41,2026-04-11,2026-04-12,0
ck_8edb874b39199a62,2026-04-09 12:09:48,2026-04-11,2026-04-12,0
ck_28066b81c445fba1,2025-09-27 20:55:45,2026-04-11,2026-04-12,0
ck_2a095c3acdcdf772,2026-02-13 01:03:36,2026-04-11,2026-04-12,1
ck_89072249cc5bb428,2026-03-02 22:13:08,2026-04-11,2026-04-12,0
ck_1feb38a832980cc9,2026-02-06 23:09:09,2026-04-11,2026-04-12,0
ck_09b380f7f3afcd08,2026-02-09 07:43:27,2026-04-11,2026-04-12,0
ck_bcd757b75d845bf2,2026-04-07 07:42:14,2026-04-11,2026-04-12,0
ck_f55b4eba21f4bf83,2025-10-18 06:25:30,2026-04-11,2026-04-12,0
ck_2a736a2c4990265c,2026-01-31 15:16:38,2026-04-11,2026-04-12,0
ck_8b50041e53ac4e44,2026-04-06 02:58:47,2026-04-11,2026-04-12,0
ck_f6853b70e53513bc,2026-02-18 15:04:52,2026-04-11,2026-04-12,0
ck_8de00657466d06c9,2026-01-07 02:40:57,2026-04-11,2026-04-12,0
ck_6391b28fcba797aa,2026-04-09 11:01:24,2026-04-11,2026-04-12,0
ck_72cec23de88d401a,2026-04-10 22:41:52,2026-04-11,2026-04-12,0
ck_ed01fe19fcb1e2c3,2026-01-13 01:26:08,2026-04-11,2026-04-12,0
ck_fb6567d7281b90cb,2025-10-11 05:47:08,2026-04-11,2026-04-12,0
ck_ba2fd023d3caef60,2026-02-06 09:41:14,2026-04-11,2026-04-12,0
ck_c3fb365bf955d9c0,2026-01-06 04:39:09,2026-04-11,2026-04-12,0
ck_0a3fd82c369d46e3,2026-02-24 15:06:06,2026-04-11,2026-04-12,0
ck_fdecafd00bb87599,2026-04-10 19:03:46,2026-04-11,2026-04-12,0
ck_74c0fcf50e73c800,2026-02-14 01:35:09,2026-04-11,2026-04-12,1
ck_d0d448b0b1d08893,2026-04-08 20:51:32,2026-04-11,2026-04-12,0
ck_d7a5fbb39cd6d6fb,2026-04-10 18:31:16,2026-04-11,2026-04-12,0
ck_6c1949e551aa1085,2026-01-05 23:28:51,2026-04-11,2026-04-12,0
ck_7354441493791f68,2026-03-08 00:53:02,2026-04-11,2026-04-12,0
ck_9b7d75f8ab568ecd,2026-04-06 16:20:55,2026-04-11,2026-04-12,0
ck_6ead0f001232d649,2026-03-15 20:33:52,2026-04-11,2026-04-12,0
ck_1702b0df5e28f36d,2026-03-21 21:36:00,2026-04-11,2026-04-12,1
ck_bf891ac75b1b2753,2025-10-25 11:28:58,2026-04-11,2026-04-12,0
ck_80e532f3b7d4ec4b,2025-10-13 21:46:09,2026-04-11,2026-04-12,0
ck_284e2d746c5792ce,2026-04-09 16:25:36,2026-04-11,2026-04-12,0
ck_9285992e8ea77f83,2026-02-22 22:05:31,2026-04-11,2026-04-12,0
ck_99c1d6648467e4ec,2025-12-13 00:21:32,2026-04-11,2026-04-12,0
ck_d9645cb6c1fda5b7,2026-01-16 17:19:16,2026-04-11,2026-04-12,0
ck_e529f5509aae2d9f,2026-01-23 18:49:45,2026-04-11,2026-04-12,0
ck_8a512953e13750b6,2026-04-09 22:36:21,2026-04-11,2026-04-12,0
ck_256a75d3e382c39d,2026-02-14 16:53:09,2026-04-11,2026-04-12,0
ck_7f431745f851169f,2026-04-08 15:12:52,2026-04-11,2026-04-12,0
ck_a130d3afbdbaecc5,2026-03-19 18:52:02,2026-04-11,2026-04-12,0
ck_492477466280d408,2026-02-22 21:33:00,2026-04-11,2026-04-12,0
ck_59b47f1eed20eab5,2026-02-27 11:24:22,2026-04-11,2026-04-12,0
ck_4e0c8bd56b5fc704,2026-04-04 04:18:16,2026-04-11,2026-04-12,0
ck_4d832ce3694793c1,2026-04-09 23:29:00,2026-04-11,2026-04-12,0
ck_fc138242fb187428,2026-04-10 02:00:44,2026-04-11,2026-04-12,1
ck_8c701f342efea338,2026-03-31 07:54:11,2026-04-11,2026-04-12,0
ck_ee27e95a4a6d1044,2026-04-10 07:21:35,2026-04-11,2026-04-12,1
ck_6a604830dd5e7ddf,2026-01-29 07:10:38,2026-04-11,2026-04-12,0
ck_2f0674416f56496c,2026-02-08 06:34:37,2026-04-11,2026-04-12,0
ck_00708a91ae901fee,2026-03-05 04:25:03,2026-04-11,2026-04-12,1
ck_c27d9ba75e917fb2,2026-03-12 11:53:24,2026-04-11,2026-04-12,0
ck_0e44bd6daaf63d93,2026-02-06 18:44:50,2026-04-11,2026-04-12,0
ck_761d3e77d658a570,2025-10-13 00:31:07,2026-04-11,2026-04-12,0
ck_7318e677d8ed9c5c,2026-02-21 11:19:25,2026-04-11,2026-04-12,0
ck_050365225dc5aa62,2025-12-01 20:21:27,2026-04-11,2026-04-12,0
ck_61fcc3ef70e26303,2026-03-07 03:05:30,2026-04-11,2026-04-12,0
ck_2e99d0dae1f0bb93,2026-03-06 05:34:08,2026-04-11,2026-04-12,0
ck_4f961027b0e3fdf8,2025-12-23 10:05:11,2026-04-11,2026-04-12,0
ck_cdc5e44610bc3af5,2026-02-18 04:30:24,2026-04-11,2026-04-12,0
ck_5b438c536dfd289f,2026-04-10 03:12:50,2026-04-11,2026-04-12,0
ck_c532bee9d124765e,2026-04-10 15:42:37,2026-04-11,2026-04-12,0
ck_0cfe37cfa6cf8642,2026-04-10 14:12:22,2026-04-11,2026-04-12,0
ck_8356381ac6a4a458,2025-12-01 08:28:53,2026-04-11,2026-04-12,0
ck_6d1d2ee521bd2eb6,2026-01-30 11:56:35,2026-04-11,2026-04-12,0
ck_10c5f4eb6d221ea0,2026-03-19 17:44:04,2026-04-11,2026-04-12,0
ck_8c6ca76bff3d5fe9,2026-04-10 04:39:23,2026-04-11,2026-04-12,0
ck_7665d87da579b15c,2026-01-25 23:29:12,2026-04-11,2026-04-12,0
ck_104a9f6320d8f928,2026-03-13 01:59:04,2026-04-11,2026-04-12,0
ck_25ed068f2b38a21d,2026-04-10 17:45:50,2026-04-11,2026-04-12,0
ck_08feeb3d6116da57,2026-02-18 12:45:20,2026-04-11,2026-04-12,0
ck_47ad6664eee6bc26,2025-12-01 19:59:33,2026-04-11,2026-04-12,0
ck_797db472f9090416,2025-10-17 22:59:35,2026-04-11,2026-04-12,0
ck_2fe77f118bf0c39c,2026-01-17 20:54:53,2026-04-11,2026-04-12,0
ck_140ba53ac6efe58a,2025-08-04 21:27:32,2026-04-11,2026-04-12,1
ck_aa27489a53e91286,2026-03-09 22:01:00,2026-04-11,2026-04-12,0
ck_63e89cb21c4d669c,2026-04-09 21:45:58,2026-04-11,2026-04-12,0
ck_410d120074030856,2026-04-10 12:17:35,2026-04-11,2026-04-12,0
ck_1d1bfba3e8962d99,2026-04-03 08:07:25,2026-04-11,2026-04-12,0
ck_23bd83eda1b2112e,2026-03-16 01:29:21,2026-04-11,2026-04-12,0
ck_4b3faf301b89fba8,2026-01-11 06:01:00,2026-04-11,2026-04-12,0
ck_1b9057d43ef64b1f,2026-04-10 20:57:20,2026-04-11,2026-04-12,0
ck_fa844baa24536b96,2025-09-23 14:39:13,2026-04-11,2026-04-12,0
ck_d0d3f93047238f2c,2025-10-06 23:53:44,2026-04-11,2026-04-12,0
ck_d7749bf1c1ee8171,2026-04-10 18:33:29,2026-04-11,2026-04-12,0
ck_5c92994c35010155,2025-12-08 09:12:32,2026-04-11,2026-04-12,1
ck_feb2b8b59e3e920b,2026-04-09 13:17:28,2026-04-11,2026-04-12,0
ck_0e2e0b67f5aceb2b,2025-12-19 10:47:20,2026-04-11,2026-04-12,1
ck_61e7bd334a1356a0,2026-04-10 12:37:32,2026-04-11,2026-04-12,1
ck_a5a57b5db68bfd0b,2025-12-05 11:38:10,2026-04-11,2026-04-12,0
ck_f965c335fcd17982,2025-12-27 23:05:13,2026-04-11,2026-04-12,0
ck_9b75afc606710dac,2025-11-29 19:21:42,2026-04-11,2026-04-12,0
ck_0ad9a60debf7725f,2026-03-30 23:21:38,2026-04-11,2026-04-12,0
ck_9f3a17729057a8d8,2026-01-15 08:11:12,2026-04-11,2026-04-12,0
ck_52759a999b81a71b,2025-12-22 04:43:18,2026-04-11,2026-04-12,1
ck_e016079a61848903,2026-01-05 00:33:55,2026-04-11,2026-04-12,0
ck_23647eb1dee378fd,2025-10-24 11:41:04,2026-04-11,2026-04-12,0
ck_fbc73d1153f4b2ac,2026-02-16 10:04:31,2026-04-11,2026-04-12,0
ck_0459c6f8e77c8e37,2026-04-07 07:24:52,2026-04-11,2026-04-12,0
ck_49ed7dcb8f81d98f,2026-01-12 00:56:08,2026-04-11,2026-04-12,0
ck_187075606cf87dbc,2026-01-24 21:34:52,2026-04-11,2026-04-12,0
ck_0dfc7091b02b3d77,2026-03-10 15:46:34,2026-04-11,2026-04-12,0
ck_2d803412fe68ac47,2025-07-29 23:47:05,2026-04-11,2026-04-12,0
ck_e2e099ace9ab940e,2026-02-21 00:59:20,2026-04-11,2026-04-12,0
ck_f40c0e7fd99d3cd8,2026-02-12 06:36:03,2026-04-11,2026-04-12,0
ck_e82dc1415e0fd1c5,2026-02-21 21:18:30,2026-04-11,2026-04-12,0
ck_a54fd08a641100e0,2025-12-31 07:17:51,2026-04-11,2026-04-12,0
ck_ad60fe1d3c3ca346,2026-02-20 16:21:24,2026-04-11,2026-04-12,0
ck_de806d4439504cd0,2025-10-09 09:20:14,2026-04-11,2026-04-12,1
ck_ac11b01e62930886,2026-03-20 00:09:22,2026-04-11,2026-04-12,0
ck_75f17f80ad23593d,2025-11-18 15:49:42,2026-04-11,2026-04-12,0
ck_c281df8cb43aed08,2026-04-10 04:49:34,2026-04-11,2026-04-12,1
ck_609c05475e705f33,2026-02-26 17:32:37,2026-04-11,2026-04-12,0
ck_bde8886ecf6ba3b9,2025-12-29 12:41:36,2026-04-11,2026-04-12,0
ck_ee17323ad797ea70,2026-04-09 22:08:39,2026-04-11,2026-04-12,0
ck_c020b5b07d9496db,2025-12-24 21:43:24,2026-04-11,2026-04-12,0
ck_26c9fd4393394ad0,2026-02-13 18:31:29,2026-04-11,2026-04-12,0
ck_b14b2995905d81a0,2026-03-27 17:48:38,2026-04-11,2026-04-12,0
ck_7b70cb71bce2a337,2026-04-09 17:58:10,2026-04-11,2026-04-12,0
ck_263ffeeaa1972ff5,2026-02-15 17:35:37,2026-04-11,2026-04-12,0
ck_4c0063fe34702b75,2026-01-25 09:18:20,2026-04-11,2026-04-12,0
ck_efdf99cb7d445eef,2025-11-22 15:45:56,2026-04-11,2026-04-12,0
ck_ca402870703712c3,2025-12-09 20:57:37,2026-04-11,2026-04-12,0
ck_71a80776543c18a8,2025-12-19 17:24:25,2026-04-11,2026-04-12,0
ck_d4a24ac8d7c94ae0,2025-12-14 16:53:59,2026-04-11,2026-04-12,0
ck_8382bec5d4090788,2026-02-15 07:35:55,2026-04-11,2026-04-12,0
ck_a6a048485ed66080,2026-02-16 08:02:00,2026-04-11,2026-04-12,0
ck_4af728c8eb66c339,2025-08-05 20:52:39,2026-04-11,2026-04-12,0
ck_33efd70908ad1388,2025-12-06 18:31:20,2026-04-11,2026-04-12,0
ck_a630632f803c0dfc,2025-12-16 16:48:22,2026-04-11,2026-04-12,0
ck_db39a680bce41961,2025-10-22 13:40:23,2026-04-11,2026-04-12,0
ck_51f08888721595bf,2026-01-28 03:38:06,2026-04-11,2026-04-12,0
ck_4e1edcaca40d67ff,2026-03-30 23:50:20,2026-04-11,2026-04-12,0
ck_ff40ab072bb56a88,2026-02-20 15:51:59,2026-04-11,2026-04-12,0
ck_ab378d9684d95a82,2026-03-22 01:53:06,2026-04-11,2026-04-12,0
ck_0b6683d1d5678d6c,2026-03-06 19:40:49,2026-04-11,2026-04-12,0
ck_2b093954f00cc5ed,2026-03-25 19:29:10,2026-04-11,2026-04-12,0
ck_c2f05f98a1560dc9,2026-03-11 04:05:07,2026-04-11,2026-04-12,0
ck_3f3bfbb47ef936ff,2026-02-21 18:30:01,2026-04-11,2026-04-12,0
ck_d3a94c3c3820655a,2025-11-09 00:37:08,2026-04-11,2026-04-12,0
ck_083d683559e33d41,2026-03-03 05:52:41,2026-04-11,2026-04-12,0
ck_cf0b115705b06016,2026-02-12 13:38:01,2026-04-11,2026-04-12,0
ck_9c9983d87f873af6,2026-04-09 04:50:36,2026-04-11,2026-04-12,1
ck_2f1ca8b9bb00c9dc,2026-03-25 09:10:29,2026-04-11,2026-04-12,0
ck_c7549301705b2905,2026-01-29 16:45:55,2026-04-11,2026-04-12,0
ck_e1852e2e4402a988,2026-01-14 04:51:18,2026-04-11,2026-04-12,0
ck_65b91aee62f7330b,2026-03-23 01:26:06,2026-04-11,2026-04-12,0
ck_2ca53b8a65e8b4c7,2026-01-25 13:36:01,2026-04-11,2026-04-12,1
ck_f50f6b0dd9b26b15,2025-09-09 11:11:21,2026-04-11,2026-04-12,1
ck_b80312cf26bd41ed,2025-12-03 19:54:17,2026-04-11,2026-04-12,0
ck_082825b320a119de,2026-04-06 02:06:46,2026-04-11,2026-04-12,0
ck_7a0a6116f38d0a6b,2026-02-01 22:16:10,2026-04-11,2026-04-12,0
ck_2fb125c17eea06f3,2026-02-11 14:18:41,2026-04-11,2026-04-12,0
ck_0c451329629776bd,2026-04-08 13:22:15,2026-04-11,2026-04-12,0
ck_6ce8ea1ea63572ec,2026-03-24 11:33:00,2026-04-11,2026-04-12,0
ck_56ac9f115ca01605,2025-12-10 17:17:54,2026-04-11,2026-04-12,0
ck_a9ac60255ccdeca9,2026-04-08 18:05:16,2026-04-11,2026-04-12,0
ck_30fe2e4777da38cf,2025-11-29 13:23:07,2026-04-11,2026-04-12,0
ck_6f1273d28cd0d27e,2026-02-13 16:45:08,2026-04-11,2026-04-12,0
ck_92c6d9941dc6fb9c,2026-03-02 22:06:39,2026-04-11,2026-04-12,0
ck_b09be0def352a4c1,2026-01-28 03:07:24,2026-04-11,2026-04-12,0
ck_ed5a43f492f7289e,2025-12-30 22:42:19,2026-04-11,2026-04-12,0
ck_3147dc14fd6fffcb,2026-03-13 02:03:21,2026-04-11,2026-04-12,1
ck_4027ffac86d58059,2026-04-10 13:51:44,2026-04-11,2026-04-12,0
ck_b977a7f80a0fa8c6,2025-12-15 16:57:37,2026-04-11,2026-04-12,0
ck_606e74ce30dbcd00,2026-04-10 11:43:30,2026-04-11,2026-04-12,0
ck_9d4e5000d6c98760,2026-01-28 20:21:49,2026-04-11,2026-04-12,0
ck_620353575d51f20f,2025-11-03 12:37:40,2026-04-11,2026-04-12,0
ck_4b777f1cd9780264,2026-01-22 14:35:30,2026-04-11,2026-04-12,0
ck_791257dc6b7fcc56,2026-03-09 04:44:21,2026-04-11,2026-04-12,0
ck_c7f03533c21f2346,2026-04-10 02:35:19,2026-04-11,2026-04-12,0
ck_0d3c25c0fb7b3095,2026-03-09 09:28:43,2026-04-11,2026-04-12,0
ck_d887711784aba07a,2026-03-02 16:31:44,2026-04-11,2026-04-12,0
ck_73d65adfa6fc7ca6,2026-04-10 09:33:41,2026-04-11,2026-04-12,0
ck_6cf2b563622ac4fb,2025-12-27 21:06:27,2026-04-11,2026-04-12,0
ck_5e482e6df8da5453,2026-02-15 04:53:51,2026-04-11,2026-04-12,0
ck_e4a5667236ac32c0,2026-04-10 10:57:32,2026-04-11,2026-04-12,0
ck_a6388993db20a4fe,2025-12-12 10:09:17,2026-04-11,2026-04-12,0
ck_021de441f62fdfc5,2026-01-07 21:41:12,2026-04-11,2026-04-12,0
ck_ae0d1054043bec21,2026-04-09 21:42:19,2026-04-11,2026-04-12,0
ck_a484ab5230c63b24,2026-04-10 08:36:30,2026-04-11,2026-04-12,1
ck_5c64755590ee434b,2026-01-16 06:54:08,2026-04-11,2026-04-12,0
ck_6209f4fe9390f947,2026-03-20 17:09:24,2026-04-11,2026-04-12,0
ck_0602d62f65c1f275,2026-02-05 05:22:50,2026-04-11,2026-04-12,0
ck_87b53ae9857b42be,2026-04-10 16:05:42,2026-04-11,2026-04-12,1
ck_fa2fb0bba0eda24e,2026-04-08 22:01:07,2026-04-11,2026-04-12,0
ck_99679637418286ff,2026-03-19 23:29:44,2026-04-11,2026-04-12,0
ck_ab3fa2b961ff3ed1,2026-04-08 16:28:45,2026-04-11,2026-04-12,0
ck_249a8eea0f5ee884,2026-01-20 21:07:50,2026-04-11,2026-04-12,0
ck_902deac49c9fe878,2026-04-10 12:51:34,2026-04-11,2026-04-12,1
ck_c3351e323c31b3c7,2026-02-11 21:47:03,2026-04-11,2026-04-12,0
ck_de8a7a52a0e67e82,2025-10-30 21:05:06,2026-04-11,2026-04-12,0
ck_5386e2064a847a78,2026-04-10 09:08:55,2026-04-11,2026-04-12,0
ck_402b13335184504e,2025-10-11 02:40:57,2026-04-11,2026-04-12,0
ck_07a00ed0dc13b4ac,2026-03-03 00:04:06,2026-04-11,2026-04-12,0
ck_38233812430839c4,2025-11-07 14:55:32,2026-04-11,2026-04-12,0
ck_84388c96bd4d4877,2026-03-29 16:46:29,2026-04-11,2026-04-12,1
ck_8b6dd085045c259e,2026-01-25 17:59:49,2026-04-11,2026-04-12,0
ck_1700136e205725e3,2026-03-10 10:36:16,2026-04-11,2026-04-12,0
ck_d9214ea10536a961,2026-04-09 15:28:24,2026-04-11,2026-04-12,1
ck_39f0a9b96fff50e7,2026-02-14 22:06:49,2026-04-11,2026-04-12,0
ck_c94465ce10a648c0,2025-10-22 01:39:39,2026-04-11,2026-04-12,0
ck_c233e4c2587e4070,2026-03-04 16:52:19,2026-04-11,2026-04-12,0
ck_0e0e7b9b57576edb,2026-04-10 03:47:56,2026-04-11,2026-04-12,0
ck_ca2ce756ee2a806c,2026-02-25 17:09:25,2026-04-11,2026-04-12,0
ck_06c63aab67df72b0,2025-12-02 13:53:54,2026-04-11,2026-04-12,0
ck_b5822658bad54544,2025-12-22 21:31:31,2026-04-11,2026-04-12,0
ck_9fa53dbcf85063e4,2026-03-20 03:34:51,2026-04-11,2026-04-12,1
ck_e96b3b94f82635e5,2026-01-01 04:59:41,2026-04-11,2026-04-12,0
ck_9b21eeb52e4efc8a,2026-02-13 12:20:09,2026-04-11,2026-04-12,0
ck_cc24b2df3750e530,2026-02-19 01:47:32,2026-04-11,2026-04-12,0
ck_e595432d375bb4e4,2025-08-25 06:32:45,2026-04-11,2026-04-12,0
ck_bf89d2dc63632c33,2026-04-08 15:26:51,2026-04-11,2026-04-12,1
ck_4a1779ef5b8b01ac,2026-01-03 23:08:24,2026-04-11,2026-04-12,0
ck_bf39a6c00ce5814e,2026-02-02 10:33:44,2026-04-11,2026-04-12,0
ck_0b81f3de96cd3506,2026-01-01 18:10:40,2026-04-11,2026-04-12,0
ck_cb057603a515e06f,2025-11-19 05:46:04,2026-04-11,2026-04-12,0
ck_a419a5dad19d512b,2026-04-09 18:42:33,2026-04-11,2026-04-12,0
ck_1b066e6422f3535c,2026-04-10 05:29:20,2026-04-11,2026-04-12,0
ck_63df57c8e31be68f,2026-02-15 16:05:05,2026-04-11,2026-04-12,0
ck_dd6fcd80339ae8b3,2026-04-10 02:47:55,2026-04-11,2026-04-12,0
ck_c9535ea9911a802b,2026-01-05 13:19:26,2026-04-11,2026-04-12,0
ck_c9de6a3ee022ae47,2026-02-14 04:50:37,2026-04-11,2026-04-12,0
ck_4c10106572328453,2026-04-10 13:12:57,2026-04-11,2026-04-12,0
ck_35aeabeef05d8a01,2026-01-15 10:13:49,2026-04-11,2026-04-12,0
ck_5f946cf66d34922a,2025-09-13 21:48:07,2026-04-11,2026-04-12,0
ck_84f46a2b1760aa3d,2026-01-31 19:21:51,2026-04-11,2026-04-12,0
ck_d63881b67a21e4e2,2026-02-25 17:40:27,2026-04-11,2026-04-12,1
ck_8b8691b2799bb70a,2026-03-05 05:18:13,2026-04-11,2026-04-12,0
ck_e38a9fc12666e1f8,2026-04-10 06:46:51,2026-04-11,2026-04-12,0
ck_f42d456f22afa1b3,2026-02-20 12:48:34,2026-04-11,2026-04-12,0
ck_8282cbf4f2d4b2e2,2025-11-17 13:28:30,2026-04-11,2026-04-12,0
ck_cc963d1be0b7c345,2026-02-24 22:03:23,2026-04-11,2026-04-12,0
ck_02961ffe74fc88dc,2026-01-24 11:39:47,2026-04-11,2026-04-12,0
ck_568e9af3111e827a,2025-08-24 02:57:20,2026-04-11,2026-04-12,0
ck_18159bd80f78fa17,2026-02-05 02:43:18,2026-04-11,2026-04-12,0
ck_4cfde163baf3c1b4,2026-02-01 17:06:22,2026-04-11,2026-04-12,0
ck_dce9e752efff5504,2026-01-29 19:32:45,2026-04-11,2026-04-12,0
ck_1b8017130e82f787,2026-02-24 08:41:10,2026-04-11,2026-04-12,0
ck_01e05b9020e4d93b,2026-04-10 21:50:08,2026-04-11,2026-04-12,1
ck_f9d4687e6b3575c0,2026-03-10 22:14:24,2026-04-11,2026-04-12,0
ck_1d3898e21e416134,2026-04-10 04:10:32,2026-04-11,2026-04-12,0
ck_a556b90bd85a3532,2026-03-03 07:49:56,2026-04-11,2026-04-12,0
ck_7ffda7d13fd40f0a,2025-11-24 10:37:19,2026-04-11,2026-04-12,0
ck_97a82f0b804d11db,2025-05-20 02:17:56,2026-04-11,2026-04-12,0
ck_f913e498bbe79add,2026-01-22 20:30:08,2026-04-11,2026-04-12,0
ck_606644e672a733ea,2025-12-29 09:27:20,2026-04-11,2026-04-12,0
ck_f2b611df1eb607d6,2026-01-15 14:32:50,2026-04-11,2026-04-12,0
ck_ef21a2df26ced77f,2026-01-20 03:28:46,2026-04-11,2026-04-12,0
ck_f1420237eae1c0d2,2026-02-05 12:07:55,2026-04-11,2026-04-12,0
ck_27e28e5417e38221,2026-03-17 22:34:57,2026-04-11,2026-04-12,0
ck_be624579021dcd22,2026-04-08 17:52:42,2026-04-11,2026-04-12,0
ck_71786e807aa7c263,2026-04-07 02:14:14,2026-04-11,2026-04-12,0
ck_33b9bd27ff1e4dfc,2025-09-27 19:35:35,2026-04-11,2026-04-12,0
ck_f7fbcec221c77e8e,2025-11-07 14:23:20,2026-04-11,2026-04-12,0
ck_f0036ab7e57e3d9f,2026-04-10 08:30:44,2026-04-11,2026-04-12,0
ck_14c7763f68d8d390,2026-03-10 04:09:06,2026-04-11,2026-04-12,0
ck_31c20658601d6286,2026-01-08 06:51:05,2026-04-11,2026-04-12,0
ck_48df18a688d1e4df,2026-02-26 07:29:05,2026-04-11,2026-04-12,0
ck_6547f55b1ef3ae35,2026-04-10 08:56:41,2026-04-11,2026-04-12,0
ck_df1533684f1abe21,2025-12-12 09:46:26,2026-04-11,2026-04-12,0
ck_0ced9010e83418b7,2026-03-17 23:56:55,2026-04-11,2026-04-12,0
ck_f30dde5a5d2cfa65,2026-04-10 22:20:23,2026-04-11,2026-04-12,0
ck_e205cce4d5baf610,2026-01-30 01:57:12,2026-04-11,2026-04-12,0
ck_c72f2d5503cd1482,2026-01-25 06:42:56,2026-04-11,2026-04-12,0
ck_6087799e8fb239a6,2026-01-25 14:21:33,2026-04-11,2026-04-12,0
ck_eb5b964a276113e2,2026-01-30 21:47:30,2026-04-11,2026-04-12,0
ck_f8c921af442470ce,2026-03-20 11:48:18,2026-04-11,2026-04-12,1
ck_b19b055411f4e1c0,2026-01-07 10:40:36,2026-04-11,2026-04-12,0
ck_0037dcb6ec6b40c4,2026-01-13 17:21:02,2026-04-11,2026-04-12,0
ck_630ca9bbd73184b1,2026-03-16 19:44:19,2026-04-11,2026-04-12,0
ck_a13e7ad3bff5ad12,2026-04-09 02:47:21,2026-04-11,2026-04-12,0
ck_bb362f11de1c0b8f,2026-04-07 14:00:36,2026-04-11,2026-04-12,0
ck_7c3b9acf4e93b3c1,2026-01-02 17:30:59,2026-04-11,2026-04-12,0
ck_e9293b41daae3c50,2026-02-02 10:27:56,2026-04-11,2026-04-12,0
ck_7512f63eda051d40,2025-09-24 20:25:26,2026-04-11,2026-04-12,0
ck_06bd327c5f0cad27,2026-04-09 11:42:31,2026-04-11,2026-04-12,0
ck_3d13452c39cc71e5,2026-04-10 14:56:51,2026-04-11,2026-04-12,0
ck_2eaf6249b2555867,2026-02-12 14:37:23,2026-04-11,2026-04-12,0
ck_7f828c18f3bca56a,2025-07-22 20:33:54,2026-04-11,2026-04-12,0
ck_cb1afb43a868fdf6,2026-01-29 16:09:39,2026-04-11,2026-04-12,0
ck_a62006c629be54d5,2026-01-09 00:17:12,2026-04-11,2026-04-12,0
ck_2cf2f3bfd1258ddf,2026-01-24 00:17:01,2026-04-11,2026-04-12,0
ck_2d5353bef86e3bb6,2025-09-22 01:53:58,2026-04-11,2026-04-12,0
ck_12aee174ac1b893a,2026-03-14 17:00:45,2026-04-11,2026-04-12,0
ck_09758479ae4c76d8,2025-11-29 16:34:55,2026-04-11,2026-04-12,0
ck_15388f42f1f34964,2026-03-01 13:45:52,2026-04-11,2026-04-12,0
ck_b5c268695771ee03,2026-01-13 01:21:36,2026-04-11,2026-04-12,0
ck_0a40d61dd7939acc,2026-03-07 11:11:25,2026-04-11,2026-04-12,0
ck_9fcabde420a4b42b,2026-04-10 08:49:14,2026-04-11,2026-04-12,1
ck_8dd4637ced28cbbf,2026-03-11 01:11:05,2026-04-11,2026-04-12,0
ck_7cdbd72091c79c07,2026-03-21 23:51:16,2026-04-11,2026-04-12,0
ck_d3559da430cbb2f4,2025-10-24 08:46:01,2026-04-11,2026-04-12,0
ck_88dfaf8655fa28da,2026-02-03 17:37:21,2026-04-11,2026-04-12,0
ck_12366493b350489a,2026-04-10 00:11:36,2026-04-11,2026-04-12,0
ck_f297169a73d7d377,2026-03-25 19:22:11,2026-04-11,2026-04-12,0
ck_18d7953d6e7b159b,2026-03-09 20:38:55,2026-04-11,2026-04-12,0
ck_d3fb7ad60515c838,2026-02-19 17:08:56,2026-04-11,2026-04-12,0
ck_d107096d9e310b71,2025-10-02 16:00:21,2026-04-11,2026-04-12,0
ck_ff1eb08b82f72161,2026-04-08 07:19:11,2026-04-11,2026-04-12,0
ck_3941da256bf60a6b,2026-03-01 13:05:40,2026-04-11,2026-04-12,0
ck_52699f8e1c34ce61,2026-04-09 21:50:08,2026-04-11,2026-04-12,0
ck_7234c4183d33cbe8,2025-12-12 12:59:55,2026-04-11,2026-04-12,0
ck_1e3e6b771864f8fa,2026-01-19 21:25:16,2026-04-11,2026-04-12,0
ck_2bc21ecd1eadb868,2025-11-30 01:54:07,2026-04-11,2026-04-12,0
ck_ada0fc9a0344e9f6,2026-01-19 18:55:40,2026-04-11,2026-04-12,0
ck_2f952248e2991160,2026-03-10 14:45:05,2026-04-11,2026-04-12,0
ck_a2acf9773b8f6084,2025-06-14 20:39:15,2026-04-11,2026-04-12,0
ck_eb113f84740b64bf,2026-03-09 02:12:19,2026-04-11,2026-04-12,0
ck_11347f63813042c2,2026-04-10 03:55:13,2026-04-11,2026-04-12,0
ck_8e854bcb0406789b,2026-02-18 16:46:50,2026-04-11,2026-04-12,0
ck_a1cf58669364626c,2026-04-08 19:02:35,2026-04-11,2026-04-12,0
ck_da4987ed6463c5be,2026-03-14 06:05:01,2026-04-11,2026-04-12,0
ck_141953c8df78fe77,2026-01-19 18:21:59,2026-04-11,2026-04-12,0
ck_8c48fbd179f03107,2026-02-16 13:18:18,2026-04-11,2026-04-12,0
ck_ccf5b792b32bee58,2026-03-13 20:19:39,2026-04-11,2026-04-12,0
ck_eaf1cae79f24dfc1,2026-02-24 12:00:00,2026-04-11,2026-04-12,0
ck_02ed9c52248cff18,2025-11-05 20:09:02,2026-04-11,2026-04-12,0
ck_cd160de319040e2b,2026-04-09 05:28:13,2026-04-11,2026-04-12,0
ck_d81280fdd8611626,2026-04-09 04:11:59,2026-04-11,2026-04-12,0
ck_2eb82303db4be09f,2026-01-15 13:34:52,2026-04-11,2026-04-12,0
ck_6a24b503e519bd2a,2025-12-07 23:28:30,2026-04-11,2026-04-12,0
ck_064e84262604c7fb,2026-02-06 15:26:37,2026-04-11,2026-04-12,0
ck_4ade055822ab3bc4,2026-03-13 17:43:24,2026-04-11,2026-04-12,0
ck_8cc760f69bb28f72,2026-03-03 19:06:30,2026-04-11,2026-04-12,0
ck_5d8971d5fc9d07b6,2026-02-16 08:10:08,2026-04-11,2026-04-12,0
ck_08db89b0207ae77e,2026-04-10 11:46:38,2026-04-11,2026-04-12,0
ck_2d79f7c5b31f4ad0,2025-12-13 04:53:16,2026-04-11,2026-04-12,0
ck_a1d83aa5c260bbe5,2026-04-08 20:16:50,2026-04-11,2026-04-12,0
ck_590a65e989f093af,2026-04-10 07:20:23,2026-04-11,2026-04-12,0
ck_42c9f614a336c495,2025-10-01 07:02:09,2026-04-11,2026-04-12,0
ck_0f5bbdd736a69238,2026-01-06 05:06:07,2026-04-11,2026-04-12,0
ck_807e6160bc515177,2026-04-10 05:44:57,2026-04-11,2026-04-12,0
ck_52f2c5f3ec5d659f,2026-01-25 05:44:27,2026-04-11,2026-04-12,0
ck_4721568f0e03c651,2026-02-17 01:44:10,2026-04-11,2026-04-12,0
ck_3bd222dd13580e86,2026-04-10 17:49:40,2026-04-11,2026-04-12,0
ck_2685952f460e2d98,2026-03-11 20:54:42,2026-04-11,2026-04-12,0
ck_c4c02f1c3e4f457f,2026-02-21 14:45:19,2026-04-11,2026-04-12,0
ck_c73205660e319b95,2026-01-31 02:55:27,2026-04-11,2026-04-12,0
ck_9a36b866cc955628,2026-02-10 08:58:20,2026-04-11,2026-04-12,0
ck_d4a231ee7a74f021,2026-04-08 22:07:47,2026-04-11,2026-04-12,0
ck_3c0c5b347c49cc83,2025-11-26 09:48:59,2026-04-11,2026-04-12,0
ck_22d5415cb29501da,2025-07-15 11:40:23,2026-04-11,2026-04-12,0
ck_89d92d55e23b6385,2025-10-31 08:06:40,2026-04-11,2026-04-12,0
ck_35a6cf5c5b3bc139,2025-12-18 19:46:01,2026-04-11,2026-04-12,0
ck_b5cc7b981de85f3f,2026-01-11 13:30:30,2026-04-11,2026-04-12,0
ck_6a138ae66392b215,2026-01-29 23:48:00,2026-04-11,2026-04-12,0
ck_c18ccae7f1cd729f,2026-02-03 16:14:45,2026-04-11,2026-04-12,0
ck_a28c42b86cf5a010,2026-04-01 18:59:43,2026-04-11,2026-04-12,0
ck_1e254b259aec35df,2026-04-08 11:16:42,2026-04-11,2026-04-12,0
ck_acc8881da6be12d5,2026-04-09 10:01:58,2026-04-11,2026-04-12,0
ck_6e478304ae639c8c,2026-01-27 23:42:00,2026-04-11,2026-04-12,0
ck_7c1513a9fd02a55d,2026-04-09 21:19:31,2026-04-11,2026-04-12,0
ck_6fafe8dfdeb06f50,2026-01-10 19:18:32,2026-04-11,2026-04-12,0
ck_2180e2b29125b143,2026-01-22 10:52:27,2026-04-11,2026-04-12,0
ck_e022d250ef8ecaa7,2025-12-10 00:38:49,2026-04-11,2026-04-12,0
ck_cbe37e083b509cab,2026-01-09 15:37:54,2026-04-11,2026-04-12,0
ck_9a0e57f743d2d1f4,2025-12-14 12:56:36,2026-04-11,2026-04-12,0
ck_bfc8b10a8140d3aa,2025-11-21 14:09:50,2026-04-11,2026-04-12,0
ck_009e01af55f2ce0b,2025-09-30 13:32:48,2026-04-11,2026-04-12,0
ck_99e2f6a1f47aafe5,2026-04-10 14:47:26,2026-04-11,2026-04-12,0
ck_72aadb8e175a1021,2025-12-26 13:57:22,2026-04-11,2026-04-12,0
ck_058fdb53176e3ef0,2026-04-10 22:01:41,2026-04-11,2026-04-12,0
ck_d023249a4902c9e9,2025-10-25 04:37:12,2026-04-11,2026-04-12,0
ck_918d0139e8e0d24d,2026-04-08 11:23:14,2026-04-11,2026-04-12,0
ck_8bf299c1bfaaeb7b,2026-04-09 10:18:49,2026-04-11,2026-04-12,0
ck_a9e8af819f0065fc,2026-01-10 02:16:14,2026-04-11,2026-04-12,0
ck_080e228e048d82ab,2025-12-24 16:49:33,2026-04-11,2026-04-12,0
ck_b6b8f2ca2fd87bdb,2026-01-18 18:40:29,2026-04-11,2026-04-12,0
ck_1ad5de13e38a4924,2026-02-21 13:00:58,2026-04-11,2026-04-12,0
ck_227b65f891f15780,2026-01-02 00:23:47,2026-04-11,2026-04-12,0
ck_ffb86945a298d568,2026-03-14 18:24:00,2026-04-11,2026-04-12,0
ck_0b7490a406936728,2026-04-10 09:45:30,2026-04-11,2026-04-12,0
ck_b20115d57b82f503,2025-10-06 13:46:22,2026-04-11,2026-04-12,0
ck_373468556d16696f,2025-10-13 06:06:46,2026-04-11,2026-04-12,0
ck_ced07e695132c70d,2026-04-10 09:05:42,2026-04-11,2026-04-12,0
ck_177dd4233f31f04b,2025-09-12 00:32:43,2026-04-11,2026-04-12,0
ck_470570ecba262182,2026-03-19 02:58:53,2026-04-11,2026-04-12,0
ck_87472511ae8c58c5,2025-10-29 08:47:47,2026-04-11,2026-04-12,0
ck_d588d7b77a434b8f,2026-01-29 13:28:03,2026-04-11,2026-04-12,0
ck_7ebf6bfa2f1e6a57,2025-12-15 16:21:58,2026-04-11,2026-04-12,0
ck_4545f6f9ff9941b5,2026-04-07 11:18:53,2026-04-11,2026-04-12,0
ck_f9e27fd67b180b6f,2026-01-16 11:47:01,2026-04-11,2026-04-12,0
ck_d8254ff87289e91b,2026-03-16 07:29:21,2026-04-11,2026-04-12,0
ck_1da45f83cfccd480,2025-11-01 07:56:29,2026-04-11,2026-04-12,0
ck_88359bcb7db276a8,2026-03-13 15:28:11,2026-04-11,2026-04-12,0
ck_a288a05fe97eed38,2026-04-10 14:01:29,2026-04-12,2026-04-13,1
ck_8c23cc14c6110602,2025-12-06 00:43:10,2026-04-12,2026-04-13,0
ck_08b9dc7005d85f90,2025-12-06 16:23:45,2026-04-12,2026-04-13,0
ck_1cd0c2256f7a2e16,2026-03-31 23:00:30,2026-04-12,2026-04-13,0
ck_19e77e57b57de8a3,2025-12-08 11:18:01,2026-04-12,2026-04-13,0
ck_dc32ae8c5ebfc92e,2025-11-10 12:55:52,2026-04-12,2026-04-13,0
ck_96455e70460538eb,2026-02-23 07:48:46,2026-04-12,2026-04-13,0
ck_82fcc8779441be00,2026-03-11 09:45:56,2026-04-12,2026-04-13,0
ck_b2d3de1b424460fe,2025-12-29 22:34:26,2026-04-12,2026-04-13,0
ck_a6d04e7d92eb40bc,2025-12-15 23:09:09,2026-04-12,2026-04-13,1
ck_8f9fb0e538edff23,2025-12-11 06:05:07,2026-04-12,2026-04-13,0
ck_a589363230b7f427,2026-03-07 10:59:04,2026-04-12,2026-04-13,0
ck_863c1e5cb82710c6,2026-04-11 09:37:23,2026-04-12,2026-04-13,1
ck_f428f906d23ab7a6,2025-10-01 11:48:25,2026-04-12,2026-04-13,0
ck_d1f18333273d54d6,2026-04-09 13:11:00,2026-04-12,2026-04-13,0
ck_73d732482ee64fdd,2026-04-11 14:10:05,2026-04-12,2026-04-13,0
ck_cb9ba35d365c64c0,2026-03-20 14:36:51,2026-04-12,2026-04-13,0
ck_fed4f689778aeb53,2026-03-17 05:57:13,2026-04-12,2026-04-13,0
ck_8e21e934e53b26ef,2025-11-16 07:53:09,2026-04-12,2026-04-13,0
ck_e6d2e9a5ec678f9a,2026-03-01 21:56:46,2026-04-12,2026-04-13,0
ck_bc58c9777e602693,2026-03-05 08:52:44,2026-04-12,2026-04-13,0
ck_d34be834dcb08c65,2026-01-09 04:21:16,2026-04-12,2026-04-13,0
ck_287616af8202b9a6,2026-03-21 07:44:19,2026-04-12,2026-04-13,0
ck_433e657daceff018,2026-04-10 20:16:21,2026-04-12,2026-04-13,0
ck_714600756677aef6,2025-08-09 09:53:43,2026-04-12,2026-04-13,0
ck_21afdbb7fa4d1968,2025-12-05 15:30:00,2026-04-12,2026-04-13,0
ck_2a3e9a794b282e0b,2025-10-30 01:57:32,2026-04-12,2026-04-13,0
ck_8f938074fefb2406,2026-02-13 04:47:45,2026-04-12,2026-04-13,0
ck_4aa7bbe85d6a7742,2026-03-12 04:09:47,2026-04-12,2026-04-13,0
ck_5cf546675cda00e2,2026-03-22 18:08:34,2026-04-12,2026-04-13,0
ck_c8f67a3f1eeec03c,2025-12-15 03:11:30,2026-04-12,2026-04-13,0
ck_e806c83d21449612,2025-08-13 06:30:07,2026-04-12,2026-04-13,0
ck_806649f4d0a21ac2,2026-02-17 01:41:36,2026-04-12,2026-04-13,0
ck_363acbb6df10ccf4,2026-02-10 11:43:13,2026-04-12,2026-04-13,1
ck_3bb2bdf93a4e35f8,2026-02-02 22:32:27,2026-04-12,2026-04-13,0
ck_01e05a9ddde86327,2026-03-05 10:27:56,2026-04-12,2026-04-13,0
ck_867889db342627aa,2025-11-29 07:20:01,2026-04-12,2026-04-13,0
ck_2c9196b51cc08e1d,2025-12-25 21:13:38,2026-04-12,2026-04-13,0
ck_702853fc09d9042e,2026-02-15 04:28:11,2026-04-12,2026-04-13,0
ck_28d8bb072293d82d,2026-03-06 20:30:36,2026-04-12,2026-04-13,0
ck_048a4e2dd6eda96f,2026-02-08 22:38:21,2026-04-12,2026-04-13,0
ck_020c8eb684d65b22,2026-03-16 23:34:53,2026-04-12,2026-04-13,0
ck_5102ee32285eedfc,2025-08-25 07:25:29,2026-04-12,2026-04-13,0
ck_0e2777e0c3011a20,2026-02-10 07:43:50,2026-04-12,2026-04-13,0
ck_d20935c939f70bf3,2025-11-28 02:22:04,2026-04-12,2026-04-13,0
ck_8b995f2ad7077ed1,2025-12-23 03:18:06,2026-04-12,2026-04-13,0
ck_5919a28f9c706a33,2025-12-23 11:58:22,2026-04-12,2026-04-13,0
ck_604c227444798960,2026-04-10 03:18:39,2026-04-12,2026-04-13,0
ck_817058b1e42d63a1,2026-03-03 17:24:07,2026-04-12,2026-04-13,0
ck_9b4a4a515d10bb44,2026-01-04 00:16:49,2026-04-12,2026-04-13,0
ck_9d04b0e921296967,2026-04-10 08:12:04,2026-04-12,2026-04-13,0
ck_208d50af4d671f90,2026-03-20 23:36:57,2026-04-12,2026-04-13,0
ck_6f1b9232d9e98706,2026-01-09 22:28:56,2026-04-12,2026-04-13,0
ck_c6bbbd58325f8ff0,2025-10-15 14:12:24,2026-04-12,2026-04-13,0
ck_8c48ae3242356965,2026-02-05 08:45:51,2026-04-12,2026-04-13,0
ck_cafe8633b376f5fa,2026-02-11 23:51:24,2026-04-12,2026-04-13,0
ck_bfbda0cdd1d165d7,2025-12-13 00:56:40,2026-04-12,2026-04-13,0
ck_2de1ff3b6be7f3f4,2025-12-23 06:29:44,2026-04-12,2026-04-13,1
ck_45199dcbdb3c77e8,2025-11-11 22:01:08,2026-04-12,2026-04-13,0
ck_2911a75bce0954e4,2026-01-29 04:28:01,2026-04-12,2026-04-13,0
ck_7c9ef88eeab24ff1,2025-12-08 04:32:27,2026-04-12,2026-04-13,0
ck_cccee22f65e63da4,2026-04-10 10:00:16,2026-04-12,2026-04-13,0
ck_1b1f4ac7ab13ff67,2026-02-15 13:15:27,2026-04-12,2026-04-13,0
ck_8ba401e049a47a6c,2026-01-12 12:10:13,2026-04-12,2026-04-13,0
ck_cbecb036275def9d,2026-03-19 02:32:11,2026-04-12,2026-04-13,0
ck_a837a01978a06f45,2026-04-07 06:31:39,2026-04-12,2026-04-13,0
ck_ccbd5a1befafd5db,2025-12-27 07:50:39,2026-04-12,2026-04-13,0
ck_110876900404f336,2026-04-10 23:45:54,2026-04-12,2026-04-13,0
ck_66a202d5943f87ab,2026-04-11 14:37:23,2026-04-12,2026-04-13,0
ck_4c79506eec86440c,2025-11-18 05:38:49,2026-04-12,2026-04-13,0
ck_8a65c422ab8a8720,2025-07-19 22:58:47,2026-04-12,2026-04-13,0
ck_baa641139aaa59e1,2026-03-13 13:13:27,2026-04-12,2026-04-13,0
ck_62670793e471bff0,2026-04-11 23:02:49,2026-04-12,2026-04-13,0
ck_1a07e22b998a186d,2026-01-24 17:10:50,2026-04-12,2026-04-13,0
ck_aa95da517af4831a,2026-01-20 13:38:40,2026-04-12,2026-04-13,0
ck_3adc3ca558323849,2025-11-13 18:25:10,2026-04-12,2026-04-13,0
ck_174c3038047773f2,2026-01-25 05:43:59,2026-04-12,2026-04-13,0
ck_0abad625437996e7,2025-11-28 09:50:03,2026-04-12,2026-04-13,0
ck_ffe648839179d098,2026-02-24 15:05:48,2026-04-12,2026-04-13,0
ck_78858448f330ce54,2025-12-05 15:31:17,2026-04-12,2026-04-13,0
ck_cedf67cbd6e48a43,2026-04-10 02:26:39,2026-04-12,2026-04-13,0
ck_84958df710e52ebc,2026-01-25 02:56:54,2026-04-12,2026-04-13,0
ck_66c9b545fa3c3d3c,2026-03-18 01:25:48,2026-04-12,2026-04-13,0
ck_edf822ff85d28883,2026-01-29 09:53:02,2026-04-12,2026-04-13,0
ck_546560c8841be06a,2026-03-26 23:16:41,2026-04-12,2026-04-13,0
ck_0b58f81c96ddc384,2026-01-11 19:33:16,2026-04-12,2026-04-13,0
ck_dc515b956200a628,2026-03-06 06:33:33,2026-04-12,2026-04-13,0
ck_ce64b87d466edf75,2026-02-24 11:51:30,2026-04-12,2026-04-13,0
ck_d3a3a76b2f42d25f,2026-04-11 01:12:48,2026-04-12,2026-04-13,0
ck_8124b02e0d7ed96b,2026-01-16 16:12:57,2026-04-12,2026-04-13,0
ck_2a079b23c721c9f4,2026-02-24 04:22:58,2026-04-12,2026-04-13,0
ck_db0478a216c01c40,2025-12-02 18:12:15,2026-04-12,2026-04-13,0
ck_281d951546f05bd0,2026-02-24 19:45:32,2026-04-12,2026-04-13,0
ck_6dd59f33e7d466e9,2025-12-03 03:49:29,2026-04-12,2026-04-13,0
ck_b3834e6dfd31aaea,2026-04-11 06:03:49,2026-04-12,2026-04-13,0
ck_237f30dafdfb5a8d,2026-04-10 03:38:59,2026-04-12,2026-04-13,0
ck_acae96697d63f258,2026-04-09 12:13:11,2026-04-12,2026-04-13,0
ck_aaa059e9e4ecfbe4,2025-12-02 13:23:01,2026-04-12,2026-04-13,0
ck_9e3ce0f31c9c5258,2025-12-11 00:28:14,2026-04-12,2026-04-13,0
ck_fef8dd6feea884aa,2025-10-25 09:35:57,2026-04-12,2026-04-13,1
ck_2defec0c279fe7a8,2026-02-10 11:49:19,2026-04-12,2026-04-13,0
ck_3ac6c324a484ac0e,2026-02-20 02:17:30,2026-04-12,2026-04-13,0
ck_c6067295407f5846,2026-04-10 01:41:42,2026-04-12,2026-04-13,0
ck_0131ecbf3f9999c6,2026-03-05 04:30:22,2026-04-12,2026-04-13,0
ck_7fd500e0a05b6825,2026-01-11 13:18:55,2026-04-12,2026-04-13,0
ck_88fbff4affccece7,2025-11-15 21:56:36,2026-04-12,2026-04-13,0
ck_d37e9e8f855ed777,2026-03-10 19:10:56,2026-04-12,2026-04-13,0
ck_996d840f8adc9c07,2026-01-19 10:56:16,2026-04-12,2026-04-13,0
ck_d43f6760e5e2f0d0,2026-03-09 19:52:51,2026-04-12,2026-04-13,1
ck_9f19e7a156fd14c4,2026-02-08 00:49:42,2026-04-12,2026-04-13,0
ck_212c69067918ede0,2026-02-10 17:27:40,2026-04-12,2026-04-13,0
ck_df06c1a8e640dbad,2026-01-30 10:14:35,2026-04-12,2026-04-13,0
ck_f3dac67ab421b0d6,2025-12-10 14:24:29,2026-04-12,2026-04-13,0
ck_80ef9c98d11796b8,2026-04-10 14:00:26,2026-04-12,2026-04-13,0
ck_7f585cc425b152b2,2026-02-16 13:12:37,2026-04-12,2026-04-13,0
ck_2ec865033a922dd9,2026-04-11 17:42:35,2026-04-12,2026-04-13,0
ck_6c39fc6450706b22,2026-03-15 22:06:59,2026-04-12,2026-04-13,0
ck_82a6e3c720d76cd3,2025-11-26 05:05:50,2026-04-12,2026-04-13,0
ck_64469114e1607909,2026-02-17 03:06:50,2026-04-12,2026-04-13,0
ck_2a8cc961440c1813,2026-04-11 18:54:24,2026-04-12,2026-04-13,1
ck_5fcf5c43aef6dff4,2026-01-02 08:58:09,2026-04-12,2026-04-13,0
ck_c79cead01ffbe7f1,2025-06-18 20:57:23,2026-04-12,2026-04-13,0
ck_9eb6e6909c11a7b0,2025-12-30 14:01:48,2026-04-12,2026-04-13,0
ck_2bd3628f68d9249c,2025-10-23 04:04:42,2026-04-12,2026-04-13,0
ck_ebc2872b02d8243d,2025-10-17 02:23:44,2026-04-12,2026-04-13,0
ck_67a92fc472849a7d,2025-12-30 01:13:33,2026-04-12,2026-04-13,0
ck_e706d8e052bed0bd,2026-04-05 10:38:43,2026-04-12,2026-04-13,0
ck_9ed2ada17dd7a67a,2026-02-04 20:24:54,2026-04-12,2026-04-13,0
ck_28109563514be091,2025-12-23 18:25:16,2026-04-12,2026-04-13,0
ck_490284308bffc334,2026-04-11 00:25:29,2026-04-12,2026-04-13,1
ck_c1f1cef0377224f3,2026-01-26 12:57:51,2026-04-12,2026-04-13,0
ck_a28ded0e59e3f727,2026-03-25 00:02:01,2026-04-12,2026-04-13,0
ck_3bfe8a26d8941736,2026-01-26 10:13:07,2026-04-12,2026-04-13,0
ck_03d349d02a6c9ab8,2026-04-10 18:45:34,2026-04-12,2026-04-13,0
ck_6c9e6704502a0594,2026-04-11 11:55:20,2026-04-12,2026-04-13,0
ck_d313572d8bb5bfed,2025-12-16 18:19:26,2026-04-12,2026-04-13,0
ck_fe6a0e7cc9ea413b,2025-11-23 06:38:56,2026-04-12,2026-04-13,0
ck_04491028ad5932ce,2026-02-08 23:37:06,2026-04-12,2026-04-13,0
ck_441c5e5e02416010,2026-02-24 15:41:10,2026-04-12,2026-04-13,0
ck_0e6857b4e71ad767,2026-01-29 05:40:00,2026-04-12,2026-04-13,0
ck_95e4c32ea3575beb,2026-01-07 18:58:56,2026-04-12,2026-04-13,0
ck_c9f45b53545a2ac4,2026-02-16 11:00:30,2026-04-12,2026-04-13,0
ck_e8fcde6838d69e34,2026-01-31 21:35:21,2026-04-12,2026-04-13,0
ck_0aedd0704f74070c,2026-01-23 00:51:23,2026-04-12,2026-04-13,0
ck_ea9700105c37b0fb,2026-02-23 20:54:40,2026-04-12,2026-04-13,0
ck_b6ed9f7b29bfee1c,2026-04-11 17:28:39,2026-04-12,2026-04-13,0
ck_59c8a96b3c2e6532,2026-04-10 18:38:09,2026-04-12,2026-04-13,0
ck_8dcf8c661ad6dd23,2026-03-30 04:27:41,2026-04-12,2026-04-13,0
ck_27ca216fe33da49d,2026-01-20 23:12:36,2026-04-12,2026-04-13,0
ck_55d734433f012efa,2025-09-12 08:35:09,2026-04-12,2026-04-13,0
ck_1968eb4ec253e0db,2026-02-23 20:01:34,2026-04-12,2026-04-13,0
ck_8a4855313632ea11,2026-03-24 13:33:56,2026-04-12,2026-04-13,0
ck_788c36cbe4d96009,2026-04-08 01:39:47,2026-04-12,2026-04-13,0
ck_c1b95bcd92d2b82e,2026-03-16 20:39:30,2026-04-12,2026-04-13,0
ck_7e8a1c2841ed551b,2026-03-30 13:13:38,2026-04-12,2026-04-13,0
ck_9350df991c9f4c31,2025-11-14 09:09:47,2026-04-12,2026-04-13,0
ck_b5a1dafa7d790986,2026-03-02 13:51:09,2026-04-12,2026-04-13,0
ck_aa489894038f9ddc,2026-03-06 00:18:57,2026-04-12,2026-04-13,0
ck_ddb108b33fe7a7e1,2026-04-02 21:04:57,2026-04-12,2026-04-13,0
ck_99c3c19b1a7b5998,2025-12-30 05:45:13,2026-04-12,2026-04-13,0
ck_8964a89f4386da4b,2026-04-11 07:18:41,2026-04-12,2026-04-13,0
ck_4656de9c6516aad3,2026-01-01 09:57:28,2026-04-12,2026-04-13,0
ck_12acec959fbbb4fd,2026-02-18 14:05:53,2026-04-12,2026-04-13,0
ck_ef5f32785bb21726,2025-12-30 00:04:58,2026-04-12,2026-04-13,0
ck_0b7ac936d0c2f321,2026-03-01 15:28:47,2026-04-12,2026-04-13,0
ck_a5d5cc6ff9f33c7a,2026-01-13 14:49:27,2026-04-12,2026-04-13,0
ck_da449de47bae2f65,2025-06-28 18:17:17,2026-04-12,2026-04-13,0
ck_344cc57261bbaff3,2025-11-21 00:57:16,2026-04-12,2026-04-13,0
ck_7edac5c9ba179f4d,2025-12-08 01:23:08,2026-04-12,2026-04-13,0
ck_cc76cd39b71c0a74,2026-02-06 23:20:54,2026-04-12,2026-04-13,0
ck_73b48fb2cb2e2250,2026-04-11 07:52:20,2026-04-12,2026-04-13,0
ck_830555d26b0f22f9,2026-04-11 05:46:31,2026-04-12,2026-04-13,0
ck_803f59924783c40b,2026-01-04 09:10:31,2026-04-12,2026-04-13,0
ck_94b8ec7f3854d618,2026-01-22 11:56:23,2026-04-12,2026-04-13,0
ck_56cc15c7c634cb9f,2026-04-10 06:13:58,2026-04-12,2026-04-13,0
ck_ec307412b6d8e485,2026-02-01 07:29:01,2026-04-12,2026-04-13,0
ck_e9e6454261e8186c,2026-04-11 15:37:30,2026-04-12,2026-04-13,0
ck_9db43b735450908b,2026-02-05 04:04:48,2026-04-12,2026-04-13,0
ck_3f743d3214b5cf9f,2026-03-12 23:25:54,2026-04-12,2026-04-13,0
ck_65c730ded4d98ad7,2026-02-16 04:04:38,2026-04-12,2026-04-13,0
ck_09cac0297478cc3d,2026-02-09 16:55:35,2026-04-12,2026-04-13,0
ck_500de86732df72f0,2025-11-21 17:53:15,2026-04-12,2026-04-13,0
ck_4244faf352f3f831,2026-04-10 10:19:23,2026-04-12,2026-04-13,0
ck_6ce06429a3313521,2025-11-15 10:16:53,2026-04-12,2026-04-13,0
ck_535e54ca6500e6b4,2026-03-12 17:06:21,2026-04-12,2026-04-13,0
ck_1dcc5faa256f17ca,2025-11-15 09:10:46,2026-04-12,2026-04-13,0
ck_52a05cae748958d3,2026-01-11 18:54:00,2026-04-12,2026-04-13,1
ck_c66f6a16fd288602,2025-11-29 10:22:02,2026-04-12,2026-04-13,0
ck_968cbf4974fba3b6,2026-02-07 08:47:12,2026-04-12,2026-04-13,0
ck_c94b8a7804fd1a31,2026-04-10 20:55:48,2026-04-12,2026-04-13,0
ck_91c3caf54ed28f49,2026-01-17 02:59:19,2026-04-12,2026-04-13,0
ck_1b9689dfd3f68a2a,2026-01-13 14:48:03,2026-04-12,2026-04-13,0
ck_2db60e00b3cbf7cf,2026-02-05 19:04:44,2026-04-12,2026-04-13,0
ck_26274f48d3107434,2025-12-11 03:35:11,2026-04-12,2026-04-13,0
ck_529a8a0868734a08,2026-04-11 05:37:38,2026-04-12,2026-04-13,1
ck_638b6b3ffc90b7dd,2026-04-08 17:24:25,2026-04-12,2026-04-13,0
ck_74a03ff40d543435,2026-01-08 11:33:51,2026-04-12,2026-04-13,0
ck_2ec431ca437214f7,2026-04-11 00:58:07,2026-04-12,2026-04-13,0
ck_4fad42a1456d757a,2025-12-14 08:17:47,2026-04-12,2026-04-13,0
ck_26610c638fe50e86,2025-12-12 01:13:40,2026-04-12,2026-04-13,0
ck_56c3f0e5dcae8316,2025-12-24 10:40:42,2026-04-12,2026-04-13,1
ck_39320e661a3bcc0a,2026-04-11 14:46:58,2026-04-12,2026-04-13,0
ck_44d2af4326712887,2025-12-27 19:05:58,2026-04-12,2026-04-13,1
ck_99830e3886432818,2026-02-07 15:48:18,2026-04-12,2026-04-13,0
ck_76202e9c5d88ad34,2026-04-11 06:35:49,2026-04-12,2026-04-13,0
ck_9c6cfbeeb836f552,2026-02-26 03:04:20,2026-04-12,2026-04-13,0
ck_49214fcf935ad56b,2026-02-04 19:47:11,2026-04-12,2026-04-13,0
ck_67baf73967ae5aa3,2026-03-09 01:58:42,2026-04-12,2026-04-13,0
ck_8a2c4f02623654f1,2026-01-19 20:55:53,2026-04-12,2026-04-13,0
ck_ba030a508b6641b7,2025-11-30 02:20:17,2026-04-12,2026-04-13,0
ck_92c8860bf57375a6,2026-02-01 13:38:12,2026-04-12,2026-04-13,0
ck_f1d86709530dd687,2026-04-09 02:25:35,2026-04-12,2026-04-13,0
ck_99df6cf42eb6e2a6,2026-04-11 19:43:55,2026-04-12,2026-04-13,1
ck_12648733cebeebee,2026-03-21 14:38:10,2026-04-12,2026-04-13,0
ck_77685c9f6de777fa,2026-04-11 04:11:40,2026-04-12,2026-04-13,1
ck_1a4a9364bb230f02,2026-01-27 07:42:17,2026-04-12,2026-04-13,0
ck_42278312b427bae7,2026-04-11 00:34:20,2026-04-12,2026-04-13,0
ck_b7bb88be94d9a720,2026-01-30 08:01:44,2026-04-12,2026-04-13,0
ck_dd522b38aa3dc545,2026-04-11 16:58:18,2026-04-12,2026-04-13,0
ck_d684303df44d14e3,2026-04-10 01:24:30,2026-04-12,2026-04-13,0
ck_b7d6bafffa572b50,2026-01-24 10:03:34,2026-04-12,2026-04-13,0
ck_ac66a7dddd1689b6,2026-01-09 00:53:56,2026-04-12,2026-04-13,0
ck_3a4961468e724e61,2026-02-13 01:14:59,2026-04-12,2026-04-13,0
ck_38fd5eba6708c72d,2026-01-08 09:02:24,2026-04-12,2026-04-13,0
ck_a9b50afd84e4aa50,2026-03-06 01:23:08,2026-04-12,2026-04-13,0
ck_785e721cbdbd40df,2025-11-26 23:48:51,2026-04-12,2026-04-13,0
ck_36b93d62dfe015c8,2026-04-11 16:56:36,2026-04-12,2026-04-13,0
ck_7d642212737d9306,2026-04-10 16:38:17,2026-04-12,2026-04-13,0
ck_2a75dcd89be8f2de,2025-07-21 13:43:35,2026-04-12,2026-04-13,0
ck_a738dab02753db12,2026-01-16 06:44:50,2026-04-12,2026-04-13,0
ck_a3d8cd99bc3ed65f,2025-07-17 10:14:41,2026-04-12,2026-04-13,0
ck_2062007717f2d0ab,2026-04-09 09:29:58,2026-04-12,2026-04-13,0
ck_c6cb4ebf57c75955,2026-02-05 19:47:44,2026-04-12,2026-04-13,0
ck_8c7eef843a99ef77,2026-01-31 02:23:05,2026-04-12,2026-04-13,1
ck_3d491761495b65d5,2026-04-10 18:10:58,2026-04-12,2026-04-13,0
ck_626597f0a967c56b,2026-04-10 03:31:29,2026-04-12,2026-04-13,0
ck_24755d2d71724701,2026-01-15 03:56:02,2026-04-12,2026-04-13,0
ck_55da298f24ec9758,2025-11-09 21:18:51,2026-04-12,2026-04-13,0
ck_62182307008f49ff,2026-03-03 19:04:00,2026-04-12,2026-04-13,0
ck_ffb93a2247a9acba,2025-10-16 06:45:44,2026-04-12,2026-04-13,0
ck_1c08e21889e15bd8,2025-12-31 12:25:43,2026-04-12,2026-04-13,0
ck_c6378de780781c95,2026-01-31 09:35:52,2026-04-12,2026-04-13,0
ck_f5e1a374eeef3a3a,2026-04-08 04:06:21,2026-04-12,2026-04-13,0
ck_566576a23fbb66f2,2026-02-02 02:48:41,2026-04-12,2026-04-13,0
ck_457d498ab1aba34c,2026-04-10 12:40:27,2026-04-12,2026-04-13,1
ck_5230ff85bbe7cffb,2026-03-19 19:38:10,2026-04-12,2026-04-13,0
ck_f131095100809634,2025-12-04 04:23:05,2026-04-12,2026-04-13,0
ck_f231bf3e0fefacc1,2026-01-09 19:12:38,2026-04-12,2026-04-13,0
ck_b9de313e9200a032,2026-01-06 01:52:44,2026-04-12,2026-04-13,0
ck_a79e1198fb084b6b,2026-02-22 15:45:49,2026-04-12,2026-04-13,1
ck_af18e5460590f72a,2025-12-14 19:18:55,2026-04-12,2026-04-13,0
ck_c70db2921d5258a2,2026-04-09 19:15:13,2026-04-12,2026-04-13,1
ck_62cd93369274da97,2026-02-16 01:27:55,2026-04-12,2026-04-13,0
ck_f8087e6e0e9540d8,2026-01-12 19:14:37,2026-04-12,2026-04-13,0
ck_60e1b3475b48ba80,2026-01-04 12:35:54,2026-04-12,2026-04-13,0
ck_9e9dca6096254c7c,2025-11-10 23:10:51,2026-04-12,2026-04-13,0
ck_aff8b3e0adfff578,2025-12-24 20:04:42,2026-04-12,2026-04-13,0
ck_050a33545d1970af,2026-04-11 04:33:12,2026-04-12,2026-04-13,0
ck_643196db4e33cd41,2026-01-08 11:25:24,2026-04-12,2026-04-13,0
ck_b1019a059c9cb348,2026-01-20 22:58:46,2026-04-12,2026-04-13,0
ck_88d4e627fffc7112,2026-01-20 06:57:01,2026-04-12,2026-04-13,0
ck_6ac2199c577d4ee5,2025-11-11 00:52:57,2026-04-12,2026-04-13,0
ck_0cc88750efd9cda6,2026-01-19 03:06:51,2026-04-12,2026-04-13,0
ck_8117ceb26a3da968,2026-01-29 21:52:24,2026-04-12,2026-04-13,0
ck_4b91b2c942d76ce1,2026-03-09 02:35:22,2026-04-12,2026-04-13,0
ck_73eb98974ee53589,2025-12-23 09:13:03,2026-04-12,2026-04-13,0
ck_f135a03ab1ee760d,2026-03-17 01:15:02,2026-04-12,2026-04-13,0
ck_a02ba75ee71ff847,2026-02-27 10:35:10,2026-04-12,2026-04-13,0
ck_42fb585ef6e0ded4,2025-12-04 21:40:36,2026-04-12,2026-04-13,0
ck_67424eade40180ee,2026-04-11 20:11:43,2026-04-12,2026-04-13,0
ck_d812c13960948d24,2026-02-04 07:00:09,2026-04-12,2026-04-13,0
ck_5a10f565a7b5065f,2025-10-23 10:52:16,2026-04-12,2026-04-13,0
ck_56c16cd61dc29f66,2025-10-27 18:58:00,2026-04-12,2026-04-13,0
ck_a611fb020a042391,2026-04-10 23:05:27,2026-04-12,2026-04-13,0
ck_14c505c31cabbcf5,2026-01-30 12:50:21,2026-04-12,2026-04-13,0
ck_29d472fe1eda460d,2026-04-11 13:53:24,2026-04-12,2026-04-13,1
ck_dc1d4b66cf69ce1b,2026-02-07 17:03:32,2026-04-12,2026-04-13,0
ck_fb7b3ae9505b1720,2025-11-07 13:37:25,2026-04-12,2026-04-13,0
ck_75ca7814da5d2ad0,2026-03-01 08:59:28,2026-04-12,2026-04-13,0
ck_71758b021e2d0490,2025-11-14 13:45:18,2026-04-12,2026-04-13,0
ck_a9f7aa42d15b2d74,2026-04-09 03:28:22,2026-04-12,2026-04-13,0
ck_04c098aebd6822f2,2026-01-01 14:27:48,2026-04-12,2026-04-13,0
ck_097daa3b0270c8dd,2025-12-23 20:26:10,2026-04-12,2026-04-13,0
ck_d35d334714ec29f1,2026-03-05 23:07:14,2026-04-12,2026-04-13,0
ck_061b18fe04e0ec43,2026-04-11 17:04:56,2026-04-12,2026-04-13,0
ck_b8716421b85776f7,2026-02-19 15:46:11,2026-04-12,2026-04-13,0
ck_ac4da902271f52f3,2026-01-23 05:29:58,2026-04-12,2026-04-13,0
ck_3589f97de3de9e6f,2026-03-03 08:11:12,2026-04-12,2026-04-13,0
ck_4549bfb5f93a22e2,2026-02-01 03:27:04,2026-04-12,2026-04-13,0
ck_0bbb2c043bf381a7,2026-02-25 13:10:29,2026-04-12,2026-04-13,0
ck_5daa5726257228ee,2025-12-07 20:08:30,2026-04-12,2026-04-13,0
ck_c08a37750aea9ea1,2026-04-10 21:01:19,2026-04-12,2026-04-13,0
ck_afac52c3775f723b,2026-03-01 18:01:53,2026-04-12,2026-04-13,0
ck_32c7d1516366c4dd,2026-04-11 02:43:10,2026-04-12,2026-04-13,1
ck_44f43dcd673feef4,2026-02-19 12:21:31,2026-04-12,2026-04-13,0
ck_7d0e80ea0db81eb3,2026-03-27 23:37:33,2026-04-12,2026-04-13,0
ck_6643082bc2217bc7,2026-04-10 23:05:46,2026-04-12,2026-04-13,1
ck_3a4060f4575ec77b,2026-04-11 09:25:41,2026-04-12,2026-04-13,0
ck_f1eab67a0136bfd0,2026-02-22 08:47:55,2026-04-12,2026-04-13,0
ck_f8191f5db6294945,2025-07-18 03:04:40,2026-04-12,2026-04-13,0
ck_bc43e6941db7bb43,2026-04-11 10:14:55,2026-04-12,2026-04-13,1
ck_36a489f4a4b6eaf0,2025-10-18 01:55:58,2026-04-12,2026-04-13,0
ck_92889c3df14920e8,2026-04-04 16:03:56,2026-04-12,2026-04-13,0
ck_8df425ef2c50569b,2026-01-18 18:00:05,2026-04-12,2026-04-13,0
ck_ae915eacca4b20cb,2026-02-03 07:17:32,2026-04-12,2026-04-13,0
ck_3064c575658e0b8e,2026-01-16 10:19:13,2026-04-12,2026-04-13,0
ck_c04268339f0e79bc,2026-03-10 01:50:37,2026-04-12,2026-04-13,0
ck_3200bafacb66622e,2026-03-05 12:01:39,2026-04-12,2026-04-13,0
ck_533f9d97971d8be0,2026-02-14 20:22:03,2026-04-12,2026-04-13,0
ck_9258429f8ad994e8,2025-12-21 17:06:40,2026-04-12,2026-04-13,0
ck_a12692411fb96b4f,2026-02-16 07:54:06,2026-04-12,2026-04-13,0
ck_cbc6dd3e58f83a92,2026-04-10 14:52:29,2026-04-12,2026-04-13,0
ck_030a9d23164ff181,2026-04-10 09:54:45,2026-04-12,2026-04-13,0
ck_1faf7fc2efc66972,2026-04-10 15:20:10,2026-04-12,2026-04-13,1
ck_4ab6d0c1151c1d38,2026-02-22 08:14:07,2026-04-12,2026-04-13,0
ck_01e9d2f92d2ab2ec,2026-04-10 13:04:41,2026-04-12,2026-04-13,0
ck_d960b47d84a1f224,2025-10-01 10:17:08,2026-04-12,2026-04-13,1
ck_36aa4f652e06fdc9,2026-02-03 01:49:19,2026-04-12,2026-04-13,0
ck_3fd942b9d0f077f4,2025-07-02 02:40:12,2026-04-12,2026-04-13,0
ck_051d90d850c93249,2025-12-11 21:56:18,2026-04-12,2026-04-13,0
ck_db1f265dd353f4a4,2026-02-20 00:32:14,2026-04-12,2026-04-13,0
ck_850eea701de29c2f,2026-04-11 05:12:07,2026-04-12,2026-04-13,0
ck_03a44a55d0eb3c10,2026-04-11 12:27:28,2026-04-12,2026-04-13,0
ck_0968127247216060,2026-04-07 17:33:55,2026-04-12,2026-04-13,0
ck_b3e095fa6bd65bd8,2025-12-18 23:00:19,2026-04-12,2026-04-13,0
ck_d3b4a78a79542798,2026-03-25 01:12:20,2026-04-12,2026-04-13,0
ck_d06a6efdc5e82ae5,2026-02-11 03:54:10,2026-04-12,2026-04-13,0
ck_e4d76d83aad5fbdb,2025-10-03 08:40:03,2026-04-12,2026-04-13,0
ck_a86419dcbc07c41b,2026-03-21 20:50:16,2026-04-12,2026-04-13,0
ck_56ca2f5f99c9cee7,2025-11-01 12:38:36,2026-04-12,2026-04-13,0
ck_e6cb7cf9d31d07a8,2025-12-30 11:00:51,2026-04-12,2026-04-13,0
ck_424538f9643a11d3,2026-03-10 09:03:29,2026-04-12,2026-04-13,0
ck_e5c5e8607d4e3196,2026-03-10 15:17:49,2026-04-12,2026-04-13,0
ck_f35b0bea3cdb739e,2026-04-11 15:47:02,2026-04-12,2026-04-13,0
ck_1474332242aef410,2026-04-09 18:02:25,2026-04-12,2026-04-13,0
ck_6fa5f94809f18aa0,2026-01-18 04:49:43,2026-04-12,2026-04-13,0
ck_fabe61a77a3a8be0,2026-01-08 15:57:39,2026-04-12,2026-04-13,0
ck_b224aa1ba2058ffa,2025-10-23 09:47:24,2026-04-12,2026-04-13,0
ck_a8fa69c09503c4c0,2026-04-09 22:00:03,2026-04-12,2026-04-13,1
ck_94161b4283127fc4,2026-01-14 05:19:23,2026-04-12,2026-04-13,0
ck_4b967cdefd0131cc,2025-11-01 02:44:39,2026-04-12,2026-04-13,0
ck_ac7705f8709fd70f,2025-11-06 21:03:18,2026-04-12,2026-04-13,0
ck_833d8cfe95afd656,2026-01-23 00:41:53,2026-04-12,2026-04-13,0
ck_c2f4a86aff4cb0e0,2026-01-19 04:00:41,2026-04-12,2026-04-13,0
ck_9fc05ee51b9e2952,2026-01-28 09:21:19,2026-04-12,2026-04-13,0
ck_321c9a83b7fa1b5e,2025-10-21 14:56:53,2026-04-12,2026-04-13,0
ck_69c9cf783a7effd3,2026-03-14 05:03:34,2026-04-12,2026-04-13,0
ck_99605179841a0cc0,2026-04-09 14:46:22,2026-04-12,2026-04-13,0
ck_95f6594c75620de8,2026-04-04 19:55:54,2026-04-12,2026-04-13,1
ck_dc7957331f1fdc1d,2026-02-16 17:04:48,2026-04-12,2026-04-13,0
ck_ae276ecd3364772f,2026-04-11 02:01:47,2026-04-12,2026-04-13,0
ck_c0aaeff093eff200,2026-01-11 19:56:11,2026-04-12,2026-04-13,0
ck_87297ef277e6b31d,2025-10-12 03:48:31,2026-04-12,2026-04-13,0
ck_dc35585613561d40,2026-04-09 10:56:23,2026-04-12,2026-04-13,0
ck_d50af8027c45109d,2026-03-12 09:23:19,2026-04-12,2026-04-13,0
ck_9053bc6039718acb,2026-02-20 06:31:03,2026-04-12,2026-04-13,0
ck_cc3a01006df14882,2026-01-18 10:40:23,2026-04-12,2026-04-13,0
ck_e5c15384bf26aa55,2025-09-18 23:02:01,2026-04-12,2026-04-13,0
ck_3d6773221a179a29,2026-04-11 09:52:12,2026-04-12,2026-04-13,1
ck_5f508e81ead5c3cf,2026-04-09 04:16:54,2026-04-12,2026-04-13,0
ck_a02e2324b3331db4,2026-04-08 15:05:23,2026-04-12,2026-04-13,0
ck_a2cd96c7c15c8bb3,2025-12-18 04:38:25,2026-04-12,2026-04-13,0
ck_cbe81d7bb43c0f8e,2026-01-30 05:44:57,2026-04-12,2026-04-13,0
ck_e6f0d760c81a50f5,2025-12-15 09:24:17,2026-04-12,2026-04-13,0
ck_91ca8b27082d8b3b,2025-12-26 17:35:01,2026-04-12,2026-04-13,0
ck_f8e1873b3056a243,2026-04-10 16:19:46,2026-04-12,2026-04-13,1
ck_b10933f875c20e29,2026-02-07 00:29:04,2026-04-12,2026-04-13,0
ck_2cc44deb7c190fad,2025-12-18 03:48:06,2026-04-12,2026-04-13,0
ck_d01330992c84cdf4,2026-02-16 06:56:15,2026-04-12,2026-04-13,0
ck_928480992c236cad,2025-11-30 13:53:14,2026-04-12,2026-04-13,0
ck_bc4041a044196968,2026-04-05 23:02:51,2026-04-12,2026-04-13,0
ck_c121620519b29102,2026-04-10 06:43:22,2026-04-12,2026-04-13,0
ck_ca9e56de07e1c2f8,2026-04-09 17:33:04,2026-04-12,2026-04-13,0
ck_6237fbc7129e6b39,2026-03-10 17:28:22,2026-04-12,2026-04-13,0
ck_0fb26cb8ee912997,2026-01-23 15:04:22,2026-04-12,2026-04-13,0
ck_3ee841e8e4543b8c,2025-09-08 22:09:18,2026-04-12,2026-04-13,0
ck_f9131c7df2821d97,2026-02-13 07:06:11,2026-04-12,2026-04-13,0
ck_f77bc11d98a141cb,2026-01-25 17:10:53,2026-04-12,2026-04-13,0
ck_748a03fae1e8e291,2026-01-19 09:30:06,2026-04-12,2026-04-13,0
ck_4f8d09979b288bf4,2026-03-08 23:39:57,2026-04-12,2026-04-13,0
ck_f3642b418b42b883,2025-12-20 10:31:40,2026-04-12,2026-04-13,0
ck_c71f04d0430d2a1d,2026-03-17 12:55:04,2026-04-12,2026-04-13,0
ck_3426f2165992dae5,2025-12-11 06:53:03,2026-04-12,2026-04-13,0
ck_68f1ae7f39eaca4f,2026-02-22 02:47:58,2026-04-12,2026-04-13,0
ck_8790387030522422,2026-01-02 06:32:56,2026-04-12,2026-04-13,0
ck_d4f9af2b417ec65b,2025-09-30 17:13:33,2026-04-12,2026-04-13,0
ck_d460ac1e0a51f90d,2025-11-01 21:11:53,2026-04-12,2026-04-13,0
ck_53fa85225583c4fc,2026-01-09 02:55:22,2026-04-12,2026-04-13,0
ck_9577d03db0df6660,2026-03-30 22:03:53,2026-04-12,2026-04-13,0
ck_3b6029f0929b94f1,2026-04-10 10:24:21,2026-04-12,2026-04-13,0
ck_a2f794673e61d5f7,2026-02-20 12:12:21,2026-04-12,2026-04-13,0
ck_c10a758d01723b4b,2025-11-21 00:20:51,2026-04-12,2026-04-13,0
ck_03d8f7a13ce179ad,2026-04-10 06:12:16,2026-04-12,2026-04-13,0
ck_8d0c5f3bad15669e,2026-01-14 18:22:14,2026-04-12,2026-04-13,0
ck_ddc544bf8f117433,2026-04-11 10:53:34,2026-04-12,2026-04-13,0
ck_9e795e2e6f2c333c,2025-10-07 22:59:43,2026-04-12,2026-04-13,0
ck_bb0bd8598892ea5a,2026-03-05 10:54:14,2026-04-12,2026-04-13,0
ck_12ef6f8f5736a19e,2026-01-03 23:01:52,2026-04-12,2026-04-13,0
ck_826969d8a46c525f,2025-12-29 10:43:39,2026-04-12,2026-04-13,0
ck_75acfff3b5253df4,2025-10-25 23:46:27,2026-04-12,2026-04-13,0
ck_8f91396ccb8c5368,2025-12-17 04:06:59,2026-04-12,2026-04-13,0
ck_9263667bc98cc261,2025-12-30 03:15:15,2026-04-12,2026-04-13,0
ck_c0951a330f15364a,2026-04-10 09:41:49,2026-04-12,2026-04-13,0
ck_e787f10fe344834f,2025-12-11 22:01:58,2026-04-12,2026-04-13,0
ck_c4473f8b6dff27d3,2026-02-24 13:59:34,2026-04-12,2026-04-13,0
ck_23e9f8801245cf0f,2026-04-08 05:58:23,2026-04-12,2026-04-13,0
ck_3079e51328702ac8,2026-04-08 15:23:29,2026-04-12,2026-04-13,0
ck_260156560fa6d650,2026-02-18 10:46:07,2026-04-12,2026-04-13,0
ck_f3038520bba046a2,2025-09-17 08:52:30,2026-04-12,2026-04-13,0
ck_7dccc916a1604f20,2026-03-10 00:15:49,2026-04-12,2026-04-13,0
ck_518c6d4ebc1244ba,2026-03-15 09:37:37,2026-04-12,2026-04-13,0
ck_90a3ed24caf3f042,2026-04-11 13:30:03,2026-04-12,2026-04-13,0
ck_c1aad3d39de8396f,2025-12-26 06:38:46,2026-04-12,2026-04-13,0
ck_9177b9271a68f25f,2026-03-09 04:37:07,2026-04-12,2026-04-13,0
ck_a9272d2e779490df,2025-11-19 14:23:06,2026-04-12,2026-04-13,0
ck_9939d429e2aaa33d,2026-03-25 14:07:23,2026-04-12,2026-04-13,0
ck_48aa7b91418b1515,2025-12-24 08:13:27,2026-04-12,2026-04-13,0
ck_6d8bf5284837cc3b,2026-01-16 18:49:27,2026-04-12,2026-04-13,0
ck_9948053f043ad0f1,2026-03-11 17:14:21,2026-04-12,2026-04-13,0
ck_41e44968d72e3cbb,2026-04-11 12:21:41,2026-04-12,2026-04-13,1
ck_c0d727b605a6dbdc,2026-01-06 11:33:08,2026-04-12,2026-04-13,0
ck_abaff731d35afd6b,2026-04-11 07:26:05,2026-04-12,2026-04-13,0
ck_b81a5bb0c8503011,2026-02-09 19:58:24,2026-04-12,2026-04-13,0
ck_efa37b075bfe3078,2026-01-03 04:42:17,2026-04-12,2026-04-13,0
ck_e0b3a96f4290072a,2025-11-29 07:16:09,2026-04-12,2026-04-13,0
ck_08f34678c44854cf,2026-03-24 17:52:04,2026-04-12,2026-04-13,0
ck_279eb69d5e0f355a,2026-02-20 03:39:43,2026-04-12,2026-04-13,0
ck_597a1a2edc4b71d2,2025-12-30 05:22:08,2026-04-12,2026-04-13,0
ck_6ff861c2f4a1448a,2026-04-10 23:58:41,2026-04-12,2026-04-13,1
ck_e54e26bd89f53461,2025-12-30 09:34:06,2026-04-12,2026-04-13,0
ck_d84a36dd097c19e0,2025-10-26 18:55:02,2026-04-12,2026-04-13,0
ck_84657e2f2a90fdf4,2026-04-11 22:47:32,2026-04-12,2026-04-13,0
ck_7758eeaf858c9cbe,2026-04-10 18:00:03,2026-04-12,2026-04-13,0
ck_53d3646b856db525,2026-04-11 05:19:00,2026-04-12,2026-04-13,1
ck_7a0fd0123c683e72,2026-02-11 04:44:20,2026-04-12,2026-04-13,0
ck_0227a09857645763,2025-12-26 04:57:40,2026-04-12,2026-04-13,0
ck_0ced1889e5c61ee3,2025-12-05 06:42:33,2026-04-12,2026-04-13,0
ck_365be1a65a2a84b5,2026-02-10 18:24:55,2026-04-12,2026-04-13,0
ck_f9bca5bb469ef4a2,2026-02-17 10:55:30,2026-04-12,2026-04-13,0
ck_fc871488eba95dd5,2026-01-29 07:16:21,2026-04-12,2026-04-13,0
ck_efa0851827091f95,2025-09-28 09:49:36,2026-04-12,2026-04-13,0
ck_f065053c01166aa8,2026-02-19 19:57:07,2026-04-12,2026-04-13,1
ck_b87b0173fc9baf14,2025-08-15 19:32:56,2026-04-12,2026-04-13,0
ck_ae3f3ce0c1698e80,2026-01-11 22:44:45,2026-04-12,2026-04-13,0
ck_0ebbcde064cc0742,2025-09-05 11:54:32,2026-04-12,2026-04-13,0
ck_f56d2775f9703e43,2026-03-30 02:32:03,2026-04-12,2026-04-13,1
ck_7497c4ea7975c8f5,2026-03-28 19:01:08,2026-04-12,2026-04-13,0
ck_3c795927c73a8c08,2026-02-20 01:15:54,2026-04-12,2026-04-13,0
ck_f33638e3cb72d391,2026-04-05 19:46:19,2026-04-12,2026-04-13,0
ck_da0a9c2ba9089d7f,2026-04-10 03:59:26,2026-04-12,2026-04-13,0
ck_271d28f3d536f88e,2025-11-26 12:19:03,2026-04-12,2026-04-13,0
ck_56a4366a5d647e45,2026-04-09 14:21:25,2026-04-12,2026-04-13,1
ck_3c53e765d5e0a4fb,2026-04-05 16:25:44,2026-04-12,2026-04-13,0
ck_b19eadbd95418071,2026-04-10 19:46:16,2026-04-12,2026-04-13,0
ck_be6aa3ff43e5d406,2025-11-10 05:35:16,2026-04-12,2026-04-13,0
ck_5554b9c4c7692e74,2026-01-10 20:11:55,2026-04-12,2026-04-13,0
ck_64ed677cfe3ff33c,2026-02-22 19:26:13,2026-04-12,2026-04-13,0
ck_b9fd97a2992b001e,2026-02-26 10:00:43,2026-04-12,2026-04-13,0
ck_e64905a379965072,2026-04-11 17:19:59,2026-04-12,2026-04-13,0
ck_a8a0dfbfd9e214b3,2025-08-08 14:08:32,2026-04-12,2026-04-13,0
ck_2c19377b52bf85b4,2026-02-26 17:50:41,2026-04-12,2026-04-13,0
ck_8f80808f4fe91e4a,2026-04-11 10:53:10,2026-04-12,2026-04-13,1
ck_96fc1e17030d50f7,2026-03-31 23:33:53,2026-04-12,2026-04-13,0
ck_5f2f98ad0ffe0f69,2025-12-29 09:44:24,2026-04-12,2026-04-13,0
ck_2150f72d0f83cd86,2026-04-11 12:06:55,2026-04-12,2026-04-13,0
ck_799f3418e8d75205,2026-02-08 15:37:25,2026-04-12,2026-04-13,0
ck_1c369f4723a62a51,2025-12-18 10:47:00,2026-04-12,2026-04-13,0
ck_0fdaad8dd0ffeb87,2026-04-10 11:17:46,2026-04-12,2026-04-13,0
ck_63de57751083bd1b,2026-04-09 16:38:09,2026-04-12,2026-04-13,0
ck_f13eba3ca570f1d0,2026-02-26 11:15:31,2026-04-12,2026-04-13,0
ck_9e25b4e5d7a970e3,2025-11-29 02:29:25,2026-04-12,2026-04-13,0
ck_a9bc81c1b004e8d7,2026-04-05 07:12:20,2026-04-12,2026-04-13,0
ck_bc246227cea86350,2026-04-08 07:38:42,2026-04-12,2026-04-13,0
ck_5cbb256fa473ec4c,2026-01-07 06:08:12,2026-04-12,2026-04-13,0
ck_931a9069ddd38c33,2026-04-10 15:46:08,2026-04-12,2026-04-13,0
ck_8bc8430d09b6d05b,2025-12-31 15:18:21,2026-04-12,2026-04-13,0
ck_ad5f1aa6b26119a9,2026-02-05 06:34:55,2026-04-12,2026-04-13,0
ck_929b19b897b49931,2026-02-28 21:48:57,2026-04-12,2026-04-13,1
ck_8ebe7180fed7e324,2025-12-27 14:01:03,2026-04-12,2026-04-13,0
ck_733e0e3db13c90a9,2026-04-11 08:15:41,2026-04-12,2026-04-13,0
ck_399a108c9bdc6d7e,2025-10-26 17:41:45,2026-04-12,2026-04-13,0
ck_6d653f5d7e00e493,2025-11-20 15:51:51,2026-04-12,2026-04-13,0
ck_cbabb0c11b91d543,2026-04-10 17:02:40,2026-04-12,2026-04-13,1
ck_fb688a852cd935c7,2026-02-12 16:53:25,2026-04-12,2026-04-13,0
ck_341082180caba3c3,2026-04-11 03:34:23,2026-04-12,2026-04-13,0
ck_d77550d2f03a49a4,2026-04-11 08:49:35,2026-04-12,2026-04-13,0
ck_45c3f80be88a9139,2026-02-09 05:56:19,2026-04-12,2026-04-13,0
ck_1cd872bd80c5926a,2025-10-06 15:35:31,2026-04-12,2026-04-13,0
ck_2242228f2d45acd4,2026-04-02 04:31:32,2026-04-12,2026-04-13,0
ck_e468394dc5b5484b,2026-02-16 03:45:30,2026-04-12,2026-04-13,0
ck_597678c123e2875e,2025-12-29 21:31:32,2026-04-12,2026-04-13,0
ck_628033f34ad78e9e,2026-02-18 16:01:31,2026-04-12,2026-04-13,0
ck_7e40db5bc3edb834,2026-01-13 18:03:21,2026-04-12,2026-04-13,0
ck_f1a621e0de541704,2026-04-11 09:38:55,2026-04-12,2026-04-13,0
ck_dc75a31c6c68e97a,2026-01-21 19:23:49,2026-04-12,2026-04-13,0
ck_8f7a7255d11e78c6,2025-08-12 06:09:06,2026-04-12,2026-04-13,0
ck_4cc7881cd7f4ea38,2026-01-18 00:43:00,2026-04-12,2026-04-13,0
ck_b25227d9d3bf0d78,2026-04-10 11:41:25,2026-04-12,2026-04-13,0
ck_71fb7f4a4715e2ef,2026-03-01 19:32:54,2026-04-12,2026-04-13,0
ck_14b9b3be935b9198,2025-12-27 13:36:06,2026-04-12,2026-04-13,0
ck_a4eb3d9730f06aaf,2025-06-08 07:15:35,2026-04-12,2026-04-13,0
ck_e3fa36c03e40a947,2026-04-11 14:06:53,2026-04-12,2026-04-13,1
ck_35fed602f4bcb1cd,2025-11-12 13:14:24,2026-04-12,2026-04-13,0
ck_2108da7307de1cd7,2026-04-11 13:13:54,2026-04-12,2026-04-13,0
ck_84173179c12bbd0c,2026-03-15 20:59:26,2026-04-12,2026-04-13,0
ck_843e4891e08af155,2026-01-22 04:48:43,2026-04-12,2026-04-13,0
ck_dde5178e3bea01fa,2026-01-01 02:15:21,2026-04-12,2026-04-13,0
ck_e32ac0ac856c500a,2026-04-10 17:38:29,2026-04-12,2026-04-13,0
ck_28ab4b48f5cb7f09,2026-04-11 06:02:06,2026-04-12,2026-04-13,0
ck_0fc0148d598de3a8,2025-09-16 07:49:36,2026-04-12,2026-04-13,0
ck_76a2663ebf4958df,2026-02-21 10:47:21,2026-04-12,2026-04-13,0
ck_035abcf235da2b88,2026-02-24 02:36:06,2026-04-12,2026-04-13,0
ck_8f0f2651508e5c6f,2026-01-24 13:31:30,2026-04-12,2026-04-13,0
ck_79bb34fc4568106e,2026-02-10 16:44:01,2026-04-12,2026-04-13,0
ck_cb08efdec122736c,2026-04-08 22:44:27,2026-04-12,2026-04-13,0
ck_603f745acba16b54,2025-09-27 14:36:32,2026-04-12,2026-04-13,0
ck_23b600398f5600fe,2026-02-20 08:01:25,2026-04-12,2026-04-13,0
ck_d97c8af7b384cf3b,2026-02-03 12:14:22,2026-04-12,2026-04-13,0
ck_7b442b298d133b91,2026-03-23 02:07:48,2026-04-12,2026-04-13,0
ck_8a081b63c1a181bb,2026-01-07 09:29:02,2026-04-12,2026-04-13,0
ck_2a2b0399f947fb18,2025-12-25 06:21:42,2026-04-12,2026-04-13,0
ck_80f5f500ce55469d,2026-04-11 16:23:31,2026-04-12,2026-04-13,1
ck_5adcfeb1ef97407e,2026-02-17 17:39:58,2026-04-12,2026-04-13,0
ck_50bcef34e9ecf44b,2026-04-11 17:42:23,2026-04-12,2026-04-13,0
ck_448ca2a158d918de,2025-12-14 14:30:18,2026-04-12,2026-04-13,0
ck_c2aee062469130cf,2025-11-07 00:41:49,2026-04-12,2026-04-13,0
ck_0f77497c0755e4ba,2025-12-23 21:17:05,2026-04-12,2026-04-13,0
ck_eaa9c750f0b3ebef,2026-01-12 04:55:22,2026-04-12,2026-04-13,0
ck_2ac695077a483656,2025-10-16 11:30:36,2026-04-12,2026-04-13,0
ck_818f9c522931e52a,2026-02-26 12:30:58,2026-04-12,2026-04-13,0
ck_bf82a1631b34d3eb,2026-03-08 15:57:42,2026-04-12,2026-04-13,0
ck_dce447a8e3e679ca,2026-01-11 23:31:54,2026-04-12,2026-04-13,0
ck_5a84a19f0028c5b5,2026-04-10 02:42:03,2026-04-12,2026-04-13,0
ck_04819e7858ffef35,2025-12-15 17:06:41,2026-04-12,2026-04-13,0
ck_6b8bd58c00be8d8c,2026-01-05 20:28:55,2026-04-12,2026-04-13,0
ck_7c9f1f841d729270,2026-04-09 17:09:26,2026-04-12,2026-04-13,1
ck_6b8a2142c9a15f35,2026-03-22 03:47:02,2026-04-12,2026-04-13,0
ck_11cf7665285a25c7,2025-08-07 13:54:58,2026-04-12,2026-04-13,1
ck_3b2fed9a2dc1e663,2025-12-10 21:13:16,2026-04-12,2026-04-13,0
ck_b5eb652f7611723d,2026-01-02 17:39:56,2026-04-12,2026-04-13,0
ck_80289dcb5fa79eda,2026-03-24 20:19:14,2026-04-12,2026-04-13,0
ck_f3ea3f23e4120bc1,2025-10-04 05:04:07,2026-04-12,2026-04-13,0
ck_51a28f6a7c9b6439,2025-09-28 03:39:45,2026-04-12,2026-04-13,0
ck_bd8add7187ea1e75,2026-04-09 01:51:42,2026-04-12,2026-04-13,0
ck_90f24d8e7e737081,2026-04-11 00:28:57,2026-04-12,2026-04-13,1
ck_4fa8ac11d40bc961,2026-04-11 06:58:50,2026-04-12,2026-04-13,0
ck_9916a8f382223e22,2026-04-11 14:14:02,2026-04-12,2026-04-13,0
ck_d7e2827612e2c057,2025-10-01 09:12:51,2026-04-12,2026-04-13,0
ck_430d031f02e6f514,2026-04-11 00:53:40,2026-04-12,2026-04-13,0
ck_8164d30b37b4b348,2025-10-11 18:55:09,2026-04-12,2026-04-13,0
ck_9dcffc631020eff3,2026-01-24 02:11:17,2026-04-12,2026-04-13,0
ck_06dea1aa3776ef51,2026-01-01 06:44:15,2026-04-12,2026-04-13,0
ck_f789b545f2ae975c,2026-01-26 16:11:38,2026-04-12,2026-04-13,0
ck_6d78dd5e98cf8a90,2026-04-11 13:22:46,2026-04-12,2026-04-13,1
ck_b679bf1187328e01,2025-12-16 04:05:17,2026-04-12,2026-04-13,0
ck_7965e13aa15e75bb,2026-03-22 18:25:04,2026-04-12,2026-04-13,0
ck_5d2d60f7564f71c7,2026-02-05 05:43:59,2026-04-12,2026-04-13,0
ck_999219893b18479c,2026-03-05 21:24:57,2026-04-12,2026-04-13,0
ck_4683e1bb2b4560ea,2026-04-11 16:23:07,2026-04-12,2026-04-13,0
ck_0c190e379b355ca9,2026-03-18 08:21:39,2026-04-12,2026-04-13,0
ck_d21d844d7e6b14f8,2025-12-18 07:57:22,2026-04-12,2026-04-13,0
ck_1b361ed78e201dab,2026-04-09 22:14:16,2026-04-12,2026-04-13,0
ck_afd63bbb0ed3d68d,2026-01-25 05:07:00,2026-04-12,2026-04-13,0
ck_044ff2bfd09d3371,2025-12-29 14:11:48,2026-04-12,2026-04-13,1
ck_71209f97798c15d1,2026-03-10 08:16:38,2026-04-12,2026-04-13,0
ck_7e7c7f06dde43851,2026-04-09 23:57:51,2026-04-12,2026-04-13,0
ck_06c196a51e5f86c4,2025-12-22 02:46:01,2026-04-12,2026-04-13,0
ck_8fc53e3b400b1901,2026-03-02 01:33:46,2026-04-12,2026-04-13,0
ck_bbbc13ab69531764,2026-04-06 08:39:02,2026-04-12,2026-04-13,0
ck_9dd5094314011174,2026-04-11 02:03:15,2026-04-12,2026-04-13,0
ck_ac7b1bd97bd30f3d,2026-04-11 19:43:14,2026-04-12,2026-04-13,0
ck_ec3944b0608f167c,2026-04-11 19:54:41,2026-04-12,2026-04-13,1
ck_7c3281305faf86eb,2025-07-06 01:44:48,2026-04-12,2026-04-13,0
ck_866e9f5b3451d9a2,2025-12-24 13:06:54,2026-04-12,2026-04-13,0
ck_ae1d60989a570a4e,2026-01-29 09:28:19,2026-04-12,2026-04-13,0
ck_df07aa6568a26a1e,2025-10-15 07:31:41,2026-04-12,2026-04-13,0
ck_26064d2abfa816de,2025-08-31 04:35:18,2026-04-12,2026-04-13,0
ck_08f0c02c6e38ee48,2026-02-17 18:22:24,2026-04-12,2026-04-13,0
ck_a4a334300550b0cd,2025-06-02 22:03:53,2026-04-12,2026-04-13,0
ck_aa17d738fce02520,2025-12-11 12:14:43,2026-04-12,2026-04-13,0
ck_b71bcd6d1ad0195c,2026-01-31 04:05:11,2026-04-12,2026-04-13,0
ck_b3153fb570c287ae,2025-09-18 17:06:24,2026-04-12,2026-04-13,0
ck_7d9136f41c4820b1,2026-01-08 07:54:54,2026-04-12,2026-04-13,0
ck_ad041293e413ecc4,2025-12-23 19:13:11,2026-04-12,2026-04-13,0
ck_3d7a82e8bdb384e6,2026-04-10 03:59:11,2026-04-12,2026-04-13,1
ck_b431f74484f2df09,2026-02-12 23:28:02,2026-04-12,2026-04-13,1
ck_98a930290a7d90ab,2026-03-10 00:21:16,2026-04-12,2026-04-13,0
ck_ceb1454b17225d06,2025-12-24 17:53:06,2026-04-12,2026-04-13,0
ck_04ef765947ef16ed,2026-04-09 12:48:26,2026-04-12,2026-04-13,1
ck_43eff4e657be279f,2026-04-09 23:58:09,2026-04-12,2026-04-13,0
ck_29d739127eaf1ebd,2025-12-23 07:52:58,2026-04-12,2026-04-13,0
ck_1f4020da557b19e2,2026-01-13 05:42:31,2026-04-12,2026-04-13,0
ck_42584b277f6e79ec,2026-04-11 10:53:18,2026-04-12,2026-04-13,0
ck_2aad633cb2fc1f61,2025-11-13 15:25:41,2026-04-12,2026-04-13,0
ck_eb9fd980457d7a70,2025-12-11 01:10:35,2026-04-12,2026-04-13,0
ck_234ef4489e8aabf3,2026-02-23 23:27:26,2026-04-12,2026-04-13,0
ck_e8d856aecda3cf9c,2026-01-27 15:53:05,2026-04-12,2026-04-13,0
ck_e9b42c958b3d942b,2026-03-07 20:07:14,2026-04-12,2026-04-13,1
ck_dae800c335821aba,2026-02-20 23:34:31,2026-04-12,2026-04-13,0
ck_432fbd3f848c2c7c,2026-04-10 11:19:42,2026-04-12,2026-04-13,1
ck_dda554b19c3b9361,2026-04-09 07:47:27,2026-04-12,2026-04-13,0
ck_a03ec7e2a110d0e0,2025-12-19 11:20:57,2026-04-12,2026-04-13,1
ck_b2f247db44bba97a,2026-01-16 10:47:22,2026-04-12,2026-04-13,1
ck_0cb05287886bca15,2026-01-22 05:00:27,2026-04-12,2026-04-13,0
ck_48b690541ee47984,2026-02-16 11:38:54,2026-04-12,2026-04-13,0
ck_6f95512194edc9cb,2026-03-22 14:36:33,2026-04-12,2026-04-13,0
ck_4c457bbe0fff218b,2026-04-11 03:19:08,2026-04-12,2026-04-13,0
ck_1a329b331e46e4be,2026-04-11 21:49:51,2026-04-12,2026-04-13,0
ck_9cece4951171bf60,2026-01-06 09:12:53,2026-04-12,2026-04-13,0
ck_de1dc6efa1eba202,2026-02-18 14:37:40,2026-04-12,2026-04-13,0
ck_1cc6f699d81bbab6,2026-04-09 14:24:02,2026-04-12,2026-04-13,0
ck_0c49494bb18f592d,2026-03-14 04:24:33,2026-04-12,2026-04-13,0
ck_d82d528c6749fb40,2025-11-28 04:08:48,2026-04-12,2026-04-13,0
ck_ceb8c5e81e9bf8db,2026-02-03 16:41:20,2026-04-12,2026-04-13,0
ck_97e823ed1077345f,2026-04-11 09:17:30,2026-04-12,2026-04-13,0
ck_f66d3f9442496fc5,2026-01-22 07:38:03,2026-04-12,2026-04-13,0
ck_cba1e300d4fc1231,2026-02-25 00:25:29,2026-04-12,2026-04-13,0
ck_9c8cfa633bd3249c,2026-03-10 11:00:55,2026-04-12,2026-04-13,0
ck_91723c0165b9670d,2026-02-25 22:01:23,2026-04-12,2026-04-13,0
ck_13a02c906b8042a8,2026-03-28 03:11:52,2026-04-12,2026-04-13,0
ck_3146973636be641c,2026-02-25 11:27:30,2026-04-12,2026-04-13,0
ck_66813b974cad88f9,2026-02-08 04:06:38,2026-04-12,2026-04-13,0
ck_107e495c6225b985,2026-02-19 11:32:07,2026-04-12,2026-04-13,0
ck_e33d9b651cbc0058,2026-04-10 22:25:15,2026-04-12,2026-04-13,0
ck_ef45ee4bbbf109c8,2026-04-11 14:33:45,2026-04-12,2026-04-13,0
ck_094eb793d7979928,2025-11-11 14:19:26,2026-04-12,2026-04-13,0
ck_387cf461cab69d2d,2026-04-05 18:54:00,2026-04-12,2026-04-13,0
ck_542412eff6432f43,2026-04-11 15:42:27,2026-04-12,2026-04-13,0
ck_e8e078f563e92585,2026-01-14 23:13:47,2026-04-12,2026-04-13,0
ck_1ae0c1e512938559,2025-11-12 01:48:28,2026-04-12,2026-04-13,0
ck_b1af7fd579fc5ed7,2026-04-09 22:06:43,2026-04-12,2026-04-13,1
ck_b79bf99d88496e94,2026-04-11 05:56:53,2026-04-12,2026-04-13,1
ck_e8b24624f6f55389,2026-01-04 23:35:52,2026-04-12,2026-04-13,0
ck_7bb2a24ba5b5587f,2026-04-08 13:33:30,2026-04-12,2026-04-13,0
ck_3eaa0393338a0ba1,2025-12-23 20:42:03,2026-04-12,2026-04-13,0
ck_8bdf7d79b92bf472,2026-01-11 13:42:45,2026-04-12,2026-04-13,0
ck_fb004b313b68e0a0,2026-02-15 23:22:34,2026-04-12,2026-04-13,0
ck_698e3fc552469098,2026-01-30 05:16:34,2026-04-12,2026-04-13,0
ck_02278b2e58cdf3dc,2026-03-19 12:17:16,2026-04-12,2026-04-13,0
ck_f40c497b42e52e07,2026-02-06 19:28:29,2026-04-12,2026-04-13,0
ck_8332d3e1b7fa7eac,2025-12-25 01:01:22,2026-04-12,2026-04-13,0
ck_ff17ebd609c5ea8c,2026-04-10 12:31:35,2026-04-12,2026-04-13,0
ck_45cebed4633dfb4e,2025-11-08 22:26:54,2026-04-12,2026-04-13,0
ck_e5f06d80eee3c4f7,2026-02-12 15:35:26,2026-04-12,2026-04-13,0
ck_6e73b83632dfa9f5,2026-04-10 05:18:29,2026-04-12,2026-04-13,0
ck_22c624277d89f9a5,2026-04-11 05:15:02,2026-04-12,2026-04-13,0
ck_8c7d7f83eacdf053,2026-04-11 01:52:18,2026-04-12,2026-04-13,1
ck_d82f62e7d15fbf0d,2026-03-05 03:09:38,2026-04-12,2026-04-13,0
ck_cca220ed215b3153,2025-10-23 15:15:50,2026-04-12,2026-04-13,0
ck_9d3030cd1e87afe2,2026-02-01 21:14:22,2026-04-12,2026-04-13,0
ck_84c1e93b890a1592,2026-04-11 00:42:51,2026-04-12,2026-04-13,0
ck_880be569d9900242,2025-11-15 16:11:07,2026-04-12,2026-04-13,0
ck_5eacf6d1862301fb,2026-02-10 19:33:46,2026-04-12,2026-04-13,0
ck_8308e3299fdfa73f,2025-12-28 09:15:44,2026-04-12,2026-04-13,0
ck_d76cd525e97f73e7,2026-04-08 01:48:34,2026-04-12,2026-04-13,0
ck_51065d23ebcb996b,2025-12-20 06:26:35,2026-04-12,2026-04-13,0
ck_186e30b1ee4f600c,2026-01-30 02:08:53,2026-04-12,2026-04-13,0
ck_c3de270ece8a581a,2026-02-21 01:03:45,2026-04-12,2026-04-13,0
ck_70d920b6c742b5c4,2026-01-29 13:37:11,2026-04-12,2026-04-13,0
ck_add327f02398703d,2025-11-15 21:36:05,2026-04-12,2026-04-13,0
ck_f76b94772a0f5627,2026-01-17 19:58:40,2026-04-12,2026-04-13,0
ck_9d3b3027a66e8b9e,2025-11-20 12:33:32,2026-04-12,2026-04-13,0
ck_96f12c6ee6ebdead,2026-04-11 11:15:00,2026-04-12,2026-04-13,0
ck_7de4189ee7e1a36e,2025-12-20 01:05:30,2026-04-12,2026-04-13,0
ck_3aafe8c0c8f25a54,2026-02-28 08:20:29,2026-04-12,2026-04-13,0
ck_6d51e06b1c8df972,2025-10-07 08:50:15,2026-04-12,2026-04-13,0
ck_ec126029924419c1,2026-04-10 23:42:16,2026-04-12,2026-04-13,0
ck_74a9753da659b8f1,2025-12-22 07:46:49,2026-04-12,2026-04-13,0
ck_968752d19a74ad08,2026-01-31 16:43:36,2026-04-12,2026-04-13,0
ck_0325ed7a840e6876,2026-02-27 07:57:53,2026-04-12,2026-04-13,0
ck_97f8062f8a25e56b,2026-04-11 20:59:54,2026-04-12,2026-04-13,0
ck_12e083de1857dd8f,2026-03-19 02:42:28,2026-04-12,2026-04-13,0
ck_3ba28a2e0088075c,2026-02-07 01:30:15,2026-04-12,2026-04-13,0
ck_1cfe226e9e6e5afb,2026-04-11 17:39:32,2026-04-12,2026-04-13,0
ck_154b4338ca14ef36,2026-01-05 06:45:29,2026-04-12,2026-04-13,0
ck_4ae6b0cd723c1c82,2026-04-11 11:40:12,2026-04-12,2026-04-13,0
ck_db96c9efa919791a,2026-02-06 12:51:32,2026-04-12,2026-04-13,0
ck_eb79d03449dfb529,2026-04-10 08:59:46,2026-04-12,2026-04-13,1
ck_ed942c341e756f7d,2026-01-20 11:49:48,2026-04-12,2026-04-13,0
ck_c524848990c5dfe7,2026-04-10 22:01:15,2026-04-12,2026-04-13,1
ck_56983092d8d33dff,2026-02-15 04:32:26,2026-04-12,2026-04-13,0
ck_6a381372f5ba2021,2025-09-29 07:08:41,2026-04-12,2026-04-13,0
ck_44f2fa4c9b6f378e,2026-02-25 08:54:33,2026-04-12,2026-04-13,0
ck_58fca5553d48b973,2026-03-09 09:57:14,2026-04-12,2026-04-13,0
ck_bec9580945c4e876,2025-12-04 19:34:51,2026-04-12,2026-04-13,0
ck_708e6d1ad4dd6272,2025-08-27 19:53:02,2026-04-12,2026-04-13,0
ck_391cea5c1c78dfd0,2026-01-20 09:33:25,2026-04-12,2026-04-13,0
ck_96fbeecc6f007f76,2025-12-15 07:12:11,2026-04-12,2026-04-13,0
ck_f133d8005b059368,2025-11-01 13:21:49,2026-04-12,2026-04-13,0
ck_60aeb09881e9c232,2025-10-25 22:50:10,2026-04-12,2026-04-13,0
ck_0abe29689d2fc75b,2026-04-06 00:35:09,2026-04-12,2026-04-13,0
ck_ce248a92748e3584,2025-12-26 04:58:52,2026-04-12,2026-04-13,0
ck_1f180c28d8a6349a,2026-02-07 17:10:43,2026-04-12,2026-04-13,0
ck_bc4389809251991b,2026-03-20 23:04:32,2026-04-12,2026-04-13,0
ck_9cfe3a71d9e6ccd5,2026-04-05 17:37:49,2026-04-12,2026-04-13,0
ck_eb248290630f5d26,2026-04-10 12:55:11,2026-04-12,2026-04-13,0
ck_15990040eb6edb64,2026-03-09 15:56:44,2026-04-12,2026-04-13,1
ck_710476c9db028930,2025-11-29 22:57:37,2026-04-12,2026-04-13,0
ck_370df4d6d75240ec,2025-06-19 16:33:50,2026-04-12,2026-04-13,0
ck_02894addcf8f7ffe,2025-11-29 19:06:36,2026-04-12,2026-04-13,0
ck_383cd4919c4e9d80,2026-04-11 13:35:29,2026-04-12,2026-04-13,0
ck_a59b1eee5b5d19e8,2025-09-20 20:33:23,2026-04-12,2026-04-13,0
ck_e09c9fb7bca76a04,2026-04-11 21:33:05,2026-04-12,2026-04-13,0
ck_c95f5ca1f36554ef,2026-03-20 08:50:43,2026-04-12,2026-04-13,0
ck_55c037a42913c668,2026-02-08 21:33:36,2026-04-12,2026-04-13,0
ck_6d9a75380e0a6641,2026-02-18 13:09:30,2026-04-12,2026-04-13,0
ck_915c65507de12f06,2026-04-09 12:42:35,2026-04-12,2026-04-13,0
ck_e7f5f7567c9a71dc,2026-04-04 12:04:28,2026-04-12,2026-04-13,0
ck_653f83ddf09ffa0c,2026-02-20 09:27:51,2026-04-12,2026-04-13,0
ck_0fd577d595d6a49b,2026-02-12 11:39:59,2026-04-12,2026-04-13,0
ck_23402c447b1bb433,2026-01-21 08:28:29,2026-04-12,2026-04-13,0
ck_8ed6e9015dd5018c,2026-04-10 05:48:06,2026-04-12,2026-04-13,0
ck_d245b68653236f74,2026-04-11 10:12:31,2026-04-12,2026-04-13,0
ck_9d0ef6acb6d705be,2026-02-05 21:03:32,2026-04-12,2026-04-13,0
ck_15ad68278f35cec7,2025-10-27 07:35:29,2026-04-12,2026-04-13,0
ck_00ce87a4a1959276,2025-12-27 09:01:38,2026-04-12,2026-04-13,0
ck_49fe4064d294e40d,2025-09-29 11:11:35,2026-04-12,2026-04-13,0
ck_7a8f885e0d78a48f,2026-04-08 01:54:13,2026-04-12,2026-04-13,1
ck_f02652f1d139321e,2025-12-27 06:42:46,2026-04-12,2026-04-13,0
ck_c8791cc5b437f7f1,2026-04-10 10:53:49,2026-04-12,2026-04-13,0
ck_c2563ee76c6eec5b,2026-03-30 09:26:03,2026-04-12,2026-04-13,0
ck_e2c4207d484db5ef,2026-04-03 15:14:05,2026-04-12,2026-04-13,0
ck_13fc95e5634c231e,2025-10-07 05:20:26,2026-04-12,2026-04-13,0
ck_a851eeceac9691e3,2026-03-08 16:32:26,2026-04-12,2026-04-13,1
ck_1030b0eaa5a3a3e6,2026-04-10 15:19:03,2026-04-12,2026-04-13,0
ck_3ddf87bef4beab5e,2025-09-24 11:57:47,2026-04-12,2026-04-13,0
ck_cf8eaf8e6b1c10d6,2026-01-11 09:56:40,2026-04-12,2026-04-13,0
ck_76494da0adcdded4,2025-12-27 22:13:51,2026-04-12,2026-04-13,0
ck_fe9dcaa65096d2e4,2026-04-11 20:05:07,2026-04-12,2026-04-13,0
ck_c1804f364cfdde4e,2026-02-19 08:21:50,2026-04-12,2026-04-13,0
ck_09320e50d94354ea,2025-07-15 12:13:49,2026-04-12,2026-04-13,0
ck_a72940a99bcc81c5,2025-11-05 08:19:42,2026-04-12,2026-04-13,0
ck_86fe59a46a26ad26,2026-01-22 12:31:47,2026-04-12,2026-04-13,0
ck_667f75ff721b9217,2026-04-08 18:14:25,2026-04-12,2026-04-13,0
ck_eac141ee3ba0eef3,2026-04-11 16:44:47,2026-04-12,2026-04-13,0
ck_cc5e4a3bd9758b31,2026-04-10 13:21:05,2026-04-12,2026-04-13,0
ck_5f06e6dca2d613bb,2026-02-17 04:13:54,2026-04-12,2026-04-13,0
ck_734bdb7109de6313,2026-02-15 04:00:08,2026-04-12,2026-04-13,0
ck_0a899b2274814d73,2025-12-09 23:35:51,2026-04-12,2026-04-13,0
ck_653e60af69fd0506,2026-01-01 21:23:43,2026-04-12,2026-04-13,0
ck_339b26d955e43b90,2026-03-27 02:55:02,2026-04-12,2026-04-13,0
ck_94d8cd58baef0f7f,2026-01-23 10:12:06,2026-04-12,2026-04-13,0
ck_984b0bfdb1beaf2d,2026-04-11 10:44:30,2026-04-12,2026-04-13,0
ck_da6a75de20e1b1d8,2026-04-11 07:51:34,2026-04-12,2026-04-13,0
ck_6e41892e11a13084,2026-01-28 13:40:05,2026-04-12,2026-04-13,0
ck_b24a4ba7c703134f,2025-12-06 20:49:49,2026-04-12,2026-04-13,0
ck_42df1eee6c0112c2,2026-02-09 16:31:49,2026-04-12,2026-04-13,0
ck_847ce16850d2d0b1,2026-03-07 10:14:02,2026-04-12,2026-04-13,0
ck_7b50fd0e08d298e5,2026-02-14 00:47:14,2026-04-12,2026-04-13,0
ck_10b67b765822c077,2026-04-10 17:09:08,2026-04-12,2026-04-13,0
ck_dff53c03e1b8a051,2025-11-19 15:12:47,2026-04-12,2026-04-13,0
ck_51fd20068d120ef4,2025-11-29 06:08:36,2026-04-12,2026-04-13,0
ck_6d49286d66eef260,2026-02-18 15:41:10,2026-04-12,2026-04-13,0
ck_a0539fe04f9656e9,2026-04-11 11:36:03,2026-04-12,2026-04-13,0
ck_41aa66164444cc60,2026-01-11 08:01:33,2026-04-12,2026-04-13,0
ck_964b01f7abca7828,2025-08-19 08:17:57,2026-04-12,2026-04-13,0
ck_d69579fc55803e31,2025-11-14 21:09:46,2026-04-12,2026-04-13,0
ck_0901dc0d2df320af,2026-01-20 16:52:02,2026-04-12,2026-04-13,0
ck_23d1c266cc0a6155,2025-08-08 12:48:59,2026-04-12,2026-04-13,0
ck_cecf47bd0407b8e9,2026-02-22 07:51:12,2026-04-12,2026-04-13,0
ck_b9a945b72bfb21aa,2025-12-16 12:18:48,2026-04-12,2026-04-13,0
ck_6ec35f10740eddbf,2025-10-14 11:59:50,2026-04-12,2026-04-13,0
ck_91bef3442a509e1c,2026-03-12 17:53:19,2026-04-12,2026-04-13,0
ck_266df3c7c011797f,2026-02-19 18:25:50,2026-04-12,2026-04-13,0
ck_8fc17afe56653e87,2025-12-05 11:46:55,2026-04-12,2026-04-13,0
ck_7fd8ae46d23d5e89,2026-04-10 09:49:21,2026-04-12,2026-04-13,0
ck_b2226ba07a4b5018,2026-02-06 16:19:00,2026-04-12,2026-04-13,1
ck_c9120956a234fd05,2025-10-17 20:36:02,2026-04-12,2026-04-13,0
ck_1f68bdcb2ac48572,2025-11-29 23:04:11,2026-04-12,2026-04-13,0
ck_d7729566c5b723e6,2025-12-10 04:54:31,2026-04-12,2026-04-13,0
ck_259a5eb370625f52,2026-04-11 19:22:45,2026-04-12,2026-04-13,0
ck_53f19a263cf8b50b,2026-01-21 00:11:35,2026-04-12,2026-04-13,0
ck_ade5cef32445da9c,2026-03-25 09:14:31,2026-04-12,2026-04-13,0
ck_43a84d2f489c4c63,2025-07-01 23:06:13,2026-04-12,2026-04-13,0
ck_7258afa17103b44a,2026-02-28 03:04:48,2026-04-12,2026-04-13,0
ck_ce1ee530dc174ac5,2026-03-08 10:09:59,2026-04-12,2026-04-13,0
ck_6ad7a8a7cb933e78,2026-02-15 13:13:42,2026-04-12,2026-04-13,0
ck_2b17f9d9b356a319,2025-12-20 20:20:55,2026-04-12,2026-04-13,0
ck_37d0cd5461cf5716,2026-04-05 20:56:37,2026-04-12,2026-04-13,1
ck_b77013239d0838cc,2026-02-10 08:32:22,2026-04-12,2026-04-13,0
ck_08a4a5d8e90a5f58,2025-09-30 21:03:26,2026-04-12,2026-04-13,0
ck_4768b2cd3e1dc31b,2026-01-25 09:38:48,2026-04-12,2026-04-13,0
ck_860f20940787fc26,2025-09-05 20:25:33,2026-04-12,2026-04-13,0
ck_570bde5a85a6c2af,2026-04-11 18:25:53,2026-04-12,2026-04-13,0
ck_fcc6d807fe9099f0,2026-02-14 11:41:48,2026-04-12,2026-04-13,0
ck_7e2766581636f77f,2025-12-18 02:15:47,2026-04-12,2026-04-13,0
ck_1aa70b82dce979fa,2026-04-09 11:25:08,2026-04-12,2026-04-13,0
ck_e19dc65ed7e51277,2025-12-20 03:40:05,2026-04-12,2026-04-13,0
ck_d3571bd115ee0287,2026-04-09 04:19:29,2026-04-12,2026-04-13,0
ck_b06c16018203f203,2026-02-22 11:28:32,2026-04-12,2026-04-13,0
ck_c526d42296797f0f,2026-04-10 22:33:02,2026-04-12,2026-04-13,0
ck_3d049e9ea5fe7763,2026-04-09 23:34:24,2026-04-12,2026-04-13,0
ck_6fe65a83c5634fca,2026-02-27 17:24:12,2026-04-12,2026-04-13,0
ck_65bee8328eb34e1c,2026-01-06 02:18:59,2026-04-12,2026-04-13,1
ck_bbf098a87bc4bd18,2026-01-23 03:48:59,2026-04-12,2026-04-13,0
ck_f998b9e83e146b37,2026-04-11 06:31:02,2026-04-12,2026-04-13,0
ck_4233053e00ba3145,2025-12-15 23:05:34,2026-04-12,2026-04-13,0
ck_e31ea09c66c94feb,2026-01-30 15:59:41,2026-04-12,2026-04-13,0
ck_2354e50f9e66852d,2026-01-06 00:55:49,2026-04-12,2026-04-13,0
ck_1051cc2710c8ad8e,2025-08-07 02:49:15,2026-04-12,2026-04-13,0
ck_e555b2af216df9ee,2026-03-24 18:03:19,2026-04-12,2026-04-13,0
ck_f3d73ea47a3bef54,2026-03-30 06:14:06,2026-04-12,2026-04-13,1
ck_1cf43c530e2619bd,2025-12-08 13:38:54,2026-04-12,2026-04-13,1
ck_5d76f9ad9a9df540,2026-03-31 10:15:05,2026-04-12,2026-04-13,0
ck_e01b781c9b78ab07,2026-04-11 22:37:55,2026-04-12,2026-04-13,0
ck_836aa08f96105a3b,2025-10-10 23:08:44,2026-04-12,2026-04-13,0
ck_c5994bbd3d8ff909,2025-12-02 17:10:04,2026-04-12,2026-04-13,0
ck_625fd7df29ab184f,2026-02-17 01:22:28,2026-04-12,2026-04-13,0
ck_3813a5fbcc1b78af,2025-12-15 18:36:33,2026-04-12,2026-04-13,0
ck_aaf333ccd6ada499,2026-03-06 11:18:28,2026-04-12,2026-04-13,0
ck_268455f2fbf86e33,2026-04-10 14:24:05,2026-04-12,2026-04-13,1
ck_92010945840066ad,2026-04-09 07:51:51,2026-04-12,2026-04-13,0
ck_5eab3af96fae2ba5,2025-12-23 02:03:58,2026-04-12,2026-04-13,0
ck_ffc8dff7c78232eb,2026-02-27 20:39:26,2026-04-12,2026-04-13,0
ck_d81c502d6ae5c072,2026-03-10 17:06:00,2026-04-12,2026-04-13,0
ck_d7f04e8534b80a98,2026-01-04 04:43:53,2026-04-12,2026-04-13,0
ck_66b93b172c71882d,2026-03-10 23:17:20,2026-04-12,2026-04-13,0
ck_3eecc4692d2e8b21,2026-04-12 03:46:52,2026-04-13,2026-04-14,0
ck_4634887d6ecac7ee,2026-01-17 20:59:47,2026-04-13,2026-04-14,0
ck_e8d9f5d9c9eadf68,2025-12-07 23:30:42,2026-04-13,2026-04-14,0
ck_84e8abf4e3b00001,2026-02-05 16:49:09,2026-04-13,2026-04-14,0
ck_d29b1872c2a55680,2026-04-12 10:57:55,2026-04-13,2026-04-14,1
ck_8ea3ea43587b4d9a,2026-02-07 04:00:39,2026-04-13,2026-04-14,0
ck_f30f5261dfc83df5,2026-04-12 20:25:39,2026-04-13,2026-04-14,0
ck_83bc2629717e54aa,2026-04-12 06:36:16,2026-04-13,2026-04-14,0
ck_1ca07faa8ed764b2,2026-01-02 08:23:09,2026-04-13,2026-04-14,1
ck_d2c827f4b0c503c6,2026-04-11 12:17:38,2026-04-13,2026-04-14,0
ck_c167a53aa5f709f5,2025-12-30 12:09:47,2026-04-13,2026-04-14,0
ck_3e46aaf040b08068,2026-03-11 11:42:37,2026-04-13,2026-04-14,0
ck_c60f114cef22b792,2026-03-18 18:48:39,2026-04-13,2026-04-14,0
ck_2c54c45671d89cb3,2026-04-10 21:57:23,2026-04-13,2026-04-14,0
ck_d0cb0429f40cdf0e,2026-01-24 23:04:16,2026-04-13,2026-04-14,0
ck_dec3f7e235334448,2026-04-12 11:20:25,2026-04-13,2026-04-14,1
ck_21605711f0409c9e,2025-11-24 23:18:40,2026-04-13,2026-04-14,0
ck_c37aedc60bb1653b,2026-01-21 20:41:02,2026-04-13,2026-04-14,0
ck_a569af0c664687f8,2025-09-23 01:03:49,2026-04-13,2026-04-14,0
ck_81142fbbe7ad1768,2026-04-11 13:02:58,2026-04-13,2026-04-14,0
ck_5cebfcbfd78fd658,2026-01-25 03:47:36,2026-04-13,2026-04-14,0
ck_cfbab97c89af2108,2026-04-10 03:07:50,2026-04-13,2026-04-14,0
ck_0a8349bd2e416485,2026-04-12 05:40:34,2026-04-13,2026-04-14,0
ck_48f3f0dd07607bff,2026-01-18 10:57:38,2026-04-13,2026-04-14,0
ck_f4830ee2c063bced,2026-01-09 11:48:47,2026-04-13,2026-04-14,0
ck_d5e03323eb5abb2b,2026-04-11 01:00:25,2026-04-13,2026-04-14,1
ck_71c1fc792d2f0d11,2026-04-12 02:45:49,2026-04-13,2026-04-14,0
ck_f6354009b69ee126,2025-10-06 04:16:37,2026-04-13,2026-04-14,0
ck_f99d11b73c4f9666,2026-03-12 20:20:41,2026-04-13,2026-04-14,0
ck_ac9c17deb676db8f,2026-01-17 02:31:16,2026-04-13,2026-04-14,0
ck_a3d8f73a93f82a97,2025-12-12 23:37:16,2026-04-13,2026-04-14,0
ck_fd5f78b976e5f3ca,2026-03-25 07:14:24,2026-04-13,2026-04-14,0
ck_fdcff7fd1ad29be9,2026-02-28 12:14:34,2026-04-13,2026-04-14,0
ck_54556e5a2f123a1c,2025-11-24 16:39:07,2026-04-13,2026-04-14,0
ck_d40504097d54826f,2026-03-12 00:01:56,2026-04-13,2026-04-14,0
ck_361940adc29c892c,2026-03-02 19:10:53,2026-04-13,2026-04-14,0
ck_85d5d43f839f1a31,2026-04-12 20:25:07,2026-04-13,2026-04-14,0
ck_2c7a947da0f7a0ef,2026-02-17 19:57:20,2026-04-13,2026-04-14,0
ck_d172ab1935407e55,2026-01-31 10:07:21,2026-04-13,2026-04-14,0
ck_0cdac3de91c37548,2026-01-29 00:34:22,2026-04-13,2026-04-14,0
ck_cdd567b79cd34ee3,2026-02-21 05:04:10,2026-04-13,2026-04-14,0
ck_ed7b7e547226050b,2026-04-12 21:31:42,2026-04-13,2026-04-14,0
ck_5f9f13b48d2a83a1,2025-11-29 09:38:35,2026-04-13,2026-04-14,0
ck_549369dadae3dd5e,2026-04-11 08:59:03,2026-04-13,2026-04-14,1
ck_db9ab346d5fb3016,2026-04-09 04:43:05,2026-04-13,2026-04-14,0
ck_7cb73aea1c1f8eed,2025-08-16 20:30:55,2026-04-13,2026-04-14,0
ck_9bdd5c7e729a33bb,2025-11-26 21:28:51,2026-04-13,2026-04-14,0
ck_d2ac5dbfe0dcba09,2025-09-27 08:32:15,2026-04-13,2026-04-14,0
ck_b82192ba234e3129,2026-01-31 12:11:47,2026-04-13,2026-04-14,0
ck_c348b01f3babb661,2026-04-12 19:01:17,2026-04-13,2026-04-14,0
ck_25c1f7183496f38c,2025-11-29 20:26:20,2026-04-13,2026-04-14,0
ck_f6bd1dbf52a3320e,2025-12-26 14:12:58,2026-04-13,2026-04-14,0
ck_4a6616f6626337cf,2026-04-11 23:27:49,2026-04-13,2026-04-14,0
ck_1fbf5fe6a94b0ec7,2025-12-08 09:17:06,2026-04-13,2026-04-14,0
ck_f12f1034870a156a,2026-02-12 22:43:00,2026-04-13,2026-04-14,0
ck_0030c4974c775756,2026-04-11 15:37:49,2026-04-13,2026-04-14,0
ck_93f9adeb49a9abaf,2026-04-10 13:42:41,2026-04-13,2026-04-14,0
ck_363a14de4224b2b1,2026-04-11 02:31:18,2026-04-13,2026-04-14,0
ck_7e05ef5dca466e9d,2025-11-10 03:08:26,2026-04-13,2026-04-14,0
ck_b9713656a18cfe5a,2025-11-14 22:22:21,2026-04-13,2026-04-14,0
ck_24bde940d24968c3,2025-12-28 14:23:10,2026-04-13,2026-04-14,0
ck_c3a6d9cf06302a3f,2026-01-02 07:56:55,2026-04-13,2026-04-14,0
ck_ace9a39e00362715,2026-04-12 09:30:09,2026-04-13,2026-04-14,0
ck_f597d4885a3b9886,2026-03-05 16:37:55,2026-04-13,2026-04-14,0
ck_e6f480981e92b6d6,2026-01-18 09:09:58,2026-04-13,2026-04-14,0
ck_ab7e0ae65711d7bc,2026-04-11 16:33:36,2026-04-13,2026-04-14,0
ck_316dcbc1deb87b21,2026-02-05 22:44:25,2026-04-13,2026-04-14,0
ck_fef5de6197936700,2026-01-27 13:19:44,2026-04-13,2026-04-14,0
ck_a80b44dcc9839ea5,2026-03-15 06:18:50,2026-04-13,2026-04-14,0
ck_d7591f4ce47f72fe,2026-04-12 06:00:00,2026-04-13,2026-04-14,0
ck_0943fee867a254b6,2025-12-24 20:31:49,2026-04-13,2026-04-14,0
ck_42584097c0c3f59f,2026-01-04 14:01:36,2026-04-13,2026-04-14,1
ck_f6b614b055c3e949,2025-11-24 04:42:10,2026-04-13,2026-04-14,0
ck_a6449220cf012dd3,2026-04-12 19:11:52,2026-04-13,2026-04-14,0
ck_1d77f58c8bbfaf9e,2026-04-12 21:57:37,2026-04-13,2026-04-14,0
ck_1a7177fe7a46e421,2026-01-01 10:39:32,2026-04-13,2026-04-14,0
ck_7604a1728accb7d4,2026-03-09 12:11:21,2026-04-13,2026-04-14,0
ck_d4ce4e3eade3be0e,2026-04-11 07:56:57,2026-04-13,2026-04-14,1
ck_663e7aee822bcaf6,2025-10-31 22:48:51,2026-04-13,2026-04-14,0
ck_2c96f2c3201d23dc,2026-02-04 17:05:45,2026-04-13,2026-04-14,0
ck_ed77021b84d9a20b,2026-04-12 20:37:57,2026-04-13,2026-04-14,0
ck_c8fb9bca96d264fe,2026-04-07 21:45:00,2026-04-13,2026-04-14,0
ck_32ed00e2ae8e2b91,2026-04-11 22:40:15,2026-04-13,2026-04-14,0
ck_2c666b50375b8329,2025-11-02 10:03:48,2026-04-13,2026-04-14,0
ck_213843c8bd4d2ea9,2026-03-05 09:33:14,2026-04-13,2026-04-14,0
ck_6c48ebc56d2169d6,2025-10-21 18:35:47,2026-04-13,2026-04-14,0
ck_fe0f6f0044a23d79,2026-03-20 20:12:55,2026-04-13,2026-04-14,0
ck_ffa955f7b0d50e3a,2026-03-28 15:02:59,2026-04-13,2026-04-14,0
ck_d8661a492e8e0764,2026-04-12 07:45:23,2026-04-13,2026-04-14,0
ck_1519a2058d7a16cc,2026-03-16 19:28:15,2026-04-13,2026-04-14,0
ck_b07f3d6237e820f3,2026-02-11 19:44:13,2026-04-13,2026-04-14,0
ck_f4ee277bae6a0813,2025-12-28 21:43:31,2026-04-13,2026-04-14,0
ck_c09cc6a0a46e1ef9,2026-03-16 01:27:36,2026-04-13,2026-04-14,0
ck_afc2fda96919925a,2026-01-01 20:29:38,2026-04-13,2026-04-14,0
ck_a9ed555cc7115748,2026-01-01 19:39:01,2026-04-13,2026-04-14,1
ck_ba5059ea495f35f0,2026-03-13 09:29:42,2026-04-13,2026-04-14,0
ck_ec129a00a1b62ef2,2026-01-28 14:31:33,2026-04-13,2026-04-14,0
ck_a09faf1490e7b370,2026-04-06 16:34:02,2026-04-13,2026-04-14,0
ck_8e0a1be11d478f6a,2026-04-12 20:03:52,2026-04-13,2026-04-14,0
ck_b09f505305a5b577,2025-12-28 10:52:40,2026-04-13,2026-04-14,0
ck_2fee75908e146566,2026-04-11 22:47:11,2026-04-13,2026-04-14,0
ck_4a2de8f79174152e,2026-04-12 10:19:12,2026-04-13,2026-04-14,0
ck_cacdd0d6dd50ddfc,2026-02-12 05:05:22,2026-04-13,2026-04-14,0
ck_dcd0b5cfb4b04315,2026-03-08 16:10:00,2026-04-13,2026-04-14,0
ck_ea7e2fc30e60cc9d,2026-03-10 20:52:58,2026-04-13,2026-04-14,0
ck_1cf91a9f2b28fda5,2026-03-23 17:45:31,2026-04-13,2026-04-14,0
ck_f2ceb93c36cad8c4,2025-12-29 21:05:36,2026-04-13,2026-04-14,0
ck_7dd631763294e8f5,2026-03-06 21:21:07,2026-04-13,2026-04-14,0
ck_6229fae9abbd35f7,2026-04-12 11:51:21,2026-04-13,2026-04-14,0
ck_2df4aa128ef8cd0e,2025-11-01 05:19:43,2026-04-13,2026-04-14,0
ck_22099496d7434fd0,2026-03-24 16:40:32,2026-04-13,2026-04-14,0
ck_7fbb77beb4c3ac40,2025-11-13 21:17:00,2026-04-13,2026-04-14,0
ck_c72b894ed622783d,2025-09-01 07:51:48,2026-04-13,2026-04-14,0
ck_08898de1d223c4b6,2026-02-08 07:20:12,2026-04-13,2026-04-14,0
ck_dbbd234e38b4ce28,2026-04-12 20:32:24,2026-04-13,2026-04-14,0
ck_995f5cfcaa64cc4c,2026-02-04 12:39:35,2026-04-13,2026-04-14,0
ck_4bb60de74ca51def,2026-04-12 07:31:51,2026-04-13,2026-04-14,0
ck_6a55658dc87ba527,2026-03-09 11:39:24,2026-04-13,2026-04-14,1
ck_821336e9fece1890,2025-07-29 00:33:12,2026-04-13,2026-04-14,0
ck_cdb2ffbe2709a976,2025-10-10 06:19:37,2026-04-13,2026-04-14,0
ck_55f170d48d20e102,2026-04-08 07:22:57,2026-04-13,2026-04-14,0
ck_a67b1cfb42b9c00a,2026-01-21 17:44:31,2026-04-13,2026-04-14,0
ck_6c11b4d822fbc4ab,2026-04-12 05:14:32,2026-04-13,2026-04-14,0
ck_6fd6cb6f432adf40,2026-02-06 16:11:42,2026-04-13,2026-04-14,0
ck_b6108c335920ce0f,2026-04-12 15:10:30,2026-04-13,2026-04-14,0
ck_19b39dc29d882a4b,2025-12-25 05:48:35,2026-04-13,2026-04-14,0
ck_86253ac4e9d2a62a,2026-04-04 00:09:38,2026-04-13,2026-04-14,0
ck_28cd8f1bde965e0c,2026-01-20 01:58:56,2026-04-13,2026-04-14,0
ck_0e2fc13396da5ecb,2026-03-15 14:37:20,2026-04-13,2026-04-14,0
ck_07f65a99b0377def,2026-03-06 14:40:23,2026-04-13,2026-04-14,1
ck_8d7b31c1a04df2cc,2026-02-22 18:26:28,2026-04-13,2026-04-14,0
ck_bd6221f6f5b23795,2026-04-11 15:50:17,2026-04-13,2026-04-14,0
ck_090f7cf2e91eb96f,2026-04-11 19:15:37,2026-04-13,2026-04-14,0
ck_58193e793a89d9f6,2026-02-23 10:12:42,2026-04-13,2026-04-14,0
ck_9f00d1dac5b9a846,2026-04-11 07:25:09,2026-04-13,2026-04-14,0
ck_291f3fa64f0bb6c1,2025-11-19 02:50:31,2026-04-13,2026-04-14,0
ck_591a587660989f25,2026-01-26 23:31:02,2026-04-13,2026-04-14,0
ck_410db9900cb03cfd,2026-03-13 08:41:01,2026-04-13,2026-04-14,0
ck_008c77da0cd7545d,2026-04-12 04:41:53,2026-04-13,2026-04-14,0
ck_db13a3234530d763,2026-01-29 13:43:16,2026-04-13,2026-04-14,0
ck_d89beb69f9851a6e,2025-09-07 18:28:11,2026-04-13,2026-04-14,0
ck_9f19dbb515f430fd,2025-12-17 14:43:15,2026-04-13,2026-04-14,0
ck_ed18e6183b3abd8f,2025-11-19 13:04:13,2026-04-13,2026-04-14,1
ck_8fc3e14e63b73068,2026-04-11 19:08:32,2026-04-13,2026-04-14,0
ck_560639c53c020696,2026-02-06 03:01:31,2026-04-13,2026-04-14,0
ck_1d43d3c808ed832a,2026-02-10 19:01:15,2026-04-13,2026-04-14,0
ck_9201aacb1315b5c6,2026-02-03 14:19:41,2026-04-13,2026-04-14,0
ck_54551bd33b36c23e,2026-04-11 20:21:31,2026-04-13,2026-04-14,0
ck_2dab1d46034283d8,2026-01-24 15:09:30,2026-04-13,2026-04-14,0
ck_0e5c90981aea921d,2026-03-04 07:39:00,2026-04-13,2026-04-14,0
ck_f226166ff72181be,2025-11-29 15:44:23,2026-04-13,2026-04-14,0
ck_db369db28d9d53b3,2026-02-03 08:32:27,2026-04-13,2026-04-14,0
ck_cb5de8e45a35bab2,2025-11-26 07:59:02,2026-04-13,2026-04-14,0
ck_d9f467bb2bdcd596,2026-01-04 21:22:33,2026-04-13,2026-04-14,0
ck_cdd0aa005f96cb1f,2025-11-22 20:29:45,2026-04-13,2026-04-14,0
ck_0eb1b0c3b3d18629,2026-03-18 15:43:45,2026-04-13,2026-04-14,0
ck_efc535bd5bd4a7af,2026-03-03 19:04:10,2026-04-13,2026-04-14,1
ck_8d353d19e8a0c932,2026-02-13 10:02:46,2026-04-13,2026-04-14,0
ck_d3a6c25b9d01be9c,2025-10-16 23:31:53,2026-04-13,2026-04-14,0
ck_9a2e25e48f023073,2026-01-02 10:07:59,2026-04-13,2026-04-14,0
ck_662755c0cbccb767,2026-02-21 22:06:07,2026-04-13,2026-04-14,0
ck_08ca9499dd1eab93,2026-04-10 14:58:53,2026-04-13,2026-04-14,0
ck_570e422a71b497ac,2026-04-10 16:08:46,2026-04-13,2026-04-14,0
ck_abad33203c68fd57,2025-10-23 11:09:06,2026-04-13,2026-04-14,0
ck_ddc2b320ddaadf3c,2026-01-10 06:47:31,2026-04-13,2026-04-14,0
ck_58961a2887bc9004,2026-04-11 21:10:41,2026-04-13,2026-04-14,0
ck_2a4af33b2c4644dd,2025-09-06 22:56:31,2026-04-13,2026-04-14,0
ck_39e312bf7cf25f54,2026-04-12 03:19:14,2026-04-13,2026-04-14,0
ck_26c51284f9369878,2026-04-12 21:59:52,2026-04-13,2026-04-14,0
ck_5c8c882a26f391f2,2025-12-31 17:11:30,2026-04-13,2026-04-14,0
ck_f5a8c330976e9b42,2026-01-08 00:51:15,2026-04-13,2026-04-14,0
ck_4993d83d8637fba0,2026-04-11 10:39:59,2026-04-13,2026-04-14,0
ck_7e0c88fec936a716,2026-01-18 09:15:02,2026-04-13,2026-04-14,0
ck_8c8147986203ed85,2025-12-05 17:44:43,2026-04-13,2026-04-14,0
ck_b1872f9ede6eb268,2026-01-01 05:18:50,2026-04-13,2026-04-14,0
ck_0fd3144e15084c86,2026-01-21 18:14:31,2026-04-13,2026-04-14,0
ck_43d2d458e21c7e8c,2026-04-11 00:59:21,2026-04-13,2026-04-14,0
ck_16f48f55c0f025bd,2026-04-11 05:11:48,2026-04-13,2026-04-14,0
ck_4c9caed4751ff411,2026-04-10 11:48:44,2026-04-13,2026-04-14,0
ck_0e62ea0a2788ce19,2026-02-20 08:09:39,2026-04-13,2026-04-14,0
ck_30dd1eef3f501864,2025-03-21 14:01:05,2026-04-13,2026-04-14,0
ck_81990a554f54fc5f,2026-04-10 19:27:16,2026-04-13,2026-04-14,0
ck_8f3e4a669e524d84,2026-02-04 22:14:03,2026-04-13,2026-04-14,0
ck_7045db21b64f1acc,2026-01-18 02:02:07,2026-04-13,2026-04-14,0
ck_71ca9e4d53a1704d,2025-12-07 15:05:34,2026-04-13,2026-04-14,0
ck_966d801b9f412117,2026-03-17 07:53:39,2026-04-13,2026-04-14,0
ck_2331ea2f0325799d,2026-02-06 20:56:13,2026-04-13,2026-04-14,0
ck_98e7cdfdbf7f5f6f,2026-02-05 20:22:17,2026-04-13,2026-04-14,0
ck_0e1724d81b119f61,2026-01-09 21:46:43,2026-04-13,2026-04-14,0
ck_73aa0dc74ec54fe7,2026-01-07 07:51:15,2026-04-13,2026-04-14,0
ck_73311daea7e3e293,2026-01-21 13:50:29,2026-04-13,2026-04-14,0
ck_ff7d1e7bbfe54885,2026-02-28 13:27:17,2026-04-13,2026-04-14,0
ck_b04c8b8f2e59f6da,2025-11-01 13:38:59,2026-04-13,2026-04-14,0
ck_4d7cffe55880bec6,2025-11-10 08:56:26,2026-04-13,2026-04-14,0
ck_49b2f9b4dcbfde12,2026-04-12 10:00:25,2026-04-13,2026-04-14,1
ck_40e430f44a1fde30,2025-12-02 11:23:52,2026-04-13,2026-04-14,0
ck_2c76ab3e8745f46a,2025-12-28 20:43:29,2026-04-13,2026-04-14,0
ck_738b57e60694f65c,2025-12-15 08:16:25,2026-04-13,2026-04-14,0
ck_4d155ef4383ef077,2026-02-16 16:28:36,2026-04-13,2026-04-14,0
ck_bdc4b82f71213b72,2026-01-16 22:56:29,2026-04-13,2026-04-14,0
ck_b49e43714c650d14,2025-11-22 20:13:48,2026-04-13,2026-04-14,0
ck_72ca0d83015a0079,2026-01-30 12:50:25,2026-04-13,2026-04-14,0
ck_bc2f1adbaf490873,2026-02-13 23:45:40,2026-04-13,2026-04-14,0
ck_a00b28df99a39ecb,2026-01-25 19:10:08,2026-04-13,2026-04-14,0
ck_83563c89f7016f7f,2026-02-01 14:04:03,2026-04-13,2026-04-14,0
ck_5b4f33a4cec28afb,2025-12-21 06:28:10,2026-04-13,2026-04-14,0
ck_1587bd602104023f,2026-03-14 03:47:10,2026-04-13,2026-04-14,0
ck_6217a86982c7693a,2025-10-23 12:14:16,2026-04-13,2026-04-14,0
ck_bc9374f83a9a9c1e,2026-04-11 09:53:29,2026-04-13,2026-04-14,0
ck_eb3ded8c63c64ca7,2026-02-22 02:00:10,2026-04-13,2026-04-14,0
ck_067a41ec83af015a,2025-10-27 15:18:02,2026-04-13,2026-04-14,0
ck_0557c7c63d91597e,2026-04-10 13:53:56,2026-04-13,2026-04-14,1
ck_c484efb3f1983c27,2026-01-14 01:19:18,2026-04-13,2026-04-14,0
ck_294379bf96b2fe40,2026-03-04 01:45:55,2026-04-13,2026-04-14,0
ck_d7c05603e6fbe190,2025-11-09 21:29:29,2026-04-13,2026-04-14,0
ck_100d056f8313cbee,2026-01-18 21:10:32,2026-04-13,2026-04-14,0
ck_2abaae7ccf220307,2026-02-24 01:36:02,2026-04-13,2026-04-14,0
ck_6afbf119baeb210d,2026-04-12 02:40:19,2026-04-13,2026-04-14,0
ck_c9494085c90a3f36,2026-04-12 11:03:12,2026-04-13,2026-04-14,0
ck_f3323ea5a7afbafd,2026-02-25 06:38:47,2026-04-13,2026-04-14,0
ck_bc6eed09c26211fc,2026-03-24 16:37:17,2026-04-13,2026-04-14,0
ck_7e040751c786bc14,2026-04-12 15:08:28,2026-04-13,2026-04-14,1
ck_2fc716f8b6832f50,2025-12-05 22:18:41,2026-04-13,2026-04-14,0
ck_7afdb367e94c3f53,2026-02-19 10:18:30,2026-04-13,2026-04-14,0
ck_6b35c50b29c6ab81,2026-01-30 01:06:49,2026-04-13,2026-04-14,0
ck_4557dbd10ed049c0,2026-01-08 16:45:06,2026-04-13,2026-04-14,0
ck_c4b1097c8a70fc67,2026-02-22 14:18:33,2026-04-13,2026-04-14,0
ck_a4e32c62621a981b,2025-06-30 17:41:54,2026-04-13,2026-04-14,0
ck_756667f4cb19bcfa,2025-11-02 19:51:10,2026-04-13,2026-04-14,0
ck_2f6a6502d678ffaa,2026-01-16 13:32:05,2026-04-13,2026-04-14,0
ck_29bf1c545cb10540,2026-03-07 14:23:50,2026-04-13,2026-04-14,0
ck_0111475d66739043,2026-04-10 21:59:59,2026-04-13,2026-04-14,0
ck_504a676a332a90e2,2026-01-18 02:36:41,2026-04-13,2026-04-14,0
ck_6dcfff696be8f546,2026-01-04 20:41:22,2026-04-13,2026-04-14,0
ck_4f502f64c7a3d36f,2026-02-15 16:28:41,2026-04-13,2026-04-14,0
ck_4bc2d9c575bb37d4,2026-02-23 15:20:58,2026-04-13,2026-04-14,0
ck_4356f15ca971f2d1,2026-03-30 11:26:57,2026-04-13,2026-04-14,0
ck_cd5c96101f4f4f4b,2026-03-13 03:06:47,2026-04-13,2026-04-14,0
ck_140f8a612118898d,2026-02-07 20:56:13,2026-04-13,2026-04-14,0
ck_18990d7840535250,2026-04-12 16:15:05,2026-04-13,2026-04-14,0
ck_a8d7965e73d91d4a,2026-03-17 03:56:10,2026-04-13,2026-04-14,0
ck_3beb8d197724bb5c,2026-04-04 05:00:12,2026-04-13,2026-04-14,0
ck_bd5c6ac1e44af64e,2026-04-12 21:00:38,2026-04-13,2026-04-14,0
ck_03cf45e206dfb735,2026-04-08 08:25:34,2026-04-13,2026-04-14,0
ck_e9c9098a25693804,2026-04-11 13:21:32,2026-04-13,2026-04-14,1
ck_760cde5e1a3f8363,2026-04-05 17:09:53,2026-04-13,2026-04-14,0
ck_c9a03b8e5537a45b,2026-03-01 15:01:32,2026-04-13,2026-04-14,0
ck_373bf0fe748c9287,2025-12-28 22:59:04,2026-04-13,2026-04-14,0
ck_b6c7b68090407f24,2026-01-15 14:54:33,2026-04-13,2026-04-14,0
ck_836b5e2a42894e57,2025-09-29 07:11:30,2026-04-13,2026-04-14,0
ck_9d5529f1bcf22e6b,2026-03-11 02:56:56,2026-04-13,2026-04-14,0
ck_c0bd2d57dbc9c6f7,2026-04-12 08:36:28,2026-04-13,2026-04-14,0
ck_92a1128207ae722e,2026-03-06 06:41:35,2026-04-13,2026-04-14,0
ck_f582d28e564ef0ed,2026-01-25 16:23:34,2026-04-13,2026-04-14,0
ck_9437260e4c5fa4a0,2025-11-05 18:17:44,2026-04-13,2026-04-14,0
ck_e1450139047de53e,2026-03-27 14:17:30,2026-04-13,2026-04-14,0
ck_96f0f6f177f0dea4,2025-12-14 10:51:16,2026-04-13,2026-04-14,0
ck_06284a0603f76f9d,2026-01-20 14:07:49,2026-04-13,2026-04-14,0
ck_7b5e9cc9745c7d75,2026-01-22 04:18:35,2026-04-13,2026-04-14,0
ck_41df6ed8bea49af7,2025-12-02 19:32:52,2026-04-13,2026-04-14,0
ck_7cb6f4e0c171d2e7,2026-04-12 19:00:10,2026-04-13,2026-04-14,0
ck_109f03fac6eb4f91,2026-02-25 16:28:55,2026-04-13,2026-04-14,0
ck_d2380f8327deb857,2026-03-24 04:27:53,2026-04-13,2026-04-14,0
ck_7f475d9d9b714914,2025-12-02 00:59:09,2026-04-13,2026-04-14,0
ck_492df5ab3e5b6129,2026-01-23 05:32:35,2026-04-13,2026-04-14,0
ck_9a7ec72b7a9c1558,2026-02-13 18:21:47,2026-04-13,2026-04-14,0
ck_d7761837dde3e420,2025-11-17 12:44:26,2026-04-13,2026-04-14,0
ck_04d33a5bf895e217,2026-01-27 01:19:31,2026-04-13,2026-04-14,0
ck_4183867eca380e92,2026-04-09 10:54:28,2026-04-13,2026-04-14,0
ck_6758a6da7ae9da74,2026-01-23 02:26:41,2026-04-13,2026-04-14,0
ck_0c62a9193e4d2468,2026-04-10 18:15:54,2026-04-13,2026-04-14,0
ck_d280751497dcd26e,2026-02-12 01:31:07,2026-04-13,2026-04-14,0
ck_2289021485da84fd,2026-04-10 01:52:37,2026-04-13,2026-04-14,0
ck_7f12b087e2d8e3a2,2025-12-31 06:07:03,2026-04-13,2026-04-14,0
ck_6ca4d973f383095d,2026-02-01 03:53:18,2026-04-13,2026-04-14,0
ck_4fbf1a7ddfb4b3f8,2025-09-06 15:29:17,2026-04-13,2026-04-14,0
ck_bcd6300d4f3c7820,2026-02-10 02:31:39,2026-04-13,2026-04-14,1
ck_89a1b59ddb77bf99,2026-02-22 10:12:09,2026-04-13,2026-04-14,0
ck_d25e931d8a4e4e04,2026-03-17 13:59:34,2026-04-13,2026-04-14,0
ck_cab920ea96bbea5a,2026-04-11 12:54:05,2026-04-13,2026-04-14,0
ck_44d1728049fcab31,2025-12-25 03:56:09,2026-04-13,2026-04-14,0
ck_2cf6dc65ea0b2de3,2025-11-05 03:33:00,2026-04-13,2026-04-14,0
ck_3e1b514dd437a922,2025-04-11 15:04:35,2026-04-13,2026-04-14,0
ck_fabbabdfb249c7fe,2025-10-19 13:00:14,2026-04-13,2026-04-14,0
ck_2ab0bdf57f080d93,2025-12-04 22:14:43,2026-04-13,2026-04-14,0
ck_b0e7e41377701da7,2026-03-07 08:44:44,2026-04-13,2026-04-14,0
ck_f59d14b12c7d5b19,2026-02-08 01:35:36,2026-04-13,2026-04-14,0
ck_b31b58cfda04d80d,2026-01-07 17:42:26,2026-04-13,2026-04-14,0
ck_8e09ed97f3bc42f8,2026-04-12 09:07:18,2026-04-13,2026-04-14,0
ck_4eaddc69460ed865,2025-09-25 02:39:30,2026-04-13,2026-04-14,0
ck_19fc818f5e77be7e,2026-01-17 20:37:56,2026-04-13,2026-04-14,0
ck_8fc828c89bf3a013,2026-03-03 03:39:48,2026-04-13,2026-04-14,0
ck_a77cf3b06ed6d499,2026-03-09 08:33:29,2026-04-13,2026-04-14,0
ck_ad11ba3f1a02f619,2026-03-20 07:49:30,2026-04-13,2026-04-14,0
ck_404f697aa8b49a3b,2025-08-27 06:55:26,2026-04-13,2026-04-14,0
ck_a6c934e4f9c79e0c,2026-04-11 21:45:42,2026-04-13,2026-04-14,0
ck_d9d7b1234da63409,2026-02-14 11:21:17,2026-04-13,2026-04-14,0
ck_7e29effd7e433687,2026-03-16 07:20:22,2026-04-13,2026-04-14,0
ck_1e958733ad811d1b,2025-12-20 22:42:13,2026-04-13,2026-04-14,1
ck_dd81ea6cd8645623,2026-01-22 11:22:11,2026-04-13,2026-04-14,1
ck_13b0b8662e49954e,2025-12-22 12:56:12,2026-04-13,2026-04-14,0
ck_9dc8881b1441b0f4,2026-03-02 01:13:05,2026-04-13,2026-04-14,0
ck_10d14ec910abb628,2026-03-27 20:57:00,2026-04-13,2026-04-14,0
ck_547b9bf9be598d0d,2025-11-15 16:11:25,2026-04-13,2026-04-14,0
ck_6ed71d61110685d8,2025-12-18 06:23:01,2026-04-13,2026-04-14,0
ck_9f5d581e9c7e92b9,2026-02-23 17:40:02,2026-04-13,2026-04-14,1
ck_e10931d979f0f250,2026-01-28 01:49:31,2026-04-13,2026-04-14,1
ck_2c7d37ab459705e4,2025-11-11 01:17:50,2026-04-13,2026-04-14,0
ck_83c4c59717f0e068,2026-02-04 12:49:19,2026-04-13,2026-04-14,0
ck_5732c81982c2d624,2025-10-01 05:30:34,2026-04-13,2026-04-14,0
ck_f65d47bf6d899f14,2025-12-29 22:29:28,2026-04-13,2026-04-14,0
ck_d85c40ba22404f5f,2026-02-18 00:08:59,2026-04-13,2026-04-14,0
ck_3978ffed22093584,2026-02-13 05:16:56,2026-04-13,2026-04-14,0
ck_682feeb0cba8f025,2026-03-18 10:27:39,2026-04-13,2026-04-14,1
ck_205cddc08dddf4b4,2026-04-11 13:14:02,2026-04-13,2026-04-14,0
ck_0ff1b41aad68c374,2026-04-08 14:59:01,2026-04-13,2026-04-14,0
ck_4a696495c9a334bc,2025-11-14 03:10:15,2026-04-13,2026-04-14,0
ck_850e61188c3a99cf,2025-11-18 00:54:30,2026-04-13,2026-04-14,0
ck_0edd87cad6dd0af8,2026-03-04 06:32:09,2026-04-13,2026-04-14,0
ck_683279df072a07af,2025-11-17 15:43:25,2026-04-13,2026-04-14,0
ck_d846d4e4968f0fbf,2026-01-06 10:12:16,2026-04-13,2026-04-14,0
ck_a902ebd39b11457e,2026-02-08 14:07:30,2026-04-13,2026-04-14,0
ck_09ff0326cec108a9,2026-02-12 21:34:58,2026-04-13,2026-04-14,0
ck_16bbf9b61d3891ee,2025-11-11 02:45:02,2026-04-13,2026-04-14,0
ck_7e0d488a05e03ad4,2026-03-09 19:59:40,2026-04-13,2026-04-14,0
ck_49b3abc5c2421a9d,2026-01-31 21:54:18,2026-04-13,2026-04-14,0
ck_8fd3ea4786adcb11,2025-11-27 04:31:48,2026-04-13,2026-04-14,0
ck_e30fc37057d1a5b4,2026-04-10 14:52:02,2026-04-13,2026-04-14,0
ck_362b2b3436dfb2b2,2025-12-23 19:45:06,2026-04-13,2026-04-14,0
ck_a142b7a3a759fb37,2026-04-10 18:11:19,2026-04-13,2026-04-14,0
ck_2f16275fcddcf230,2026-01-01 21:17:31,2026-04-13,2026-04-14,0
ck_66e206a8c9a2f444,2026-02-26 22:50:54,2026-04-13,2026-04-14,1
ck_1ac19ebf03ba46c9,2026-03-22 23:53:48,2026-04-13,2026-04-14,0
ck_9f22eed47f0521b7,2026-02-16 07:34:16,2026-04-13,2026-04-14,0
ck_f1f6841f6e97ad82,2026-04-10 23:28:36,2026-04-13,2026-04-14,0
ck_c1e1ed1cbef155cd,2025-10-17 10:41:45,2026-04-13,2026-04-14,0
ck_9fe31c01600b8402,2026-04-11 18:06:10,2026-04-13,2026-04-14,0
ck_5947f757779dc683,2026-04-12 13:57:12,2026-04-13,2026-04-14,0
ck_870bfcd258cd3286,2026-04-12 09:04:25,2026-04-13,2026-04-14,0
ck_0f171188a32efb4e,2026-04-05 21:36:03,2026-04-13,2026-04-14,0
ck_75e149d8c2ee775a,2025-09-05 10:32:07,2026-04-13,2026-04-14,0
ck_1a9ef4d41f323158,2025-12-19 02:32:14,2026-04-13,2026-04-14,0
ck_d6b3b69594509cf4,2026-03-23 22:57:49,2026-04-13,2026-04-14,0
ck_702f02944c28fd8f,2026-02-10 04:49:12,2026-04-13,2026-04-14,0
ck_26270bb321e7e673,2025-05-14 22:36:41,2026-04-13,2026-04-14,0
ck_57281faf7f5f69ea,2025-10-31 01:28:15,2026-04-13,2026-04-14,1
ck_e2f84f86aabc74ca,2026-03-29 18:43:22,2026-04-13,2026-04-14,0
ck_53f9b8a803946d80,2026-04-11 15:03:47,2026-04-13,2026-04-14,0
ck_375a6db0d55553e4,2026-04-11 23:34:35,2026-04-13,2026-04-14,0
ck_843aca3825a5a8c9,2026-01-27 08:16:27,2026-04-13,2026-04-14,0
ck_2b06f20fc9270b19,2026-02-14 09:56:04,2026-04-13,2026-04-14,0
ck_f38f929361ddf7f1,2026-03-15 15:43:59,2026-04-13,2026-04-14,0
ck_40045fa7405ea4f5,2026-03-16 14:13:38,2026-04-13,2026-04-14,0
ck_79c14f9c8233a4ad,2026-03-15 06:41:28,2026-04-13,2026-04-14,0
ck_ae07e097e1074691,2026-04-11 22:30:09,2026-04-13,2026-04-14,0
ck_3a4c9ef31e75ba22,2026-02-27 17:15:41,2026-04-13,2026-04-14,0
ck_4bc20d45070445d9,2025-09-10 12:46:12,2026-04-13,2026-04-14,0
ck_39f23b33cc703872,2026-01-22 12:44:56,2026-04-13,2026-04-14,0
ck_72034a34eb169215,2026-02-20 23:01:19,2026-04-13,2026-04-14,0
ck_687eff40d79eb9fa,2026-04-12 11:30:42,2026-04-13,2026-04-14,0
ck_4745a4ef705d1816,2026-04-10 23:32:33,2026-04-13,2026-04-14,0
ck_7992b1d51f7d94b3,2025-11-25 08:47:08,2026-04-13,2026-04-14,0
ck_b5d82d650f2f8479,2026-02-23 04:36:51,2026-04-13,2026-04-14,0
ck_489b2362f0846b65,2026-02-20 11:42:54,2026-04-13,2026-04-14,0
ck_a8c4ca76e714e0de,2025-07-02 03:43:22,2026-04-13,2026-04-14,0
ck_60669c5cc7bdab06,2025-08-23 12:31:43,2026-04-13,2026-04-14,0
ck_afe940c75ca49ea3,2026-02-01 18:34:27,2026-04-13,2026-04-14,1
ck_1be1ef69bbf3fd6f,2026-03-03 17:42:43,2026-04-13,2026-04-14,0
ck_de66dd7293562aad,2025-12-19 01:28:29,2026-04-13,2026-04-14,0
ck_f5d5afb84a018d85,2026-01-30 00:48:50,2026-04-13,2026-04-14,0
ck_ce5bb22ddefe6cbf,2025-11-28 19:56:33,2026-04-13,2026-04-14,0
ck_a67a30de0c94becb,2026-03-23 02:22:23,2026-04-13,2026-04-14,0
ck_73a4d982359c34c3,2026-04-12 03:23:27,2026-04-13,2026-04-14,0
ck_df99392eb9c985fd,2026-01-27 02:11:14,2026-04-13,2026-04-14,0
ck_749654b33e0f0557,2025-09-22 03:30:55,2026-04-13,2026-04-14,0
ck_7b3ceea110f54044,2026-03-08 20:28:18,2026-04-13,2026-04-14,0
ck_828ce9582e152bdd,2026-02-01 08:40:06,2026-04-13,2026-04-14,0
ck_e9f3fc2e90896ea1,2026-01-09 15:17:22,2026-04-13,2026-04-14,0
ck_a7123fd34c0923d0,2026-02-14 04:45:54,2026-04-13,2026-04-14,0
ck_a09746da214ec54b,2026-04-12 17:05:02,2026-04-13,2026-04-14,0
ck_59108a0040ff17f8,2025-11-22 17:29:30,2026-04-13,2026-04-14,1
ck_f0f99fe335625cd4,2026-04-10 21:04:53,2026-04-13,2026-04-14,0
ck_c1f419b025e66a92,2026-03-10 22:55:57,2026-04-13,2026-04-14,0
ck_e7c4060746954518,2026-04-08 04:11:42,2026-04-13,2026-04-14,0
ck_157726252c68bb02,2026-04-12 04:34:59,2026-04-13,2026-04-14,1
ck_39b8436f0dbb1e19,2026-04-08 00:28:35,2026-04-13,2026-04-14,0
ck_2633b128c1153216,2025-11-04 01:16:14,2026-04-13,2026-04-14,0
ck_ff1ca3e7416959da,2025-10-08 00:59:23,2026-04-13,2026-04-14,0
ck_2209badb14899b39,2026-03-11 16:59:32,2026-04-13,2026-04-14,0
ck_298b3e9ea1c1ce05,2025-11-15 01:17:29,2026-04-13,2026-04-14,0
ck_231efd37ad0f7e60,2026-04-12 01:09:14,2026-04-13,2026-04-14,0
ck_f92943a9e978bb39,2026-03-30 07:53:13,2026-04-13,2026-04-14,0
ck_fbf5b095463564b6,2026-04-11 20:04:01,2026-04-13,2026-04-14,0
ck_2208d0a5d82708a9,2026-03-04 16:10:09,2026-04-13,2026-04-14,0
ck_2cba852e8243be9a,2025-11-28 06:26:26,2026-04-13,2026-04-14,0
ck_30ce25bac8bfc722,2026-02-26 17:01:42,2026-04-13,2026-04-14,0
ck_9571833c4f769e0d,2026-03-05 10:27:17,2026-04-13,2026-04-14,0
ck_be00861c20156098,2026-01-15 12:02:38,2026-04-13,2026-04-14,0
ck_5e0a523373dfbe48,2026-04-08 18:31:35,2026-04-13,2026-04-14,0
ck_08501256b8d40396,2025-11-18 07:48:00,2026-04-13,2026-04-14,0
ck_e44ee6ea7156926f,2025-12-05 15:04:52,2026-04-13,2026-04-14,1
ck_433e2f3aef8f2ccd,2026-01-03 12:44:16,2026-04-13,2026-04-14,0
ck_8d3cfb78bccf8b3c,2026-01-19 20:36:12,2026-04-13,2026-04-14,0
ck_b555697f5822aa77,2026-02-10 09:09:25,2026-04-13,2026-04-14,0
ck_4cb38f0b62166341,2026-01-20 05:52:44,2026-04-13,2026-04-14,0
ck_e019b018d83c40cc,2025-12-16 06:44:59,2026-04-13,2026-04-14,1
ck_2d1a7752e57d2fc9,2026-03-14 22:59:58,2026-04-13,2026-04-14,0
ck_9eefe2d5950fd554,2026-01-22 00:02:51,2026-04-13,2026-04-14,0
ck_84539bcbfcf8550b,2026-04-12 14:33:26,2026-04-13,2026-04-14,0
ck_ca7f7b0d24c48432,2026-04-09 03:06:05,2026-04-13,2026-04-14,0
ck_2f71223a1acc3026,2026-03-18 23:14:47,2026-04-13,2026-04-14,0
ck_44cf0f593ea3ad36,2026-02-16 06:56:00,2026-04-13,2026-04-14,0
ck_3512c24430726b71,2026-04-12 13:54:21,2026-04-13,2026-04-14,0
ck_f3a1ca05517b3b6e,2026-01-05 15:02:03,2026-04-13,2026-04-14,0
ck_ea1bd9aeee5b560e,2025-10-29 05:14:58,2026-04-13,2026-04-14,0
ck_fe22da289aca641a,2025-12-28 09:16:15,2026-04-13,2026-04-14,0
ck_d6a3912a03f17c1c,2026-02-23 18:39:32,2026-04-13,2026-04-14,0
ck_5743a026e3b0b19e,2026-03-29 18:49:05,2026-04-13,2026-04-14,0
ck_5a689f2f6fe76065,2026-03-05 13:20:15,2026-04-13,2026-04-14,0
ck_49c15ab539f6dc19,2026-01-09 13:24:19,2026-04-13,2026-04-14,0
ck_3f754dd14a755202,2026-01-24 05:42:24,2026-04-13,2026-04-14,0
ck_0dbf6b3fbb9433d5,2026-04-12 08:18:15,2026-04-13,2026-04-14,0
ck_4077c8a98962e891,2026-01-06 10:23:22,2026-04-13,2026-04-14,0
ck_ccbf5cf37bbdc5ba,2025-11-20 03:46:31,2026-04-13,2026-04-14,0
ck_7f699f1ad9f13b6c,2026-01-16 07:55:28,2026-04-13,2026-04-14,0
ck_6114264a0d4df744,2025-12-21 23:45:15,2026-04-13,2026-04-14,0
ck_7ba58c4473240050,2026-04-12 21:07:09,2026-04-13,2026-04-14,0
ck_923ea55e6657077b,2026-01-19 04:23:32,2026-04-13,2026-04-14,0
ck_3a914dc1cf007ed6,2025-11-20 16:35:05,2026-04-13,2026-04-14,0
ck_f6f1dd5c90775aad,2025-12-01 16:29:12,2026-04-13,2026-04-14,0
ck_04011c45e5416fef,2026-01-17 21:44:21,2026-04-13,2026-04-14,0
ck_44f8b8f846d8153c,2025-11-21 09:08:40,2026-04-13,2026-04-14,0
ck_7d1544a3119a9cfc,2025-09-12 13:36:31,2026-04-13,2026-04-14,0
ck_86e4e3c0d8a28817,2026-03-04 14:12:02,2026-04-13,2026-04-14,0
ck_858ca59aa3832daa,2026-01-23 09:48:28,2026-04-13,2026-04-14,0
ck_3990ee83b0b294e7,2026-04-11 20:03:37,2026-04-13,2026-04-14,0
ck_ccc94d8b39af67cb,2025-12-09 06:16:40,2026-04-13,2026-04-14,0
ck_8c2ba1cf91805628,2026-01-30 14:37:58,2026-04-13,2026-04-14,0
ck_56533c6732431f04,2026-02-15 06:00:09,2026-04-13,2026-04-14,0
ck_fc74883266bd43b1,2026-01-29 08:49:28,2026-04-13,2026-04-14,0
ck_a6e8bfb1e43ceae5,2026-04-12 11:15:30,2026-04-13,2026-04-14,0
ck_5273478a54f9f8c1,2026-02-25 02:47:55,2026-04-13,2026-04-14,0
ck_aafa155d6357c9a7,2026-01-27 23:37:49,2026-04-13,2026-04-14,0
ck_ca5226c28fa1d1be,2026-01-26 23:18:41,2026-04-13,2026-04-14,0
ck_48116d5dc730fe6f,2026-01-28 01:42:09,2026-04-13,2026-04-14,0
ck_e3af2155a1d59cdf,2026-01-30 07:30:58,2026-04-13,2026-04-14,0
ck_5c9e4273eb64437e,2025-12-09 08:08:35,2026-04-13,2026-04-14,0
ck_8a3fccefa085b044,2026-04-12 22:29:28,2026-04-13,2026-04-14,0
ck_cd31219ec4ea3c7c,2025-12-09 08:31:02,2026-04-13,2026-04-14,0
ck_955032e035b329f0,2026-04-12 15:37:32,2026-04-13,2026-04-14,1
ck_bd12da57181e0abf,2026-02-02 17:11:17,2026-04-13,2026-04-14,0
ck_98a296dd476eeb7d,2026-04-11 15:49:15,2026-04-13,2026-04-14,1
ck_e81e61bee02c52f4,2026-03-24 02:23:08,2026-04-13,2026-04-14,0
ck_df6d26f31b802ca7,2026-01-13 13:52:13,2026-04-13,2026-04-14,0
ck_f8d806dfdd0883c1,2025-11-22 00:16:29,2026-04-13,2026-04-14,0
ck_17d8712dbfaee402,2026-04-11 17:13:41,2026-04-13,2026-04-14,0
ck_7f4d843d9bcd6848,2026-02-14 02:58:25,2026-04-13,2026-04-14,0
ck_ded65bca869cbdd8,2026-04-12 16:26:49,2026-04-13,2026-04-14,0
ck_70ffe9dfb43b9118,2026-04-10 23:48:50,2026-04-13,2026-04-14,0
ck_b00c9b0b0d8cf0d8,2026-03-31 17:16:58,2026-04-13,2026-04-14,0
ck_162da0e84bc41343,2025-07-31 16:22:10,2026-04-13,2026-04-14,0
ck_da17c91511bfd068,2026-03-10 06:39:24,2026-04-13,2026-04-14,0
ck_51db3e3c2e724869,2026-01-11 09:55:42,2026-04-13,2026-04-14,0
ck_18014e5f3f9ea40d,2026-04-11 03:23:06,2026-04-13,2026-04-14,0
ck_ebd93c2cf4ecc44c,2025-10-25 12:45:55,2026-04-13,2026-04-14,0
ck_2501d4331022971c,2026-04-12 06:17:02,2026-04-13,2026-04-14,0
ck_00ba6a7b2dba1b40,2025-12-31 03:56:12,2026-04-13,2026-04-14,0
ck_6e0263a90d706408,2026-04-12 00:51:58,2026-04-13,2026-04-14,0
ck_34afa1258045de92,2026-04-11 00:16:19,2026-04-13,2026-04-14,0
ck_74d009f2eb926a79,2025-10-16 09:46:06,2026-04-13,2026-04-14,0
ck_ad7d4dea8120b0c1,2026-02-07 17:23:06,2026-04-13,2026-04-14,0
ck_a0729dd0f90ae4a9,2026-04-12 17:15:37,2026-04-13,2026-04-14,0
ck_0b5e26438b686e85,2026-02-19 00:00:38,2026-04-13,2026-04-14,0
ck_7f478ad6809683af,2026-02-13 17:14:49,2026-04-13,2026-04-14,0
ck_dbb26c3ab17454dc,2026-04-11 21:01:35,2026-04-13,2026-04-14,0
ck_983afbee2f6a68d3,2026-01-17 15:35:18,2026-04-13,2026-04-14,0
ck_10fffc4ece9f8bec,2025-06-03 16:39:33,2026-04-13,2026-04-14,0
ck_d98287b784ad4d65,2026-03-02 22:06:37,2026-04-13,2026-04-14,0
ck_cd20537ff4ee5653,2026-03-13 19:55:26,2026-04-13,2026-04-14,0
ck_5b24b9c61d7bbad4,2026-01-10 03:22:25,2026-04-13,2026-04-14,0
ck_0e48fd9beb27a344,2025-09-29 19:01:00,2026-04-13,2026-04-14,0
ck_3058e9316c7715fb,2026-04-11 22:25:51,2026-04-13,2026-04-14,0
ck_bba91b5f10fd98ca,2026-01-20 02:57:22,2026-04-13,2026-04-14,0
ck_723d3ac8c8dc2e4f,2026-02-12 08:42:27,2026-04-13,2026-04-14,0
ck_206bc47d36e18ac8,2025-12-27 13:17:34,2026-04-13,2026-04-14,0
ck_236417cd7b8df4e2,2026-02-13 20:36:39,2026-04-13,2026-04-14,1
ck_191ff9f135ce8a66,2025-11-13 14:03:58,2026-04-13,2026-04-14,0
ck_32336f1cd3cc45e0,2025-11-29 08:23:35,2026-04-13,2026-04-14,0
ck_443e7647258d4670,2026-01-03 03:17:05,2026-04-13,2026-04-14,0
ck_bfca1584f76bb82c,2025-12-29 10:18:23,2026-04-13,2026-04-14,0
ck_d29457cf6fab3534,2026-01-24 04:47:16,2026-04-13,2026-04-14,0
ck_c833d8404f0e7c9e,2026-02-18 17:08:08,2026-04-13,2026-04-14,0
ck_8519f4bccee6ca5d,2026-01-05 08:22:16,2026-04-13,2026-04-14,0
ck_2d772975821ed072,2026-03-01 02:04:06,2026-04-13,2026-04-14,0
ck_9091d509b87952bf,2025-12-30 20:19:32,2026-04-13,2026-04-14,0
ck_c8bf04b5ee7a3134,2026-03-22 22:53:09,2026-04-13,2026-04-14,0
ck_a23ab81e69fa7c83,2025-11-17 19:00:48,2026-04-13,2026-04-14,0
ck_d849b1ec07e04ab1,2026-03-02 20:13:47,2026-04-13,2026-04-14,0
ck_71500a280a9aea81,2025-11-24 12:02:57,2026-04-13,2026-04-14,0
ck_291ad9433f2b1a83,2025-11-19 14:52:07,2026-04-13,2026-04-14,0
ck_81282268a9234696,2026-01-27 15:17:08,2026-04-13,2026-04-14,0
ck_8c82826ff840c64d,2025-12-24 15:20:47,2026-04-13,2026-04-14,0
ck_9f8ff49471a9d673,2026-03-03 22:56:03,2026-04-13,2026-04-14,0
ck_cfd915fa064c2edf,2026-04-03 06:02:00,2026-04-13,2026-04-14,0
ck_6285638920f8f86a,2026-04-11 07:41:10,2026-04-13,2026-04-14,0
ck_62de08631948aa38,2025-02-17 02:04:34,2026-04-13,2026-04-14,0
ck_e47d3b4a31a609a1,2026-02-16 21:01:29,2026-04-13,2026-04-14,0
ck_08b654004584cf68,2025-12-06 07:41:32,2026-04-13,2026-04-14,0
ck_3f2e209675ab66b8,2026-02-16 01:13:15,2026-04-13,2026-04-14,0
ck_3124f2aab51ea1db,2026-02-28 05:47:23,2026-04-13,2026-04-14,0
ck_e9bdd55d0288d41a,2026-04-08 10:12:50,2026-04-13,2026-04-14,0
ck_e74bde9774bc59d6,2026-04-12 21:50:29,2026-04-13,2026-04-14,0
ck_cf1a38f97fbcc2ba,2026-01-12 10:24:15,2026-04-13,2026-04-14,0
ck_8cabc966ab1ec35b,2026-02-21 00:58:48,2026-04-13,2026-04-14,0
ck_65ddc0f1594ddbee,2026-01-09 05:45:43,2026-04-13,2026-04-14,0
ck_7b8bd3cc475b31da,2026-03-16 16:41:53,2026-04-13,2026-04-14,0
ck_5415b9fee7cdf992,2025-12-28 06:43:57,2026-04-13,2026-04-14,0
ck_05a29aa728a933c7,2025-11-17 02:10:28,2026-04-13,2026-04-14,0
ck_cf609dd183d35556,2025-09-08 09:03:41,2026-04-13,2026-04-14,0
ck_fbe4504a3751fa27,2025-12-21 11:04:59,2026-04-13,2026-04-14,0
ck_1cdc5bad8a070c2f,2025-05-30 03:05:20,2026-04-13,2026-04-14,0
ck_db6b001a628caa43,2026-04-08 05:01:56,2026-04-13,2026-04-14,0
ck_23d12b73918a7398,2025-06-08 04:29:42,2026-04-13,2026-04-14,0
ck_2b33bbba9149d9a0,2025-10-18 03:08:56,2026-04-13,2026-04-14,0
ck_21e8091daa2763d0,2026-02-04 16:49:57,2026-04-13,2026-04-14,0
ck_60d530e7325c853b,2025-11-11 16:35:23,2026-04-13,2026-04-14,0
ck_71640e5030f0a218,2025-12-16 02:21:42,2026-04-13,2026-04-14,0
ck_445f26cc90df351b,2026-04-12 10:50:50,2026-04-13,2026-04-14,0
ck_c0f871bdf733bfa3,2026-04-12 18:59:49,2026-04-13,2026-04-14,0
ck_af1dd87c5c73403a,2026-03-28 08:01:25,2026-04-13,2026-04-14,0
ck_d14ff04fa9b55081,2026-04-11 05:51:08,2026-04-13,2026-04-14,0
ck_6c47803f6bb884fc,2025-11-24 17:54:04,2026-04-13,2026-04-14,0
ck_62de81901701dd13,2025-11-24 21:01:19,2026-04-13,2026-04-14,0
ck_68f08e620a81715c,2025-11-15 03:30:52,2026-04-13,2026-04-14,0
ck_bb9f60f27859ff56,2025-12-14 09:38:19,2026-04-13,2026-04-14,0
ck_5743d50d64466f9d,2026-01-05 18:10:02,2026-04-13,2026-04-14,0
ck_fbabc024941df89a,2026-04-08 22:51:36,2026-04-13,2026-04-14,0
ck_8b3d367aaae722e8,2026-04-12 17:01:30,2026-04-13,2026-04-14,0
ck_1b80d8db4c8e7cc3,2026-04-11 08:18:30,2026-04-13,2026-04-14,1
ck_c460d5dc8ccb835b,2026-04-12 20:41:23,2026-04-13,2026-04-14,0
ck_414ee5ee1d3f8fee,2026-02-13 11:52:20,2026-04-13,2026-04-14,0
ck_083951c0c3a5ef58,2026-03-24 05:05:13,2026-04-13,2026-04-14,1
ck_52b3735289bed064,2026-01-08 14:21:12,2026-04-13,2026-04-14,0
ck_2308673da9ecc6f4,2026-02-27 09:46:59,2026-04-13,2026-04-14,0
ck_170fdaff46aeb2bf,2025-12-24 01:31:32,2026-04-13,2026-04-14,0
ck_826f9583fa661099,2026-01-28 03:38:09,2026-04-13,2026-04-14,0
ck_ef6494d59e21a827,2025-12-13 01:52:40,2026-04-13,2026-04-14,0
ck_0fd1ad917e41b7a7,2026-03-11 08:16:07,2026-04-13,2026-04-14,0
ck_e2f0810f1555b4c2,2025-12-22 01:40:26,2026-04-13,2026-04-14,0
ck_5e76c7002c8e8263,2026-04-12 19:32:36,2026-04-13,2026-04-14,0
ck_77db8c259e9d92a9,2026-04-01 05:30:37,2026-04-13,2026-04-14,0
ck_8dfc0346f3c8ad59,2026-03-18 01:22:21,2026-04-13,2026-04-14,0
ck_df123903fa1dd8d4,2026-04-11 10:09:43,2026-04-13,2026-04-14,0
ck_8dd673d14f80c4ce,2026-04-10 17:10:39,2026-04-13,2026-04-14,0
ck_d6efb0ed2af86270,2026-02-14 00:35:16,2026-04-13,2026-04-14,0
ck_ec4607f4f7fd083f,2025-11-25 16:49:09,2026-04-13,2026-04-14,0
ck_97265605ad357639,2026-03-21 19:30:53,2026-04-13,2026-04-14,0
ck_8c30e1d71d8a7f55,2026-02-22 14:55:38,2026-04-13,2026-04-14,0
ck_ab471ef934f76e18,2026-02-23 21:40:07,2026-04-13,2026-04-14,0
ck_d867f83839b31418,2026-04-12 09:25:17,2026-04-13,2026-04-14,0
ck_d1fc1faf36391e6d,2025-12-23 02:13:30,2026-04-13,2026-04-14,0
ck_b94c56a4c40acb7a,2026-04-10 09:37:23,2026-04-13,2026-04-14,0
ck_91311cbb9df588ce,2026-01-26 19:08:27,2026-04-13,2026-04-14,0
ck_83149e2092ca9c87,2025-11-25 05:16:24,2026-04-13,2026-04-14,0
ck_7efebe3e111165a7,2026-01-31 04:44:40,2026-04-13,2026-04-14,0
ck_c04be21eb40dd69d,2026-04-12 16:49:24,2026-04-13,2026-04-14,0
ck_0b8add9f5ad25836,2026-04-12 09:52:12,2026-04-13,2026-04-14,0
ck_1f694c620cd47b80,2026-01-02 18:04:22,2026-04-13,2026-04-14,0
ck_4be48135b8c29925,2026-04-04 05:16:39,2026-04-13,2026-04-14,0
ck_d9d4d1fd77fc9c21,2026-04-12 09:58:59,2026-04-13,2026-04-14,0
ck_4a7836249113293d,2026-04-11 02:57:36,2026-04-13,2026-04-14,0
ck_b7f9acc810b5c7f3,2026-03-23 22:59:24,2026-04-13,2026-04-14,0
ck_0cafc9ed94f6b659,2026-04-12 03:58:07,2026-04-13,2026-04-14,0
ck_23cc6577ffc4cc30,2026-02-26 14:05:56,2026-04-13,2026-04-14,0
ck_b1c3dbac93946d0f,2026-01-15 08:06:48,2026-04-13,2026-04-14,0
ck_749a72dba5246a31,2025-07-08 15:04:28,2026-04-13,2026-04-14,0
ck_a3d407202a778688,2026-02-17 17:39:14,2026-04-13,2026-04-14,0
ck_f3d502d64b63ed5c,2025-12-11 22:05:10,2026-04-13,2026-04-14,0
ck_9872bf8fcb63eff1,2026-04-11 22:12:04,2026-04-13,2026-04-14,0
ck_3de58bb881af9b79,2026-01-10 05:49:45,2026-04-13,2026-04-14,0
ck_e8ce96c63facbe9e,2026-03-22 08:45:54,2026-04-13,2026-04-14,0
ck_0e7634c403dada74,2026-04-12 06:46:28,2026-04-13,2026-04-14,1
ck_5b02243a462b8465,2026-03-08 04:05:26,2026-04-13,2026-04-14,0
ck_d4ac81e23949466f,2026-01-02 08:03:22,2026-04-13,2026-04-14,0
ck_bbaca5f5f9c82eeb,2026-04-11 22:11:31,2026-04-13,2026-04-14,0
ck_985ae851040a14d1,2026-03-01 14:53:49,2026-04-13,2026-04-14,0
ck_c1f93358022fbf60,2026-02-02 08:06:34,2026-04-13,2026-04-14,0
ck_64bd761cfad1134f,2026-01-20 07:01:56,2026-04-13,2026-04-14,0
ck_84384a97857ee9c7,2025-08-22 12:16:42,2026-04-13,2026-04-14,0
ck_d8cf9e9cb710a8bc,2026-04-11 22:27:56,2026-04-13,2026-04-14,0
ck_22e215a44900467a,2026-03-06 23:32:17,2026-04-13,2026-04-14,0
ck_b87893c22d5545d8,2026-04-10 05:39:45,2026-04-13,2026-04-14,0
ck_d208fcb57f9d6ece,2025-12-22 22:29:29,2026-04-13,2026-04-14,0
ck_92c7ae33b53c59e4,2026-03-18 12:05:07,2026-04-13,2026-04-14,0
ck_d752aea5845a1c87,2026-03-23 09:57:38,2026-04-13,2026-04-14,0
ck_ceaef25cdb4c03d7,2026-02-22 00:39:08,2026-04-13,2026-04-14,0
ck_3c735f22102fd78f,2026-04-12 15:21:50,2026-04-13,2026-04-14,1
ck_a856e78166e86a83,2026-04-11 15:24:18,2026-04-13,2026-04-14,0
ck_39c00b2d26ca87c2,2026-04-09 08:02:22,2026-04-13,2026-04-14,0
ck_eec0a9dfdf83db78,2025-11-24 19:08:08,2026-04-13,2026-04-14,0
ck_f1a360d69d9fa120,2026-03-16 13:47:37,2026-04-13,2026-04-14,0
ck_23aef62748b69560,2026-02-07 20:17:56,2026-04-13,2026-04-14,0
ck_84cd7b8035c9caf3,2026-01-24 05:47:41,2026-04-13,2026-04-14,0
ck_52a59d2edc034ffd,2026-03-21 03:14:58,2026-04-13,2026-04-14,0
ck_a6cb3cec57b92133,2026-03-27 16:01:58,2026-04-13,2026-04-14,0
ck_42795e748a110044,2026-02-11 10:53:59,2026-04-13,2026-04-14,0
ck_4b621cfb6259c7fd,2025-11-04 12:35:01,2026-04-13,2026-04-14,0
ck_b96a4c730bd43177,2026-01-18 06:39:14,2026-04-13,2026-04-14,0
ck_3de52eebde5b121b,2026-02-14 16:41:44,2026-04-13,2026-04-14,0
ck_0b58958851d1d30c,2026-04-12 21:43:04,2026-04-13,2026-04-14,1
ck_df03afce252ca82c,2025-09-06 17:35:53,2026-04-13,2026-04-14,0
ck_0b8d682d3a58c7b0,2026-03-30 10:21:20,2026-04-13,2026-04-14,0
ck_c770dbc320229269,2026-01-29 16:31:29,2026-04-13,2026-04-14,0
ck_05aceb3964905dbe,2026-04-11 18:43:27,2026-04-13,2026-04-14,0
ck_987a4e86a7ea26b9,2025-12-07 05:05:04,2026-04-13,2026-04-14,0
ck_8eb55ac3c9bf411f,2025-12-10 14:04:49,2026-04-13,2026-04-14,0
ck_099610768d5c996c,2026-04-12 10:57:28,2026-04-13,2026-04-14,0
ck_e3268d49cac9246a,2026-02-22 21:40:26,2026-04-13,2026-04-14,0
ck_463fade19ad3dbed,2026-01-25 05:52:27,2026-04-13,2026-04-14,0
ck_085c310833e9ec85,2025-12-22 00:12:52,2026-04-13,2026-04-14,0
ck_719d30b78dba8b5c,2025-10-04 16:11:18,2026-04-13,2026-04-14,1
ck_c9a5cadf2c42cdbd,2026-01-30 02:01:17,2026-04-13,2026-04-14,0
ck_a8bca29aea1ce07e,2025-11-16 00:20:21,2026-04-13,2026-04-14,0
ck_d028a011fb876189,2026-02-10 16:22:01,2026-04-13,2026-04-14,0
ck_014108d4ca959a1a,2026-01-22 05:30:18,2026-04-13,2026-04-14,0
ck_fe95dd5bbf9e5bad,2026-02-04 04:26:30,2026-04-13,2026-04-14,0
ck_876ecb084c9f77a4,2026-04-11 17:51:23,2026-04-13,2026-04-14,0
ck_2b2257a0f137306c,2026-02-22 21:33:15,2026-04-13,2026-04-14,0
ck_136a2d30f49c1acd,2025-11-09 09:52:39,2026-04-13,2026-04-14,0
ck_aa061ef3fb3e7c50,2026-01-07 10:56:07,2026-04-13,2026-04-14,0
ck_9c03329cd4af9877,2026-02-18 15:17:36,2026-04-13,2026-04-14,0
ck_cff669e3eb4ca07f,2026-03-22 23:16:44,2026-04-13,2026-04-14,1
ck_4603dcd0508547ab,2026-04-12 12:56:49,2026-04-13,2026-04-14,0
ck_fad05dddf69b6701,2026-01-03 07:28:13,2026-04-13,2026-04-14,0
ck_c971dc619203dd45,2026-02-25 15:40:18,2026-04-13,2026-04-14,0
ck_3a9426e53851e21f,2026-03-20 13:32:51,2026-04-13,2026-04-14,0
ck_3dfef858ebe96ec4,2026-02-10 04:49:40,2026-04-13,2026-04-14,0
ck_1a276066962f72ae,2025-11-09 20:36:41,2026-04-13,2026-04-14,0
ck_5169bd0345e95a1a,2025-12-22 00:46:51,2026-04-13,2026-04-14,0
ck_851f9a6fcf753490,2025-10-25 15:10:22,2026-04-13,2026-04-14,0
ck_fbb7657fc4c5c4a0,2026-03-06 13:37:13,2026-04-13,2026-04-14,0
ck_01e1cf9dcad46153,2026-04-12 16:32:35,2026-04-13,2026-04-14,0
ck_13a0e3276faec9da,2026-02-16 20:12:11,2026-04-13,2026-04-14,0
ck_1b7b7fec6ac50fd9,2026-01-21 08:37:47,2026-04-13,2026-04-14,0
ck_bb24de314fee29d4,2025-12-03 06:31:41,2026-04-13,2026-04-14,1
ck_70146f07083e1408,2025-12-21 02:27:04,2026-04-13,2026-04-14,0
ck_937435b7d46d60fe,2026-04-12 00:10:39,2026-04-13,2026-04-14,0
ck_a456691865600117,2026-01-21 03:39:09,2026-04-13,2026-04-14,0
ck_63ddd075b2d1daa2,2025-11-19 06:01:25,2026-04-13,2026-04-14,0
ck_d8cd050053ede4df,2026-04-01 19:35:45,2026-04-13,2026-04-14,0
ck_04c6857ae8bd7da2,2025-06-29 16:10:48,2026-04-13,2026-04-14,0
ck_9b2f90a1f23853fa,2026-02-26 15:47:03,2026-04-13,2026-04-14,0
ck_08077e7333abf471,2026-02-26 05:11:00,2026-04-13,2026-04-14,0
ck_f315f2c6df3637f8,2026-04-12 08:13:27,2026-04-13,2026-04-14,0
ck_7f60c9bb4fcbb5bb,2025-12-03 12:30:21,2026-04-13,2026-04-14,0
ck_ef0a94189a98ffbe,2025-11-25 18:43:52,2026-04-13,2026-04-14,0
ck_cedd17b2dc96fbc2,2025-12-21 22:31:28,2026-04-13,2026-04-14,0
ck_266d7c7cddd93b3e,2025-08-13 10:13:21,2026-04-13,2026-04-14,0
ck_889a08aaa4f1b00a,2025-08-06 14:24:17,2026-04-13,2026-04-14,0
ck_d9178140006a5164,2025-08-11 01:26:53,2026-04-13,2026-04-14,0
ck_8a9f03b826130e40,2026-04-12 09:28:01,2026-04-13,2026-04-14,0
ck_09765119ee9ca37a,2025-11-24 01:42:33,2026-04-13,2026-04-14,0
ck_4f70ec652a0ceaf7,2026-03-11 01:29:23,2026-04-13,2026-04-14,0
ck_1309527184e3cfa9,2026-04-12 15:31:17,2026-04-13,2026-04-14,0
ck_e09fb6bb2813c73c,2026-04-12 21:49:34,2026-04-13,2026-04-14,0
ck_62e3365f5096032b,2026-04-11 12:20:11,2026-04-13,2026-04-14,1
ck_b69085d042f52219,2025-09-26 20:12:32,2026-04-13,2026-04-14,0
ck_93dfe77ff47b93b0,2026-02-05 22:26:11,2026-04-13,2026-04-14,0
ck_e84ec60bf0bda3ac,2026-03-07 15:40:53,2026-04-13,2026-04-14,0
ck_e7111094cddd1887,2026-03-24 01:18:32,2026-04-13,2026-04-14,0
ck_a6c191e7cbf8e984,2026-02-26 01:20:53,2026-04-13,2026-04-14,1
ck_b4b5bc5e277ceb51,2025-11-21 19:45:40,2026-04-13,2026-04-14,0
ck_43e9041cddea30b6,2026-04-11 15:35:56,2026-04-13,2026-04-14,0
ck_aacdbf47aa9a639f,2026-02-04 13:43:36,2026-04-13,2026-04-14,0
ck_f464aa12ae69d125,2026-02-11 09:40:58,2026-04-13,2026-04-14,0
ck_4d2341e9373fe50d,2026-04-11 12:04:21,2026-04-13,2026-04-14,0
ck_4b77a4330585f441,2026-04-11 23:51:24,2026-04-13,2026-04-14,0
ck_b744c08f5c60868c,2026-02-09 03:44:53,2026-04-13,2026-04-14,0
ck_26cddcbf211f97a3,2026-04-12 13:00:54,2026-04-13,2026-04-14,0
ck_dae77cc077683f4f,2026-03-01 19:20:52,2026-04-13,2026-04-14,0
ck_6a5d7b40399d3204,2026-04-10 02:02:27,2026-04-13,2026-04-14,0
ck_fdc84bec9b5e9890,2026-01-29 14:12:39,2026-04-13,2026-04-14,1
ck_89b1789d3d0b5c1e,2026-02-01 02:27:28,2026-04-13,2026-04-14,0
ck_0bb0abe904d682ab,2025-10-04 18:17:44,2026-04-13,2026-04-14,0
ck_4faebd8a7036713e,2026-04-12 13:40:15,2026-04-13,2026-04-14,0
ck_644e8dbc0d4ec8ea,2025-11-07 21:22:56,2026-04-13,2026-04-14,0
ck_16ad474f02026715,2026-04-12 11:29:24,2026-04-13,2026-04-14,0
ck_2a018ba31cc2ec43,2026-02-18 06:27:33,2026-04-13,2026-04-14,0
ck_b30775d64f3b7496,2026-04-01 09:59:18,2026-04-13,2026-04-14,0
ck_da9b137365a4915a,2026-01-15 08:13:13,2026-04-13,2026-04-14,0
ck_deb870dfdc7e3f90,2026-01-15 05:53:21,2026-04-13,2026-04-14,0
ck_34dc78596cea3d08,2025-10-16 12:17:41,2026-04-13,2026-04-14,1
ck_a490e181b9c08dd6,2026-01-08 04:02:16,2026-04-13,2026-04-14,0
ck_5ee663ddab0d79a0,2025-12-08 23:22:30,2026-04-13,2026-04-14,0
ck_4c705b9253c54cbf,2025-11-04 07:46:31,2026-04-13,2026-04-14,0
ck_d7353f2eedc3b031,2026-03-23 16:50:46,2026-04-13,2026-04-14,0
ck_4f1496659891b976,2026-04-11 04:54:54,2026-04-13,2026-04-14,0
ck_4ab085ef4f2b285d,2026-01-01 19:09:56,2026-04-13,2026-04-14,0
ck_f42b65917c2d3ce4,2025-05-15 09:05:04,2026-04-13,2026-04-14,0
ck_03af300b2ba6fbe6,2026-03-13 01:39:04,2026-04-13,2026-04-14,0
ck_715c4994a60bc193,2026-04-12 06:04:31,2026-04-13,2026-04-14,0
ck_38b93307906aa2e4,2025-12-27 13:32:27,2026-04-13,2026-04-14,1
ck_9c49cc857f60e926,2025-10-07 07:22:57,2026-04-13,2026-04-14,0
ck_cca4d776730daa13,2025-10-15 21:53:46,2026-04-13,2026-04-14,0
ck_dc9fba60fc9f640e,2025-12-13 02:39:02,2026-04-13,2026-04-14,0
ck_28c310553b912f40,2026-02-18 05:33:42,2026-04-13,2026-04-14,0
ck_866dfa54e20ee6da,2026-02-09 03:48:12,2026-04-13,2026-04-14,0
ck_7083f4eb1f46806d,2026-03-03 14:12:53,2026-04-13,2026-04-14,0
ck_9302a9a6507d499f,2025-10-26 21:16:44,2026-04-13,2026-04-14,0
ck_89eb7b427d11109a,2026-01-28 07:35:13,2026-04-13,2026-04-14,0
ck_cb3ee3873f87c78e,2026-02-28 22:28:39,2026-04-13,2026-04-14,0
ck_10bae9d1123c86c8,2026-03-27 01:52:02,2026-04-13,2026-04-14,0
ck_09a8027008a9e4a2,2025-09-21 21:07:51,2026-04-13,2026-04-14,0
ck_9a2dc6eb74f1d1e6,2025-11-22 01:14:28,2026-04-13,2026-04-14,0
ck_116a1d84cdc7b7f2,2025-10-17 01:15:54,2026-04-13,2026-04-14,0
ck_ebc2cdd8c45fa7bd,2025-12-20 08:03:59,2026-04-13,2026-04-14,0
ck_3e47276cd03cfa10,2025-11-07 11:13:30,2026-04-13,2026-04-14,0
ck_1d10796bbf849631,2026-04-12 04:45:03,2026-04-13,2026-04-14,0
ck_30ebc10920f3213c,2026-04-11 09:11:36,2026-04-13,2026-04-14,0
ck_51bd1882e2b1531a,2026-02-24 20:53:37,2026-04-13,2026-04-14,0
ck_fd8715c70b41df4e,2026-02-22 12:44:29,2026-04-13,2026-04-14,0
ck_41be9f1ae908ecf2,2026-04-08 11:15:02,2026-04-13,2026-04-14,0
ck_bc5c11a5a4e97924,2026-04-12 08:53:32,2026-04-13,2026-04-14,0
ck_8472f721d77479f8,2026-03-20 06:37:47,2026-04-13,2026-04-14,0
ck_a685818756784fa4,2025-12-24 03:57:43,2026-04-13,2026-04-14,0
ck_9b0253de2485c603,2025-12-11 22:50:16,2026-04-13,2026-04-14,0
ck_e3bd63c0946cc79f,2026-01-17 15:18:46,2026-04-13,2026-04-14,0
ck_10d0ac1962fe2845,2026-01-22 00:18:52,2026-04-13,2026-04-14,0
ck_fbbaf769e7c9dd24,2025-12-22 07:59:03,2026-04-13,2026-04-14,0
ck_00fc4e4bf18b0742,2026-02-13 10:08:22,2026-04-13,2026-04-14,0
ck_a137769490109173,2026-02-09 12:52:50,2026-04-13,2026-04-14,1
ck_0fae4280b838f4c3,2026-02-02 16:15:51,2026-04-13,2026-04-14,0
ck_7673ab32e3672d29,2026-02-18 06:59:26,2026-04-13,2026-04-14,0
ck_01ff70d3f7ab6178,2026-01-26 18:43:11,2026-04-13,2026-04-14,0
ck_ae1607d749ca55e3,2026-04-08 20:54:03,2026-04-13,2026-04-14,1
ck_6247bf924b07362a,2025-12-01 21:23:19,2026-04-13,2026-04-14,0
ck_753a4e6429d43788,2026-03-29 17:32:14,2026-04-13,2026-04-14,0
ck_6c230a1a99da2f38,2025-12-12 11:33:51,2026-04-13,2026-04-14,0
ck_16d8b7bdadcab77c,2026-03-23 07:57:28,2026-04-13,2026-04-14,0
ck_b724c312526546ca,2026-02-12 19:31:40,2026-04-13,2026-04-14,0
ck_cc9142f3cd5557b4,2025-12-03 12:38:24,2026-04-13,2026-04-14,0
ck_f12f9bd70f2cbbda,2026-04-12 11:19:11,2026-04-13,2026-04-14,0
ck_d0d318e0b0fb25f0,2025-04-06 16:12:56,2026-04-13,2026-04-14,0
ck_1c3900fef381cafd,2026-04-11 02:04:56,2026-04-13,2026-04-14,0
ck_4c223c43f7107bce,2026-01-20 15:26:51,2026-04-13,2026-04-14,0
ck_4ac094fe4661df52,2026-02-15 17:42:10,2026-04-13,2026-04-14,0
ck_d2af8581ce9a6268,2026-01-28 05:02:55,2026-04-13,2026-04-14,0
ck_b9841c3ef61318e5,2025-12-26 10:14:48,2026-04-13,2026-04-14,0
ck_bc022b2af83ed9af,2026-01-29 09:31:34,2026-04-13,2026-04-14,0
ck_e685865a0d96cde3,2026-04-10 07:43:07,2026-04-13,2026-04-14,0
ck_41cc84529ef926ae,2026-01-10 17:57:31,2026-04-13,2026-04-14,0
ck_eac25400c37f6ffd,2026-04-11 05:50:51,2026-04-13,2026-04-14,0
ck_c93647c553993dc5,2025-11-04 06:24:39,2026-04-13,2026-04-14,0
ck_d274382b19488771,2025-12-16 02:45:12,2026-04-13,2026-04-14,0
ck_f0f7f9f7e4b6f068,2026-04-12 13:42:23,2026-04-13,2026-04-14,0
ck_44488aee8b9bfb79,2026-02-21 14:27:46,2026-04-13,2026-04-14,0
ck_b76577cd4476513c,2025-10-16 18:42:02,2026-04-13,2026-04-14,0
ck_82be9650d12d1011,2025-12-12 19:41:21,2026-04-13,2026-04-14,0
ck_b16a960cd6f59137,2026-01-14 01:14:39,2026-04-13,2026-04-14,0
ck_a947e5005804b8cd,2026-03-06 13:47:19,2026-04-13,2026-04-14,0
ck_8fe64110de14de7a,2025-11-15 22:02:29,2026-04-13,2026-04-14,0
ck_579d6c88735adc2c,2026-02-04 22:52:28,2026-04-13,2026-04-14,0
ck_353a37919fc0a751,2026-02-03 18:22:37,2026-04-13,2026-04-14,0
ck_5fec2d8f9bfa26c5,2026-04-12 03:39:57,2026-04-13,2026-04-14,1
ck_866bcbef2e9ab14f,2026-01-23 23:01:29,2026-04-13,2026-04-14,0
ck_a8ee9b23f43520e5,2026-04-09 11:09:32,2026-04-13,2026-04-14,0
ck_1f8a14ac81722dab,2025-12-23 12:33:37,2026-04-13,2026-04-14,0
ck_1be1eb300a3d2704,2026-03-04 03:08:15,2026-04-13,2026-04-14,0
ck_020cec00cd7cd69e,2025-12-02 22:21:09,2026-04-13,2026-04-14,0
ck_20c5b7e4af6583c2,2026-01-27 07:50:06,2026-04-13,2026-04-14,0
ck_7e7cb6229db64665,2026-02-05 02:44:59,2026-04-13,2026-04-14,0
ck_5bee3fd5d2e921a2,2026-04-12 07:47:23,2026-04-13,2026-04-14,0
ck_5c45cd9a183bdb27,2025-12-08 20:12:35,2026-04-13,2026-04-14,0
ck_b3066e725d0f80f6,2025-12-29 08:36:39,2026-04-13,2026-04-14,0
ck_d949a2b73923fce0,2026-02-27 13:21:38,2026-04-13,2026-04-14,0
ck_55eaa8487d4210e7,2025-12-30 11:21:36,2026-04-13,2026-04-14,0
ck_22ec4a22942c57f3,2026-04-10 14:12:13,2026-04-13,2026-04-14,0
ck_779c3b20f53167fc,2025-12-23 02:33:15,2026-04-13,2026-04-14,0
ck_d39c2719fd8de098,2025-11-05 20:19:38,2026-04-13,2026-04-14,0
ck_aba91fe84ef5b0df,2026-02-12 19:41:05,2026-04-13,2026-04-14,0
ck_68539552caf84459,2026-01-08 11:27:01,2026-04-13,2026-04-14,0
ck_d2d48e9f1fd4649f,2026-02-22 00:41:46,2026-04-13,2026-04-14,0
ck_734e3503c2dd5c14,2025-11-30 22:57:00,2026-04-13,2026-04-14,0
ck_39160706a834759d,2026-04-03 23:50:35,2026-04-13,2026-04-14,0
ck_cf37fd1df209e642,2026-03-22 14:15:38,2026-04-13,2026-04-14,0
ck_7f28297cfa7cd393,2026-03-23 18:06:44,2026-04-13,2026-04-14,0
ck_1c5e390476ca993c,2026-02-16 05:45:37,2026-04-13,2026-04-14,0
ck_cdd002ed37c3e5ee,2026-03-08 06:13:19,2026-04-13,2026-04-14,0
ck_78efddba0b9bc34d,2025-06-24 00:48:16,2026-04-13,2026-04-14,0
ck_ea51b051e74eeee6,2025-11-16 02:09:01,2026-04-13,2026-04-14,0
ck_4997f073d6b0fd97,2026-03-31 15:15:24,2026-04-13,2026-04-14,0
ck_99144ec124b5f7e5,2026-02-27 05:18:04,2026-04-13,2026-04-14,0
ck_af34ed2cdf5c356a,2025-11-25 07:37:56,2026-04-13,2026-04-14,1
ck_70701b5a7c629c79,2025-12-07 06:40:10,2026-04-13,2026-04-14,0
ck_df5f16e03f953e6d,2025-12-06 21:19:31,2026-04-13,2026-04-14,0
ck_b9a0d17c59eb26bb,2026-03-24 00:32:48,2026-04-13,2026-04-14,0
ck_39cc11f14072ce38,2026-04-12 16:11:01,2026-04-13,2026-04-14,0
ck_a01a834f93f382d2,2025-11-30 19:46:51,2026-04-13,2026-04-14,0
ck_bb2e35e01b5f5a39,2025-11-25 00:30:43,2026-04-13,2026-04-14,0
ck_d0c48fa7508fe84f,2026-01-02 21:56:30,2026-04-13,2026-04-14,0
ck_b31fa9a0b7f16a87,2026-01-21 16:31:11,2026-04-13,2026-04-14,0
ck_6eaffd579a4c9cb0,2025-10-29 16:49:18,2026-04-13,2026-04-14,0
ck_c9fedcde744ad6cf,2026-01-22 23:53:34,2026-04-13,2026-04-14,0
ck_280cbff3e4b97fdf,2026-03-03 09:41:00,2026-04-13,2026-04-14,0
ck_f7828edc1b4d75bd,2025-12-20 09:38:04,2026-04-13,2026-04-14,0
ck_af8670a0ea348035,2025-12-16 12:43:41,2026-04-13,2026-04-14,0
ck_3ef3ec88d2fa347b,2026-02-03 10:24:02,2026-04-13,2026-04-14,0
ck_ccdbfcc1694c6cbe,2026-02-23 07:38:41,2026-04-13,2026-04-14,1
ck_bdaabf9d5ea08e6f,2026-01-05 10:52:20,2026-04-13,2026-04-14,0
ck_ada534a3dba6c624,2026-04-08 04:44:04,2026-04-13,2026-04-14,0
ck_a04466f511ee1f55,2025-12-14 22:37:07,2026-04-13,2026-04-14,0
ck_e1515806d35ef739,2026-02-26 00:41:44,2026-04-13,2026-04-14,0
ck_577c77c90306b66c,2026-02-11 09:48:37,2026-04-13,2026-04-14,0
ck_33a8fe3bfbd672e5,2026-03-18 16:47:26,2026-04-13,2026-04-14,0
ck_4e71993dd0190148,2025-11-16 17:05:38,2026-04-13,2026-04-14,0
ck_1019b020319f9156,2026-04-12 10:25:06,2026-04-13,2026-04-14,0
ck_d2a0f830850cc421,2026-04-12 05:36:22,2026-04-13,2026-04-14,1
ck_6a16e62f730becdc,2026-04-11 17:14:27,2026-04-13,2026-04-14,0
ck_9d2feff0a5d23a53,2026-01-10 07:54:19,2026-04-13,2026-04-14,0
ck_cc66ded4ee26d8ed,2026-01-08 06:27:54,2026-04-13,2026-04-14,0
ck_ca67c8f4d41770cb,2026-04-12 12:25:20,2026-04-13,2026-04-14,0
ck_5bf602178ef55cdf,2026-04-11 20:34:18,2026-04-13,2026-04-14,0
ck_7dc7ec9c8ec71b9f,2025-11-26 04:53:36,2026-04-13,2026-04-14,0
ck_2070cbe2902403c1,2025-12-10 18:04:21,2026-04-13,2026-04-14,0
ck_3073d6842d4baae6,2026-04-11 07:43:41,2026-04-13,2026-04-14,0
ck_8efd6b0141a03282,2026-04-12 16:42:07,2026-04-13,2026-04-14,0
ck_f1e67d1413873ef5,2026-04-12 20:13:01,2026-04-13,2026-04-14,0
ck_75245552cac92eac,2026-03-18 15:59:26,2026-04-13,2026-04-14,0
ck_6f2d7f7037d8f416,2025-11-01 13:28:02,2026-04-13,2026-04-14,0
ck_8a97850d66a8a3e1,2025-12-18 01:15:05,2026-04-13,2026-04-14,0
ck_cbc85aa5cb13f6c1,2026-03-27 11:03:21,2026-04-13,2026-04-14,0
ck_50c19550d084ccbb,2026-04-11 01:31:17,2026-04-13,2026-04-14,0
ck_37d99ec8005d1a28,2026-03-11 17:18:33,2026-04-13,2026-04-14,1
ck_20138e5dff1e1b28,2026-02-09 10:56:27,2026-04-13,2026-04-14,0
ck_a7aaaeb19e8617b0,2026-04-11 13:33:28,2026-04-13,2026-04-14,0
ck_2f86c45e522e6aa1,2026-04-11 06:26:10,2026-04-13,2026-04-14,1
ck_dafa33d55072a3ad,2025-12-22 10:04:36,2026-04-13,2026-04-14,0
ck_94bc26e5f1d74538,2026-04-11 10:21:08,2026-04-13,2026-04-14,0
ck_9f2706efa9b0143e,2026-03-16 14:01:06,2026-04-13,2026-04-14,0
ck_151cc1dfcf155202,2025-11-13 16:08:03,2026-04-13,2026-04-14,0
ck_9b4acf868c292096,2026-04-11 17:52:28,2026-04-13,2026-04-14,0
ck_cf3df2659f2c915f,2026-03-26 16:42:30,2026-04-13,2026-04-14,0
ck_2f11d6c863c4311d,2026-03-18 12:12:05,2026-04-13,2026-04-14,0
ck_2a50e86b8d929888,2026-04-12 23:59:48,2026-04-14,2026-04-15,0
ck_4981ca1c563f4fd6,2026-03-05 08:21:55,2026-04-14,2026-04-15,0
ck_67d4313ed2ed5d0d,2026-01-25 07:26:04,2026-04-14,2026-04-15,0
ck_a5d452dfc9ed5c9c,2026-01-02 12:35:27,2026-04-14,2026-04-15,0
ck_1bae08564d5296a0,2025-10-25 02:07:49,2026-04-14,2026-04-15,0
ck_3dc3c63f28ca1b3d,2026-03-08 12:12:10,2026-04-14,2026-04-15,0
ck_bd49fd4e2d27d531,2026-01-23 18:50:19,2026-04-14,2026-04-15,0
ck_d1d6b3720a55ae05,2025-12-17 08:03:49,2026-04-14,2026-04-15,0
ck_88bf0864408d4d1c,2026-02-03 04:02:43,2026-04-14,2026-04-15,0
ck_bcdde7a5085ae8a1,2025-07-09 05:36:59,2026-04-14,2026-04-15,0
ck_e2953eca4db8e4d6,2026-02-01 00:46:04,2026-04-14,2026-04-15,0
ck_849da768706d61f8,2025-11-25 16:11:27,2026-04-14,2026-04-15,0
ck_c3731e090129cbba,2025-07-30 01:23:15,2026-04-14,2026-04-15,0
ck_c10b84f7a36fa388,2026-02-18 21:24:37,2026-04-14,2026-04-15,0
ck_2b2433c64efb00f5,2026-01-19 06:31:45,2026-04-14,2026-04-15,0
ck_95736b6202cedd31,2025-12-25 12:41:22,2026-04-14,2026-04-15,0
ck_490c4a010d465949,2026-01-31 17:31:41,2026-04-14,2026-04-15,0
ck_6c3ca20881946607,2025-05-30 16:40:46,2026-04-14,2026-04-15,0
ck_0b4fc47b7335a97b,2025-12-06 13:28:25,2026-04-14,2026-04-15,0
ck_294654da5001d000,2026-01-14 03:20:06,2026-04-14,2026-04-15,0
ck_3055a3da997cd2d6,2026-01-18 14:19:07,2026-04-14,2026-04-15,0
ck_4e2163334fc842e8,2026-03-11 00:05:02,2026-04-14,2026-04-15,0
ck_ba3842f86741259a,2026-02-17 05:32:45,2026-04-14,2026-04-15,0
ck_cc00578f8ddf7b9b,2025-09-25 11:16:53,2026-04-14,2026-04-15,0
ck_d4d24abeb2a64b01,2026-02-17 10:28:48,2026-04-14,2026-04-15,0
ck_1db0935fb811a014,2026-03-03 04:59:13,2026-04-14,2026-04-15,0
ck_3bbbbff1920f8eb7,2025-11-17 04:03:54,2026-04-14,2026-04-15,0
ck_7e4b5ecef6d14fd1,2025-11-07 19:06:09,2026-04-14,2026-04-15,0
ck_dcfbf7afeb24a378,2026-04-13 16:01:53,2026-04-14,2026-04-15,0
ck_cfe5ec419e73dab5,2026-02-11 20:34:08,2026-04-14,2026-04-15,0
ck_aeb41b49f608678d,2026-04-11 15:04:01,2026-04-14,2026-04-15,1
ck_dc86e86bdb7f27ff,2026-03-02 00:39:13,2026-04-14,2026-04-15,0
ck_3d55e3518c38c589,2026-03-24 01:29:57,2026-04-14,2026-04-15,0
ck_a56e42e4ed68fadf,2026-04-12 21:29:10,2026-04-14,2026-04-15,0
ck_3867e54fdef9baed,2026-01-21 08:37:54,2026-04-14,2026-04-15,0
ck_8e3cae7b87e3c7ae,2025-12-31 15:29:45,2026-04-14,2026-04-15,1
ck_ac1623c38eef8e9f,2025-12-08 08:45:22,2026-04-14,2026-04-15,1
ck_fd53cc8ba35c6699,2026-02-11 19:30:40,2026-04-14,2026-04-15,0
ck_7b3d7202cf863fad,2026-01-15 08:48:09,2026-04-14,2026-04-15,0
ck_9f4966d5708a26cf,2026-02-02 19:26:10,2026-04-14,2026-04-15,0
ck_886603ee2b3490da,2026-02-05 04:39:20,2026-04-14,2026-04-15,0
ck_2d4ad773e0fe682e,2025-11-15 20:34:31,2026-04-14,2026-04-15,0
ck_f363e8c30dc452b6,2026-01-25 09:20:41,2026-04-14,2026-04-15,0
ck_d0b8f69035b36f6f,2025-11-26 10:30:41,2026-04-14,2026-04-15,0
ck_a71ab3eb376e96a7,2026-02-21 08:40:30,2026-04-14,2026-04-15,0
ck_bbd6db5a702a3794,2026-04-13 13:19:21,2026-04-14,2026-04-15,0
ck_567e49858817af94,2025-12-17 16:06:47,2026-04-14,2026-04-15,0
ck_10fe74f50d44f363,2026-02-04 05:42:42,2026-04-14,2026-04-15,0
ck_e48db097283b2b62,2026-02-09 20:24:09,2026-04-14,2026-04-15,1
ck_ded73e74f2d71b7b,2025-05-08 18:18:47,2026-04-14,2026-04-15,0
ck_11ddb07852da1a97,2025-11-05 06:11:57,2026-04-14,2026-04-15,0
ck_2d76adca793382b4,2026-04-13 08:10:46,2026-04-14,2026-04-15,1
ck_1c21ff1109b1012b,2026-03-17 08:58:43,2026-04-14,2026-04-15,0
ck_e9844d17d03b092c,2026-04-11 06:27:27,2026-04-14,2026-04-15,0
ck_3bcfe647b3354ca0,2025-11-18 05:58:49,2026-04-14,2026-04-15,0
ck_4411398cd8218618,2026-04-13 19:10:35,2026-04-14,2026-04-15,0
ck_f8c0c5bd0c4a0cb1,2026-03-05 13:16:25,2026-04-14,2026-04-15,0
ck_1f13626a30c22ddc,2026-04-13 10:41:39,2026-04-14,2026-04-15,0
ck_899532bf1b9572d7,2025-12-09 16:48:26,2026-04-14,2026-04-15,0
ck_407a7c6faaa691bb,2025-08-22 19:43:44,2026-04-14,2026-04-15,1
ck_c3db5413e4b93359,2026-04-13 03:20:47,2026-04-14,2026-04-15,0
ck_6681992a4474c13d,2026-03-06 13:51:32,2026-04-14,2026-04-15,0
ck_620d89e550fe20a2,2026-03-15 05:55:40,2026-04-14,2026-04-15,0
ck_d246c5760f6a1746,2026-01-16 10:36:05,2026-04-14,2026-04-15,0
ck_a94f615da9d8780c,2026-01-31 11:53:17,2026-04-14,2026-04-15,0
ck_ab6c12435fd6742a,2026-02-09 08:14:19,2026-04-14,2026-04-15,0
ck_b51709bac80fdcba,2025-11-03 19:44:22,2026-04-14,2026-04-15,0
ck_1f84c4458f9aadbb,2026-01-05 11:23:47,2026-04-14,2026-04-15,0
ck_76d0e33a31188fed,2026-04-13 15:48:45,2026-04-14,2026-04-15,0
ck_666b890415d530a2,2026-04-13 22:27:22,2026-04-14,2026-04-15,0
ck_1c5b380dd444f463,2026-04-13 12:03:32,2026-04-14,2026-04-15,0
ck_1b2d75e2c3244949,2025-11-28 01:30:40,2026-04-14,2026-04-15,0
ck_573b4fa8802528f7,2026-04-12 13:25:57,2026-04-14,2026-04-15,0
ck_46e577553e6db549,2026-04-13 07:07:39,2026-04-14,2026-04-15,0
ck_f4e98645fef47d7c,2025-10-25 11:18:18,2026-04-14,2026-04-15,0
ck_4b51f5e5b392d049,2026-04-13 00:33:44,2026-04-14,2026-04-15,1
ck_94c56312bde4b612,2025-11-10 09:37:00,2026-04-14,2026-04-15,0
ck_b8fdf2be75f214b7,2025-12-29 09:07:08,2026-04-14,2026-04-15,0
ck_aa6c5b71ec368d50,2026-02-07 23:08:38,2026-04-14,2026-04-15,0
ck_4b10d45bfb882bf3,2025-11-12 01:17:31,2026-04-14,2026-04-15,0
ck_888aa9a54e254b5e,2026-04-11 23:06:55,2026-04-14,2026-04-15,1
ck_19479039068f9c55,2025-11-28 21:58:46,2026-04-14,2026-04-15,0
ck_e4512f500811e425,2025-12-21 13:07:34,2026-04-14,2026-04-15,0
ck_9340db25a884ab74,2026-04-13 16:35:28,2026-04-14,2026-04-15,1
ck_6ce48c043ce2f694,2026-01-24 06:11:07,2026-04-14,2026-04-15,0
ck_485bdc0c26375e83,2026-01-26 09:48:12,2026-04-14,2026-04-15,0
ck_c6c42b5720946eac,2025-10-23 11:15:35,2026-04-14,2026-04-15,0
ck_0f0a0407fa011dc9,2026-02-19 00:21:39,2026-04-14,2026-04-15,1
ck_938feabd065d5928,2025-11-12 00:36:23,2026-04-14,2026-04-15,0
ck_173c2cfe4bdf6b4a,2026-01-03 22:52:26,2026-04-14,2026-04-15,0
ck_94ec35db3bc6e9c4,2025-12-06 08:41:19,2026-04-14,2026-04-15,0
ck_ce9a7492d3e38b3c,2026-04-12 20:32:55,2026-04-14,2026-04-15,0
ck_b9ee2bffe1ea3901,2026-02-18 01:23:28,2026-04-14,2026-04-15,0
ck_5651f17113596efc,2025-08-11 13:30:36,2026-04-14,2026-04-15,0
ck_b7ded588d2a0407c,2026-03-27 06:44:16,2026-04-14,2026-04-15,0
ck_eb0ceb7786ee672a,2025-07-01 14:47:03,2026-04-14,2026-04-15,0
ck_a6619576146d4ffe,2025-10-17 11:46:52,2026-04-14,2026-04-15,0
ck_ff8f4a9a7fc46d33,2026-02-01 16:08:44,2026-04-14,2026-04-15,0
ck_317a5ba3b725ea53,2026-02-27 10:07:54,2026-04-14,2026-04-15,0
ck_710739434c0420de,2026-02-11 09:39:47,2026-04-14,2026-04-15,0
ck_afd40956e5860e19,2025-11-01 11:14:47,2026-04-14,2026-04-15,0
ck_704e8a35abd8f655,2025-11-16 00:41:11,2026-04-14,2026-04-15,0
ck_0c20c9e78ae8e0d0,2025-12-25 20:57:27,2026-04-14,2026-04-15,0
ck_de613d62ce647ee0,2026-04-13 12:55:27,2026-04-14,2026-04-15,0
ck_747c28e6fd866879,2025-10-21 15:11:52,2026-04-14,2026-04-15,0
ck_7415e0a7692cca1e,2025-12-30 14:30:22,2026-04-14,2026-04-15,0
ck_df15374ac632e895,2026-03-06 03:37:48,2026-04-14,2026-04-15,0
ck_0cc451f0c781c99b,2026-04-13 03:03:07,2026-04-14,2026-04-15,0
ck_75d03d052037ab6d,2025-11-22 22:42:34,2026-04-14,2026-04-15,1
ck_cb29a13dc1a8ab19,2026-02-16 02:04:24,2026-04-14,2026-04-15,0
ck_30cccac2e74fe92a,2025-11-08 23:28:51,2026-04-14,2026-04-15,0
ck_2e8dceafabcac459,2026-04-13 05:33:44,2026-04-14,2026-04-15,0
ck_65a7cf0f11158044,2026-01-27 05:37:32,2026-04-14,2026-04-15,0
ck_b3642840943fe6b0,2026-03-01 15:28:11,2026-04-14,2026-04-15,0
ck_626460a9bbe318f7,2026-02-11 20:43:53,2026-04-14,2026-04-15,1
ck_5bff1d3d54a5a68d,2026-01-23 19:35:38,2026-04-14,2026-04-15,1
ck_236c6f666229431f,2026-04-10 20:51:49,2026-04-14,2026-04-15,1
ck_0fde0e0009050f0a,2026-02-27 09:43:28,2026-04-14,2026-04-15,0
ck_ec7a94b19a8ea0b6,2026-01-23 16:08:35,2026-04-14,2026-04-15,0
ck_9ac052c78c1674c2,2026-01-17 16:02:19,2026-04-14,2026-04-15,0
ck_5502809688dd31d9,2025-12-10 03:02:12,2026-04-14,2026-04-15,0
ck_6b4a242d5c544f20,2026-01-04 16:11:29,2026-04-14,2026-04-15,0
ck_57428f7d8f391235,2026-02-15 03:35:27,2026-04-14,2026-04-15,0
ck_6007507adba32b75,2025-10-30 16:18:53,2026-04-14,2026-04-15,0
ck_0bb039ccc57c7ced,2026-02-14 16:10:51,2026-04-14,2026-04-15,0
ck_54c16b16811b00a2,2026-02-21 07:16:53,2026-04-14,2026-04-15,0
ck_1cad945c605889c0,2026-02-21 13:22:26,2026-04-14,2026-04-15,0
ck_2ec272d0f764a72d,2026-02-19 23:18:59,2026-04-14,2026-04-15,0
ck_54989b50d7d1a161,2026-03-22 22:34:11,2026-04-14,2026-04-15,0
ck_3a0e4ca8b8b445f5,2026-02-04 16:14:24,2026-04-14,2026-04-15,0
ck_8a21aa0bf7310606,2026-02-26 06:36:04,2026-04-14,2026-04-15,0
ck_c4cc935e1bb7d713,2026-04-11 13:22:54,2026-04-14,2026-04-15,1
ck_9d548d316343b926,2025-12-18 13:13:15,2026-04-14,2026-04-15,0
ck_681125795c5dd26e,2026-03-22 02:40:02,2026-04-14,2026-04-15,0
ck_595ab6db8b8a66a8,2025-11-22 09:31:42,2026-04-14,2026-04-15,0
ck_56fcc7676f554a41,2025-09-07 09:13:59,2026-04-14,2026-04-15,0
ck_81db79216c813a15,2026-01-31 19:55:15,2026-04-14,2026-04-15,0
ck_2849e2bd31edcd00,2025-12-28 08:24:49,2026-04-14,2026-04-15,0
ck_9267691b9df8bb3a,2026-01-14 00:43:43,2026-04-14,2026-04-15,0
ck_2b71ed82202963aa,2025-09-16 23:08:20,2026-04-14,2026-04-15,0
ck_c2a1f9b741297b6b,2026-04-13 08:33:35,2026-04-14,2026-04-15,0
ck_4eb70a63aec7ac58,2025-12-26 14:42:40,2026-04-14,2026-04-15,0
ck_1358976872f6d94a,2025-11-18 10:25:07,2026-04-14,2026-04-15,0
ck_cc21f316725c4515,2025-12-26 23:48:25,2026-04-14,2026-04-15,0
ck_b08d985b891a733b,2025-10-12 20:53:44,2026-04-14,2026-04-15,0
ck_b71b1a802dc85144,2026-04-11 05:38:41,2026-04-14,2026-04-15,0
ck_dac6b9d9db1b88d8,2026-03-25 17:41:51,2026-04-14,2026-04-15,0
ck_977c1cda7a42651f,2026-03-16 19:22:52,2026-04-14,2026-04-15,0
ck_c5d7b531c22af96b,2025-12-25 22:25:38,2026-04-14,2026-04-15,0
ck_5f248dcfd636135f,2026-04-10 22:19:43,2026-04-14,2026-04-15,0
ck_a3c170caf96881f0,2026-04-01 10:55:26,2026-04-14,2026-04-15,0
ck_630458233954d71d,2026-04-13 01:00:50,2026-04-14,2026-04-15,0
ck_e0db87be826e1317,2025-10-23 05:35:29,2026-04-14,2026-04-15,0
ck_83a00d7518ce2bc2,2025-11-16 09:21:46,2026-04-14,2026-04-15,0
ck_a22655bf0d70ebeb,2025-09-02 21:58:42,2026-04-14,2026-04-15,0
ck_566fedcb08c70942,2026-04-13 16:24:10,2026-04-14,2026-04-15,1
ck_39e6d0a49663e3f4,2026-04-11 21:46:04,2026-04-14,2026-04-15,1
ck_a3f62e6a159d4cfd,2025-11-25 12:41:15,2026-04-14,2026-04-15,0
ck_3264a0c82dca3551,2026-04-12 02:37:18,2026-04-14,2026-04-15,1
ck_3cfc55e948deef95,2026-03-13 08:05:02,2026-04-14,2026-04-15,0
ck_0133a2f7dd76a4d4,2025-08-16 06:42:20,2026-04-14,2026-04-15,0
ck_d22ae23815fd7c1e,2026-04-12 07:03:00,2026-04-14,2026-04-15,0
ck_52f6b5ba39b159d8,2025-10-07 08:42:48,2026-04-14,2026-04-15,0
ck_19ce512f5eae26bb,2026-04-08 18:18:08,2026-04-14,2026-04-15,0
ck_215b6eed1ca61c8c,2025-12-27 10:31:24,2026-04-14,2026-04-15,0
ck_fcd7ff5fd54ed2b1,2026-04-13 05:44:00,2026-04-14,2026-04-15,0
ck_16cdf48cfc0df992,2026-01-05 00:52:33,2026-04-14,2026-04-15,0
ck_f72f76dd6cb1c11e,2026-01-23 05:32:03,2026-04-14,2026-04-15,0
ck_8d59120db914d8c9,2026-02-28 09:12:32,2026-04-14,2026-04-15,0
ck_7423cc7ae58d4adf,2026-04-13 12:58:11,2026-04-14,2026-04-15,0
ck_d74426b4852c5e0f,2026-03-02 16:24:46,2026-04-14,2026-04-15,0
ck_4b346b0936b3ece1,2026-02-02 12:02:06,2026-04-14,2026-04-15,0
ck_14658d73c68ff93f,2025-12-20 02:18:40,2026-04-14,2026-04-15,0
ck_d78aa4dacb792ff7,2026-04-13 05:33:03,2026-04-14,2026-04-15,0
ck_2f1b151260de8fa1,2026-04-13 14:09:46,2026-04-14,2026-04-15,0
ck_6f02b225a98e6545,2026-02-16 11:06:52,2026-04-14,2026-04-15,0
ck_d23294dbada7e766,2025-12-27 10:34:51,2026-04-14,2026-04-15,0
ck_372a5402dc6c5ebf,2026-04-12 03:13:08,2026-04-14,2026-04-15,0
ck_ad19f9bcc51e890a,2026-02-01 00:35:09,2026-04-14,2026-04-15,0
ck_c03500b44ff3e722,2025-12-20 06:53:55,2026-04-14,2026-04-15,0
ck_0ab535614acee451,2025-09-08 10:46:51,2026-04-14,2026-04-15,0
ck_f5ba95cd5c551b9c,2025-11-15 22:19:01,2026-04-14,2026-04-15,0
ck_915035e85aba2088,2026-02-22 01:36:43,2026-04-14,2026-04-15,0
ck_77f615c43f02b764,2026-02-15 09:38:04,2026-04-14,2026-04-15,0
ck_04b9d77de08f2a8d,2026-03-02 20:31:19,2026-04-14,2026-04-15,0
ck_c1d327fe6c4a8f7b,2026-01-20 09:28:07,2026-04-14,2026-04-15,0
ck_98207f336140620c,2026-02-04 11:31:49,2026-04-14,2026-04-15,0
ck_10d1f2ec7ee73666,2026-04-13 04:42:10,2026-04-14,2026-04-15,0
ck_b6fa35c7f5941c62,2026-04-13 12:50:50,2026-04-14,2026-04-15,1
ck_a3e31d3f317926dd,2025-09-06 22:18:55,2026-04-14,2026-04-15,0
ck_93b8a615311e46b0,2026-02-11 20:42:48,2026-04-14,2026-04-15,0
ck_cb5360d3cf1d18f4,2026-04-13 11:27:19,2026-04-14,2026-04-15,0
ck_f7b1a777a43560a9,2025-11-14 05:18:30,2026-04-14,2026-04-15,0
ck_9d2e6a90b9ebb0c8,2026-04-10 15:21:48,2026-04-14,2026-04-15,0
ck_efe75a11c67c195c,2026-04-10 23:37:29,2026-04-14,2026-04-15,0
ck_038e6440c15123ab,2026-04-11 11:38:08,2026-04-14,2026-04-15,0
ck_14c0a9ee710d2946,2026-04-11 00:26:46,2026-04-14,2026-04-15,0
ck_2786c86cff5469ff,2026-04-01 06:15:52,2026-04-14,2026-04-15,0
ck_67261efe88147025,2025-10-05 19:03:19,2026-04-14,2026-04-15,0
ck_de89635d41f989de,2026-03-10 13:51:55,2026-04-14,2026-04-15,0
ck_a2b80e0685ee3e93,2026-03-26 14:53:56,2026-04-14,2026-04-15,0
ck_a34f779401d99ef3,2026-01-01 00:06:57,2026-04-14,2026-04-15,0
ck_080f020b61d6685b,2026-01-02 15:14:06,2026-04-14,2026-04-15,0
ck_473b9e72f84d5141,2025-12-17 14:10:59,2026-04-14,2026-04-15,0
ck_3eda736480cf7159,2026-01-22 05:24:00,2026-04-14,2026-04-15,0
ck_0406e55657f35860,2026-01-15 14:46:32,2026-04-14,2026-04-15,0
ck_4d4bba51c9c942ad,2026-02-17 09:07:13,2026-04-14,2026-04-15,1
ck_0bdd8ee687e27993,2026-01-24 21:49:16,2026-04-14,2026-04-15,0
ck_af40840aa82ade95,2026-03-11 03:26:31,2026-04-14,2026-04-15,0
ck_2273755a6a02865f,2026-03-08 17:03:46,2026-04-14,2026-04-15,1
ck_d06c57ea3dcb6d3e,2026-01-17 19:59:10,2026-04-14,2026-04-15,0
ck_1b41a4fc62ecaf85,2026-04-13 17:15:58,2026-04-14,2026-04-15,1
ck_cdd3d8b2f16956a6,2026-03-10 12:11:08,2026-04-14,2026-04-15,0
ck_1053be7cfbe0fe5d,2025-11-15 11:58:06,2026-04-14,2026-04-15,0
ck_4009c169f2a9e9c1,2026-02-07 10:05:40,2026-04-14,2026-04-15,0
ck_cfd5a8326e518cc8,2026-01-22 19:22:31,2026-04-14,2026-04-15,0
ck_7150346908556a49,2026-04-11 10:46:05,2026-04-14,2026-04-15,1
ck_bbdba04d383524d2,2025-12-26 08:04:50,2026-04-14,2026-04-15,0
ck_90a9b40de2783382,2025-12-19 05:21:42,2026-04-14,2026-04-15,0
ck_a14837ac86791654,2026-04-12 03:00:27,2026-04-14,2026-04-15,0
ck_8bd1ca7f59d4df4c,2026-02-14 11:06:31,2026-04-14,2026-04-15,0
ck_03b60b5c2d9d179a,2025-12-30 04:37:24,2026-04-14,2026-04-15,0
ck_4f6e717db86373f1,2026-04-13 21:09:59,2026-04-14,2026-04-15,0
ck_cf9d0a3d34851ec6,2026-02-28 14:24:25,2026-04-14,2026-04-15,0
ck_606a34217f88f6f5,2026-04-05 04:09:02,2026-04-14,2026-04-15,0
ck_3a76b6b7f382ff07,2026-03-26 22:01:33,2026-04-14,2026-04-15,0
ck_47c523e9c23b3448,2026-04-09 13:36:10,2026-04-14,2026-04-15,0
ck_5817ccbd493ace58,2026-04-12 12:59:39,2026-04-14,2026-04-15,0
ck_e7fbc75fe092d4ab,2026-04-10 04:41:10,2026-04-14,2026-04-15,0
ck_0bbb128cdbd7f4e8,2026-04-13 01:21:41,2026-04-14,2026-04-15,0
ck_d241f5613ffa843c,2026-02-14 07:28:40,2026-04-14,2026-04-15,0
ck_250546c46d872b43,2025-10-31 07:16:14,2026-04-14,2026-04-15,0
ck_b8c708a6400366a9,2026-04-12 05:06:20,2026-04-14,2026-04-15,0
ck_f9f8c7040e21d99a,2026-04-13 17:21:20,2026-04-14,2026-04-15,0
ck_2f0861b4370fcf43,2026-04-13 05:03:34,2026-04-14,2026-04-15,1
ck_2edcb3de63fd97bc,2025-10-19 15:38:01,2026-04-14,2026-04-15,0
ck_9842fff4e533e4cf,2026-04-12 02:14:27,2026-04-14,2026-04-15,0
ck_d18544a5cd6a03d2,2026-03-29 09:42:21,2026-04-14,2026-04-15,0
ck_45213de9e4b9529c,2026-02-05 15:15:22,2026-04-14,2026-04-15,0
ck_b40eb1215b35d2e8,2026-04-09 06:50:54,2026-04-14,2026-04-15,0
ck_bc4b94f157247581,2025-08-17 16:09:07,2026-04-14,2026-04-15,0
ck_5e3677738e80235b,2026-01-30 15:17:35,2026-04-14,2026-04-15,0
ck_d809347f3df4a7f2,2026-01-30 11:41:46,2026-04-14,2026-04-15,0
ck_3defef39b14a154e,2025-11-14 15:58:42,2026-04-14,2026-04-15,0
ck_19bc3b1c674d6d7c,2026-04-13 09:08:01,2026-04-14,2026-04-15,0
ck_04140ee65d4b41ab,2026-01-22 03:16:42,2026-04-14,2026-04-15,0
ck_6cfbd1e7e30b49fe,2026-02-23 05:52:44,2026-04-14,2026-04-15,0
ck_4579074b54cb6ea9,2026-04-13 13:58:47,2026-04-14,2026-04-15,0
ck_ed953829dfde1113,2026-04-12 13:34:26,2026-04-14,2026-04-15,0
ck_1f00a56c550f4bd8,2026-02-06 08:15:44,2026-04-14,2026-04-15,0
ck_810e307314144c36,2025-11-09 13:01:47,2026-04-14,2026-04-15,0
ck_8e47020a34df68e5,2025-11-03 01:52:49,2026-04-14,2026-04-15,0
ck_f31acc18e4523edc,2026-04-12 03:29:44,2026-04-14,2026-04-15,0
ck_455712d99cfb35a5,2025-08-21 02:47:31,2026-04-14,2026-04-15,1
ck_e3c0a81a16c3d6bf,2026-01-12 10:47:31,2026-04-14,2026-04-15,0
ck_2181dc3ecb361b78,2026-02-07 05:46:11,2026-04-14,2026-04-15,0
ck_db665eb9d30ab6b7,2026-02-09 07:04:08,2026-04-14,2026-04-15,0
ck_6d7755ebbfe92fff,2026-03-17 21:15:44,2026-04-14,2026-04-15,0
ck_696e08607d6eb341,2026-04-13 13:15:05,2026-04-14,2026-04-15,0
ck_a549f65227fc98db,2026-04-12 21:47:44,2026-04-14,2026-04-15,0
ck_ad1d8b80ce045994,2025-11-15 12:37:47,2026-04-14,2026-04-15,0
ck_216498fd8898ee41,2026-03-15 08:01:38,2026-04-14,2026-04-15,0
ck_4a7dd1a1e2fc1da7,2026-01-17 03:56:13,2026-04-14,2026-04-15,0
ck_5ecfb5dab967c31f,2026-03-02 15:15:29,2026-04-14,2026-04-15,0
ck_31be303671785316,2025-10-07 05:32:08,2026-04-14,2026-04-15,0
ck_ac5520683237f461,2026-04-13 04:38:07,2026-04-14,2026-04-15,0
ck_d7868b9955ce8195,2026-02-20 17:15:18,2026-04-14,2026-04-15,0
ck_8faa9a1ba379dd6b,2026-04-11 09:51:59,2026-04-14,2026-04-15,0
ck_b759a872d70cf8d6,2026-04-12 15:26:32,2026-04-14,2026-04-15,0
ck_337009a0f60a9079,2025-12-12 04:46:16,2026-04-14,2026-04-15,0
ck_5ba54a529d4b9fec,2026-01-16 16:07:49,2026-04-14,2026-04-15,0
ck_cf1dcd4efcb9cb38,2026-02-18 11:13:54,2026-04-14,2026-04-15,0
ck_f87bef8108af9735,2025-12-31 01:13:18,2026-04-14,2026-04-15,0
ck_f4152262b3e264ee,2026-02-03 01:35:36,2026-04-14,2026-04-15,0
ck_f618618beed1c10a,2025-08-21 20:36:34,2026-04-14,2026-04-15,0
ck_fc14be1b7737db04,2025-12-18 00:18:48,2026-04-14,2026-04-15,0
ck_d45f74272a90f4a9,2026-03-01 06:55:04,2026-04-14,2026-04-15,0
ck_8d28610138fd0d56,2026-04-12 09:50:19,2026-04-14,2026-04-15,0
ck_468282c5ad8394e8,2025-05-05 02:31:22,2026-04-14,2026-04-15,0
ck_4549b3d55feb4176,2026-02-04 22:08:00,2026-04-14,2026-04-15,0
ck_00bbd17bb7121a6a,2026-04-13 06:46:18,2026-04-14,2026-04-15,0
ck_ea083133c478a396,2025-10-18 02:17:42,2026-04-14,2026-04-15,0
ck_c550ecb3679f8f87,2026-02-08 01:03:12,2026-04-14,2026-04-15,0
ck_7278de499857068c,2025-09-17 00:55:38,2026-04-14,2026-04-15,0
ck_d508e04da6093eb8,2026-04-13 17:25:27,2026-04-14,2026-04-15,0
ck_ded26e411be9d493,2026-03-20 08:31:30,2026-04-14,2026-04-15,0
ck_5dbef1d11f7326fd,2025-11-30 09:15:59,2026-04-14,2026-04-15,0
ck_152bab1d146a7773,2025-08-04 05:23:16,2026-04-14,2026-04-15,0
ck_ab0f0c733a4a4afa,2025-07-27 08:04:20,2026-04-14,2026-04-15,0
ck_351addf5a620dd54,2026-03-17 06:58:25,2026-04-14,2026-04-15,0
ck_6a0824a0cdb3771c,2026-02-01 20:58:02,2026-04-14,2026-04-15,1
ck_250c809ac1a2bdb8,2026-04-13 02:30:56,2026-04-14,2026-04-15,1
ck_194ebdfb6e6f15f1,2026-04-11 23:26:48,2026-04-14,2026-04-15,1
ck_b4d9ab68eef8ea97,2026-01-13 09:45:28,2026-04-14,2026-04-15,0
ck_ebfe6f474c231eaf,2026-04-13 07:15:44,2026-04-14,2026-04-15,1
ck_07cbeee799ebf796,2026-01-19 21:55:52,2026-04-14,2026-04-15,0
ck_f854379aa3d1372c,2026-03-01 22:14:16,2026-04-14,2026-04-15,0
ck_2ba12ca4674b6545,2026-03-30 05:03:48,2026-04-14,2026-04-15,0
ck_8c9447f76eac3625,2026-04-12 20:51:55,2026-04-14,2026-04-15,0
ck_2dbe45a12bc3b6c6,2026-04-13 19:34:16,2026-04-14,2026-04-15,0
ck_f54729a527455d8d,2026-02-04 11:32:47,2026-04-14,2026-04-15,1
ck_1e16882a63205153,2026-01-16 02:19:03,2026-04-14,2026-04-15,0
ck_1f050d9db1f055a6,2026-02-10 19:23:00,2026-04-14,2026-04-15,0
ck_71f877385d9da7ac,2026-04-11 21:54:47,2026-04-14,2026-04-15,0
ck_6a144481fbfe46c4,2026-02-18 22:36:49,2026-04-14,2026-04-15,0
ck_9b3f5175d1266a00,2026-04-12 14:18:08,2026-04-14,2026-04-15,0
ck_e65a96533ee56567,2026-03-15 21:57:16,2026-04-14,2026-04-15,0
ck_2bca2fde8b5e71d3,2026-04-12 23:09:09,2026-04-14,2026-04-15,0
ck_a924215675b3de5c,2026-04-13 20:43:39,2026-04-14,2026-04-15,0
ck_974f569200c79bb3,2025-08-02 12:58:47,2026-04-14,2026-04-15,0
ck_9b302fbf052989d4,2025-12-14 02:47:39,2026-04-14,2026-04-15,0
ck_f7844a6a04d34428,2026-03-03 17:00:10,2026-04-14,2026-04-15,0
ck_b1725024d9588543,2025-11-24 01:20:14,2026-04-14,2026-04-15,0
ck_fac5d168e3309bfa,2026-01-26 02:36:07,2026-04-14,2026-04-15,0
ck_c549e536ba0ab6f9,2026-03-07 17:19:16,2026-04-14,2026-04-15,0
ck_f609bd25e3afe993,2026-02-15 23:06:59,2026-04-14,2026-04-15,0
ck_07f9cb644d0ec306,2026-02-09 23:25:10,2026-04-14,2026-04-15,0
ck_573f66c17c1556d6,2025-12-26 15:31:23,2026-04-14,2026-04-15,0
ck_dd9cee0ddc4be3ee,2025-11-03 18:36:47,2026-04-14,2026-04-15,0
ck_349992ab01d5d88f,2026-03-15 12:09:54,2026-04-14,2026-04-15,0
ck_4bd4d398b1eeb8ed,2026-03-02 15:11:34,2026-04-14,2026-04-15,0
ck_e925c17710f4967c,2026-04-11 15:22:52,2026-04-14,2026-04-15,0
ck_7e80c8d70f7ef513,2026-02-13 12:07:33,2026-04-14,2026-04-15,0
ck_e17eba38619cf4a1,2026-03-15 05:33:10,2026-04-14,2026-04-15,1
ck_edbf494e55a80f65,2025-12-05 12:26:39,2026-04-14,2026-04-15,0
ck_cf8d169829e74aa6,2025-12-23 05:17:41,2026-04-14,2026-04-15,0
ck_0af0b2928d1ad1c8,2026-02-25 21:50:38,2026-04-14,2026-04-15,0
ck_b67dd8180f615b90,2026-04-11 21:52:25,2026-04-14,2026-04-15,0
ck_938499b911e404d0,2026-01-19 01:51:19,2026-04-14,2026-04-15,0
ck_d312861498eb9096,2026-02-26 15:10:56,2026-04-14,2026-04-15,0
ck_e3dec59e3825ff3f,2026-04-13 18:35:18,2026-04-14,2026-04-15,0
ck_6fffc988eb770423,2026-04-12 16:28:39,2026-04-14,2026-04-15,0
ck_e00a9125e3df5def,2026-02-13 20:39:46,2026-04-14,2026-04-15,0
ck_5fd2ce1504f76590,2026-04-12 07:03:08,2026-04-14,2026-04-15,0
ck_06db45c4289caf38,2025-08-06 19:14:04,2026-04-14,2026-04-15,0
ck_97d61b9b4a68cc79,2025-07-11 09:19:57,2026-04-14,2026-04-15,0
ck_0cb222b87035345f,2026-04-12 22:57:48,2026-04-14,2026-04-15,0
ck_738a868fec1a008b,2026-01-15 03:07:46,2026-04-14,2026-04-15,0
ck_57d8b88393ec0654,2026-04-13 07:20:32,2026-04-14,2026-04-15,0
ck_a1915b0647678fdf,2025-10-11 00:37:05,2026-04-14,2026-04-15,0
ck_de21e7118c295fca,2026-04-10 12:10:54,2026-04-14,2026-04-15,0
ck_c4108c1dd61000ee,2025-12-22 22:21:32,2026-04-14,2026-04-15,0
ck_4bcfc212aceddea4,2026-02-04 14:32:05,2026-04-14,2026-04-15,0
ck_1685efb32b51dac0,2026-04-12 21:52:51,2026-04-14,2026-04-15,0
ck_b6f45b99766ba61b,2026-04-12 11:59:52,2026-04-14,2026-04-15,0
ck_75fdaec8b74137fa,2026-01-09 21:57:38,2026-04-14,2026-04-15,0
ck_da2528d09bf66ab2,2025-12-21 07:27:44,2026-04-14,2026-04-15,0
ck_a30f21d297c7836a,2026-04-13 00:56:06,2026-04-14,2026-04-15,0
ck_a8991087f5eafc20,2026-03-27 23:39:38,2026-04-14,2026-04-15,0
ck_86ff21793e5fbdc6,2026-02-05 00:38:48,2026-04-14,2026-04-15,0
ck_2b47ac48665f6fb5,2025-12-31 07:01:04,2026-04-14,2026-04-15,0
ck_ff09a7c13612a6d5,2026-02-10 17:21:39,2026-04-14,2026-04-15,0
ck_34158fdf1d97dbcd,2026-01-26 07:20:15,2026-04-14,2026-04-15,0
ck_90c4953caa216bce,2026-02-23 02:45:25,2026-04-14,2026-04-15,0
ck_83334867b2671e64,2026-02-05 12:35:29,2026-04-14,2026-04-15,0
ck_7766216775a08af5,2025-08-04 21:32:19,2026-04-14,2026-04-15,0
ck_c16c4794870c54f1,2026-02-09 16:40:03,2026-04-14,2026-04-15,0
ck_1620fb8a53d391fc,2025-10-03 06:40:55,2026-04-14,2026-04-15,0
ck_588fba301fd4d33f,2026-04-12 20:25:06,2026-04-14,2026-04-15,1
ck_30fdb1f6b938fdb5,2026-02-12 10:54:59,2026-04-14,2026-04-15,0
ck_07c82743eb85dbdf,2026-03-03 03:53:08,2026-04-14,2026-04-15,0
ck_95ca60766b23b4de,2026-03-04 21:35:02,2026-04-14,2026-04-15,0
ck_8efa65fac1ccd210,2025-11-25 16:12:08,2026-04-14,2026-04-15,0
ck_dbff6f920f4612ce,2026-04-12 22:59:26,2026-04-14,2026-04-15,0
ck_4e89fca81f7134fc,2026-02-07 18:08:35,2026-04-14,2026-04-15,0
ck_b9f9e5f6658504ff,2025-12-04 23:53:21,2026-04-14,2026-04-15,0
ck_dcce77f971b5c7ee,2025-08-04 14:30:24,2026-04-14,2026-04-15,0
ck_bb9a71f8119b8435,2026-02-15 08:25:30,2026-04-14,2026-04-15,1
ck_8247db83b574cb65,2025-12-03 04:22:55,2026-04-14,2026-04-15,0
ck_6297dafc39825010,2025-11-12 09:56:42,2026-04-14,2026-04-15,0
ck_4c860c7d927170d8,2026-03-05 19:28:14,2026-04-14,2026-04-15,0
ck_d309bbac4fdd0213,2025-08-30 21:45:17,2026-04-14,2026-04-15,0
ck_d1cec458ea94e3dc,2025-12-18 08:40:40,2026-04-14,2026-04-15,0
ck_2fe8bdc0472cebfc,2026-04-13 22:46:08,2026-04-14,2026-04-15,0
ck_ecf126cc8476be79,2026-03-08 23:46:37,2026-04-14,2026-04-15,0
ck_ecffecc5e12105e9,2026-02-26 16:03:50,2026-04-14,2026-04-15,0
ck_d36a41ad72f071ba,2025-12-18 13:38:20,2026-04-14,2026-04-15,0
ck_72d0d9a99e6510b4,2026-03-10 17:31:51,2026-04-14,2026-04-15,0
ck_b970f49624d00b63,2025-12-21 00:43:45,2026-04-14,2026-04-15,0
ck_c0ad625636a2c208,2026-04-08 18:33:49,2026-04-14,2026-04-15,0
ck_60eb8d886ef7aedd,2025-10-26 04:58:37,2026-04-14,2026-04-15,0
ck_5270417412282d73,2026-02-28 10:55:00,2026-04-14,2026-04-15,0
ck_561b12d3efe5f3ee,2026-01-31 07:44:04,2026-04-14,2026-04-15,0
ck_5dd97a284da53681,2026-03-06 04:14:46,2026-04-14,2026-04-15,0
ck_690e11dcbbcedf81,2025-08-02 03:23:42,2026-04-14,2026-04-15,0
ck_83562a0149d20246,2026-01-05 22:38:04,2026-04-14,2026-04-15,0
ck_9474d0d7871ee925,2026-04-12 07:28:23,2026-04-14,2026-04-15,0
ck_74158855409759c3,2025-12-28 14:48:54,2026-04-14,2026-04-15,0
ck_bb14a007998b876d,2026-01-22 09:08:51,2026-04-14,2026-04-15,0
ck_719ada304c635c44,2025-12-25 23:07:57,2026-04-14,2026-04-15,0
ck_2ef7d09264488f8d,2026-03-01 19:24:13,2026-04-14,2026-04-15,0
ck_720af506348307a1,2025-11-09 15:47:55,2026-04-14,2026-04-15,0
ck_900ac7aef0d31b4f,2026-04-13 15:40:02,2026-04-14,2026-04-15,0
ck_8e5c58cd8631e6dc,2025-02-09 23:17:51,2026-04-14,2026-04-15,0
ck_35765303e6d1fc6c,2026-03-11 19:50:40,2026-04-14,2026-04-15,0
ck_7acac363813bf317,2025-10-18 08:50:26,2026-04-14,2026-04-15,0
ck_6e195b000c0202d4,2025-11-06 09:45:39,2026-04-14,2026-04-15,0
ck_8a23e2efeca7de3b,2025-11-30 03:49:35,2026-04-14,2026-04-15,0
ck_a5e54544134f2ae0,2025-11-01 01:08:01,2026-04-14,2026-04-15,0
ck_5be12e42cd7f381e,2026-04-13 02:34:52,2026-04-14,2026-04-15,1
ck_c4a85807ea87e63f,2026-03-17 21:24:17,2026-04-14,2026-04-15,0
ck_20647babd501ec33,2026-04-12 03:03:47,2026-04-14,2026-04-15,0
ck_ecc3de5cd1710c19,2026-04-12 09:16:54,2026-04-14,2026-04-15,0
ck_dcaf29de0b423960,2026-04-10 02:25:07,2026-04-14,2026-04-15,0
ck_39b0a58e79afa9eb,2026-04-12 15:55:06,2026-04-14,2026-04-15,0
ck_1344fa4c1ed0e798,2025-10-27 04:52:39,2026-04-14,2026-04-15,0
ck_02384c36cd96ea28,2025-08-22 00:03:19,2026-04-14,2026-04-15,0
ck_21bf5977b1680735,2025-11-01 04:37:19,2026-04-14,2026-04-15,0
ck_698017231672e61c,2026-03-28 19:23:42,2026-04-14,2026-04-15,0
ck_d672c382eec221f4,2025-11-07 07:17:43,2026-04-14,2026-04-15,0
ck_392810c6460cfe8e,2026-02-05 17:53:05,2026-04-14,2026-04-15,0
ck_69eaccf5e1b0fe53,2026-02-18 01:32:54,2026-04-14,2026-04-15,0
ck_2f7eef9444a338ce,2026-01-31 09:41:49,2026-04-14,2026-04-15,0
ck_9f3be1fdf145d18a,2025-10-03 05:21:24,2026-04-14,2026-04-15,0
ck_16d942c33852b64b,2025-12-27 00:46:00,2026-04-14,2026-04-15,0
ck_5726bd4ca08901f6,2026-02-14 00:17:47,2026-04-14,2026-04-15,0
ck_75bdbf7477dcf959,2026-01-25 07:59:36,2026-04-14,2026-04-15,0
ck_fa6fce150437eedc,2026-02-04 05:12:35,2026-04-14,2026-04-15,0
ck_b39b8ad7838028aa,2026-02-01 11:45:59,2026-04-14,2026-04-15,1
ck_4f3e76a6449d1391,2026-02-21 04:06:04,2026-04-14,2026-04-15,0
ck_0fe0606f20dcbbeb,2025-09-05 03:45:26,2026-04-14,2026-04-15,1
ck_17e199016362555e,2026-02-03 17:48:09,2026-04-14,2026-04-15,0
ck_0cdc509b1e6a5c9a,2025-10-15 22:57:57,2026-04-14,2026-04-15,0
ck_7f6486cc1cbf2340,2026-04-13 14:53:53,2026-04-14,2026-04-15,0
ck_bb53b663d79132e0,2026-01-20 23:18:31,2026-04-14,2026-04-15,0
ck_d149059a5070a48b,2026-01-29 00:02:56,2026-04-14,2026-04-15,0
ck_c19e915b86be5645,2026-02-14 08:24:24,2026-04-14,2026-04-15,0
ck_2208338196ec9e7f,2026-01-09 10:40:18,2026-04-14,2026-04-15,0
ck_cb797b973b258db1,2026-01-19 05:55:29,2026-04-14,2026-04-15,0
ck_3b0199f981c9c2a5,2026-01-26 06:54:16,2026-04-14,2026-04-15,0
ck_7fc4cd0297a42e61,2026-03-12 17:50:31,2026-04-14,2026-04-15,0
ck_5518a7a932c7b033,2026-04-13 00:06:44,2026-04-14,2026-04-15,0
ck_d2e349582ab8d71b,2026-04-13 16:11:02,2026-04-14,2026-04-15,0
ck_a5c8ffe3d9b20b61,2025-07-27 23:29:02,2026-04-14,2026-04-15,0
ck_0429537c0f5b6640,2025-11-08 05:10:44,2026-04-14,2026-04-15,0
ck_6e497d41c950635e,2025-10-04 23:23:10,2026-04-14,2026-04-15,0
ck_3d214bee91cf81ac,2026-04-13 06:24:27,2026-04-14,2026-04-15,1
ck_ab0b904cb8330eff,2026-03-03 14:35:43,2026-04-14,2026-04-15,0
ck_a66ae784554321ae,2026-01-04 08:36:49,2026-04-14,2026-04-15,0
ck_65eb4aa5891ff4eb,2025-11-27 08:55:55,2026-04-14,2026-04-15,0
ck_b111ca1be30555be,2025-12-18 17:05:10,2026-04-14,2026-04-15,0
ck_7d02eb72cb205771,2026-04-10 22:26:30,2026-04-14,2026-04-15,0
ck_a0623c6d491d05c7,2026-02-12 13:22:01,2026-04-14,2026-04-15,0
ck_067193289252b51d,2025-12-04 00:41:04,2026-04-14,2026-04-15,0
ck_03be0c9380cea603,2026-04-13 11:20:33,2026-04-14,2026-04-15,0
ck_b25379ed0837f7ec,2026-01-24 02:48:46,2026-04-14,2026-04-15,0
ck_7b853990028f6384,2026-01-18 17:26:38,2026-04-14,2026-04-15,0
ck_366695b7366db217,2025-10-06 06:21:07,2026-04-14,2026-04-15,0
ck_47bc08640bd82c16,2025-11-23 06:40:00,2026-04-14,2026-04-15,0
ck_cf37336f30b4268f,2025-08-23 13:50:30,2026-04-14,2026-04-15,0
ck_4870001439e22578,2026-03-17 10:50:10,2026-04-14,2026-04-15,0
ck_55a29c8d92b16abd,2025-10-11 03:28:49,2026-04-14,2026-04-15,0
ck_8c0c5090f609ffbd,2026-01-13 18:43:45,2026-04-14,2026-04-15,0
ck_0cc4debaf00b2ff0,2025-12-06 23:50:07,2026-04-14,2026-04-15,0
ck_3ff095401bbedf1f,2026-01-06 00:39:00,2026-04-14,2026-04-15,1
ck_815b83bbc6470aa9,2026-04-12 16:08:00,2026-04-14,2026-04-15,0
ck_e7a674f10693df87,2026-04-12 23:31:06,2026-04-14,2026-04-15,1
ck_cd7ee28138f826a7,2025-12-30 08:06:07,2026-04-14,2026-04-15,0
ck_5a6b8c0b7ef2d988,2026-02-03 08:32:51,2026-04-14,2026-04-15,0
ck_3adea385c1a94eed,2026-04-13 16:41:18,2026-04-14,2026-04-15,1
ck_02624df83fc0f95a,2026-04-13 17:29:15,2026-04-14,2026-04-15,0
ck_7a0e660e7729a7c8,2026-04-10 11:07:10,2026-04-14,2026-04-15,0
ck_26f0aaa4374c3b69,2026-04-13 04:53:39,2026-04-14,2026-04-15,0
ck_8279370b97949d32,2026-02-27 08:11:40,2026-04-14,2026-04-15,0
ck_f5d86b86f1eddcd4,2026-04-11 14:19:43,2026-04-14,2026-04-15,1
ck_d8a5c4c7e9121df9,2026-02-27 06:20:09,2026-04-14,2026-04-15,0
ck_ce6cbfeba43f35f2,2026-02-13 04:36:41,2026-04-14,2026-04-15,0
ck_5bd264f4608555ab,2026-04-12 04:48:10,2026-04-14,2026-04-15,0
ck_31699f088b1c2e0c,2025-10-27 02:01:23,2026-04-14,2026-04-15,0
ck_8f28494b80cb2938,2026-04-12 21:21:27,2026-04-14,2026-04-15,0
ck_e1642e946d405aad,2026-04-13 03:19:55,2026-04-14,2026-04-15,0
ck_d74657ac8ca5d210,2026-03-09 22:49:08,2026-04-14,2026-04-15,0
ck_2eee53abb5decfa0,2026-01-01 02:51:57,2026-04-14,2026-04-15,0
ck_be436a7ff39d55db,2026-01-22 02:24:27,2026-04-14,2026-04-15,0
ck_93879e1a5ebabf54,2026-04-13 11:00:43,2026-04-14,2026-04-15,0
ck_7439b746462e70ad,2026-01-22 19:22:09,2026-04-14,2026-04-15,0
ck_1ed6a3740cf9a8ea,2026-04-13 15:41:03,2026-04-14,2026-04-15,0
ck_d68232b0462947ff,2026-04-13 16:48:03,2026-04-14,2026-04-15,0
ck_7b1804bd50f14a56,2026-02-01 17:28:57,2026-04-14,2026-04-15,0
ck_604dc05d8e63ddaa,2026-01-15 17:09:11,2026-04-14,2026-04-15,0
ck_61f8ddef5e09201c,2026-02-08 23:19:54,2026-04-14,2026-04-15,0
ck_8f4a5acf5437c2ae,2026-02-16 03:09:12,2026-04-14,2026-04-15,1
ck_2a4fe389ee4ab0d0,2025-10-11 04:07:40,2026-04-14,2026-04-15,0
ck_e9be5ec02c17c3e1,2026-01-02 11:31:03,2026-04-14,2026-04-15,0
ck_1dabf148eb01cd3a,2025-09-26 03:12:01,2026-04-14,2026-04-15,0
ck_e28d2559c283660e,2026-04-11 21:42:51,2026-04-14,2026-04-15,0
ck_d11634a2ffe27b98,2026-01-09 05:58:30,2026-04-14,2026-04-15,0
ck_9977acf98c309f2a,2026-02-17 21:12:30,2026-04-14,2026-04-15,0
ck_1893d557ab7bcdd2,2026-04-13 09:11:46,2026-04-14,2026-04-15,0
ck_8c621a40db5cdee2,2026-02-06 12:20:13,2026-04-14,2026-04-15,0
ck_afd20e2c8c57b5ec,2026-01-29 08:45:29,2026-04-14,2026-04-15,0
ck_7b5e4ed7f6dcaba2,2026-04-10 18:31:33,2026-04-14,2026-04-15,0
ck_838969ff585929c3,2025-12-22 12:06:57,2026-04-14,2026-04-15,0
ck_0b6bfb69516dbcb7,2025-12-31 12:47:06,2026-04-14,2026-04-15,0
ck_1357eca75ef826be,2026-03-27 20:35:59,2026-04-14,2026-04-15,0
ck_0916f33672fd5fb1,2025-07-27 09:24:26,2026-04-14,2026-04-15,0
ck_fb504d152b71ec2f,2026-04-13 00:14:10,2026-04-14,2026-04-15,0
ck_386b20c364d0fb07,2026-04-13 08:12:41,2026-04-14,2026-04-15,0
ck_7151329d7217c610,2025-11-01 16:00:10,2026-04-14,2026-04-15,0
ck_3542bcd65f5debd1,2025-12-27 14:31:24,2026-04-14,2026-04-15,1
ck_4378c42cd80818c1,2026-01-02 13:18:45,2026-04-14,2026-04-15,0
ck_f68e193df1413585,2025-11-07 11:41:17,2026-04-14,2026-04-15,0
ck_99d62705b11ca4ad,2026-01-07 08:38:00,2026-04-14,2026-04-15,0
ck_ade2bbedd911603e,2026-01-03 10:46:10,2026-04-14,2026-04-15,1
ck_a446659d857f5acc,2026-03-25 20:36:05,2026-04-14,2026-04-15,0
ck_b0d0894955a07b1a,2026-04-13 16:05:06,2026-04-14,2026-04-15,0
ck_2d860da17e11151c,2026-01-08 14:32:09,2026-04-14,2026-04-15,0
ck_5a66d10bf432f131,2026-04-12 22:58:38,2026-04-14,2026-04-15,0
ck_f8d0f38b61481b42,2026-04-13 13:09:20,2026-04-14,2026-04-15,0
ck_9f6c6b4bf8790b84,2026-01-25 21:18:14,2026-04-14,2026-04-15,0
ck_3e26c0541c5a7c57,2026-02-11 11:59:33,2026-04-14,2026-04-15,0
ck_bfa3329d729e6554,2026-02-03 22:55:00,2026-04-14,2026-04-15,1
ck_d59dc1c00e38d2eb,2026-03-12 23:02:50,2026-04-14,2026-04-15,0
ck_936a4d735eb3d198,2025-11-06 06:39:15,2026-04-14,2026-04-15,0
ck_e75932b3efb0e541,2026-01-18 00:39:37,2026-04-14,2026-04-15,1
ck_b43b4ecbce96ee2f,2026-04-13 14:36:17,2026-04-14,2026-04-15,0
ck_f56e4244b1774e5a,2026-01-18 15:46:47,2026-04-14,2026-04-15,0
ck_62e35454ec3c2543,2026-03-14 00:55:04,2026-04-14,2026-04-15,0
ck_1971292508aa255d,2026-04-09 14:30:27,2026-04-14,2026-04-15,0
ck_3be204adb69faf4f,2026-02-03 23:27:10,2026-04-14,2026-04-15,0
ck_a00aafdfb8b19986,2026-03-24 20:33:46,2026-04-14,2026-04-15,0
ck_cbbb88b9ecd840ba,2026-02-10 07:23:07,2026-04-14,2026-04-15,0
ck_69117fd8ea1ce7cc,2025-11-03 19:51:06,2026-04-14,2026-04-15,0
ck_1cb51747c34638e8,2026-01-22 05:03:16,2026-04-14,2026-04-15,0
ck_59ce7b0b9eaf9fe4,2026-04-11 18:10:11,2026-04-14,2026-04-15,0
ck_3591182b1626e7f0,2026-03-12 15:20:03,2026-04-14,2026-04-15,0
ck_c086aeda32b257e8,2026-04-12 04:51:58,2026-04-14,2026-04-15,0
ck_b4346a3b4dd207f8,2026-04-13 13:24:36,2026-04-14,2026-04-15,0
ck_eae6995d8986e8be,2025-11-10 03:54:10,2026-04-14,2026-04-15,0
ck_d4baf35730bf2a56,2026-04-13 17:04:54,2026-04-14,2026-04-15,0
ck_cee89bd9bd7b9e35,2026-03-11 15:41:29,2026-04-14,2026-04-15,0
ck_304938cb034dd00d,2026-04-10 04:07:23,2026-04-14,2026-04-15,0
ck_f9dd9c79ee383855,2025-11-10 22:04:05,2026-04-14,2026-04-15,1
ck_e611a8de7791e9e1,2026-03-28 18:05:59,2026-04-14,2026-04-15,0
ck_436b54af9528910d,2026-03-14 17:42:54,2026-04-14,2026-04-15,0
ck_645c08cedbf18a0a,2025-12-10 22:10:38,2026-04-14,2026-04-15,0
ck_f89cbd726d9b3ff3,2026-02-16 15:47:01,2026-04-14,2026-04-15,0
ck_ff321d2f095cd7f3,2026-04-13 09:24:13,2026-04-14,2026-04-15,1
ck_0299a317d2a39805,2026-01-22 20:35:59,2026-04-14,2026-04-15,0
ck_cd4452be2e927b2b,2026-02-08 20:08:14,2026-04-14,2026-04-15,1
ck_426472ca63307a45,2026-01-16 13:55:32,2026-04-14,2026-04-15,0
ck_137efb35ba99b609,2026-03-04 03:02:39,2026-04-14,2026-04-15,0
ck_44478716c90950f6,2025-12-23 20:55:18,2026-04-14,2026-04-15,0
ck_62b39ad6491fd7ce,2025-11-18 13:38:07,2026-04-14,2026-04-15,0
ck_f4ae5369a2374211,2025-12-29 12:17:00,2026-04-14,2026-04-15,0
ck_11947adc0657ef83,2026-03-06 09:29:16,2026-04-14,2026-04-15,0
ck_72d4ad7ac6510c20,2026-02-21 13:43:01,2026-04-14,2026-04-15,0
ck_fc480214624ab211,2026-01-12 15:02:35,2026-04-14,2026-04-15,0
ck_3e2c6866b462f8f5,2026-03-24 14:31:33,2026-04-14,2026-04-15,0
ck_9c81931ba5485457,2025-10-25 20:28:29,2026-04-14,2026-04-15,0
ck_1fa8dc03cdea5378,2026-01-30 11:57:44,2026-04-14,2026-04-15,0
ck_c5d359c7391bdb73,2026-01-30 18:10:40,2026-04-14,2026-04-15,0
ck_dd9e9f88371bd956,2026-03-23 17:33:38,2026-04-14,2026-04-15,0
ck_7aa694f72ece3497,2026-04-13 01:54:32,2026-04-14,2026-04-15,0
ck_b225717332dfcfd8,2026-04-13 17:17:16,2026-04-14,2026-04-15,0
ck_4d6612b9229548f8,2026-01-04 18:19:30,2026-04-14,2026-04-15,0
ck_81eb36f9d20cb4bc,2025-11-23 04:38:44,2026-04-14,2026-04-15,0
ck_d07b94bde88783eb,2025-11-30 17:34:34,2026-04-14,2026-04-15,0
ck_65bd1cccb6e0d376,2026-04-13 11:06:30,2026-04-14,2026-04-15,0
ck_41d392ecb8e0dd96,2026-04-13 02:06:52,2026-04-14,2026-04-15,0
ck_94bf8406ec6eab7c,2026-04-13 05:22:32,2026-04-14,2026-04-15,0
ck_3e01d8772ada2fd8,2026-03-04 05:27:02,2026-04-14,2026-04-15,0
ck_230bbe6b7b09a65b,2026-04-13 19:50:42,2026-04-14,2026-04-15,0
ck_59e5ce767136ba45,2026-04-13 13:24:39,2026-04-14,2026-04-15,0
ck_234ea08ee0ade68b,2026-01-09 14:30:49,2026-04-14,2026-04-15,0
ck_646d155678cb3bff,2026-04-12 00:41:17,2026-04-14,2026-04-15,1
ck_9bc546b9673a90b0,2026-03-13 23:28:50,2026-04-14,2026-04-15,0
ck_5ce3309a3a8f66f1,2025-12-24 15:51:52,2026-04-14,2026-04-15,0
ck_781c70e249b80a41,2026-01-28 12:07:00,2026-04-14,2026-04-15,0
ck_ff2fa3bea92b310e,2026-01-20 21:05:10,2026-04-14,2026-04-15,0
ck_b18d98fa91b47fd7,2026-02-07 04:38:31,2026-04-14,2026-04-15,0
ck_7a2b1a49f1f26244,2026-03-10 20:00:44,2026-04-14,2026-04-15,0
ck_78d0f7496f830314,2026-03-01 14:40:17,2026-04-14,2026-04-15,0
ck_ca84d86c242ce857,2025-09-13 20:31:07,2026-04-14,2026-04-15,0
ck_089765019e1b2292,2026-02-06 21:52:52,2026-04-14,2026-04-15,0
ck_6ae813daa8c1faf6,2026-04-11 10:17:40,2026-04-14,2026-04-15,0
ck_77b61177f7fa5eab,2025-08-27 22:07:21,2026-04-14,2026-04-15,0
ck_8463657a485ea1c5,2026-03-04 15:08:03,2026-04-14,2026-04-15,0
ck_084bc37805019daa,2025-07-08 21:42:20,2026-04-14,2026-04-15,0
ck_876c67b46c47bddb,2026-04-13 03:45:54,2026-04-14,2026-04-15,0
ck_d2fad6bb7b039b81,2025-12-27 01:56:20,2026-04-14,2026-04-15,0
ck_e69d160ebc50604a,2026-03-04 10:30:18,2026-04-14,2026-04-15,0
ck_d1b3baeb22e04074,2026-03-01 21:12:21,2026-04-14,2026-04-15,0
ck_5ef3e8929acecd2c,2025-12-11 17:09:31,2026-04-14,2026-04-15,0
ck_5088c66dc7dac026,2026-02-27 11:45:03,2026-04-14,2026-04-15,0
ck_8dfc047037d1241e,2026-04-10 23:45:51,2026-04-14,2026-04-15,1
ck_30cfa8663fe18615,2026-01-24 13:14:43,2026-04-14,2026-04-15,0
ck_1a3800da885f4476,2026-02-25 08:52:55,2026-04-14,2026-04-15,0
ck_364445d3ae4d5084,2025-11-11 22:21:13,2026-04-14,2026-04-15,0
ck_10e42e38018eea8b,2026-01-05 16:33:26,2026-04-14,2026-04-15,0
ck_305871a7f2fd0bad,2026-03-12 04:31:21,2026-04-14,2026-04-15,0
ck_d6182235bd8903a8,2026-04-13 04:01:46,2026-04-14,2026-04-15,1
ck_b3d17ac370967e2b,2025-12-28 17:39:09,2026-04-14,2026-04-15,0
ck_acd66203873b494e,2026-03-12 14:54:37,2026-04-14,2026-04-15,0
ck_d2fb76d6eb1db95a,2025-12-07 09:08:27,2026-04-14,2026-04-15,0
ck_6a05163e1ed330e0,2026-02-23 22:15:25,2026-04-14,2026-04-15,0
ck_7c6876736b422157,2025-06-26 09:42:39,2026-04-14,2026-04-15,0
ck_873045f371a5b3ff,2026-01-22 15:13:47,2026-04-14,2026-04-15,1
ck_47bd382e768a7449,2026-04-13 23:02:37,2026-04-14,2026-04-15,0
ck_1eb7586fae873bf7,2026-04-12 09:53:39,2026-04-14,2026-04-15,0
ck_f3e98dc893e0eb24,2025-12-25 06:02:21,2026-04-14,2026-04-15,0
ck_7ceb563e3cfe422e,2026-04-13 18:57:59,2026-04-14,2026-04-15,0
ck_104abcab8b7ba540,2026-02-10 05:35:19,2026-04-14,2026-04-15,0
ck_9bb1907bd2bbfc26,2025-12-03 01:50:19,2026-04-14,2026-04-15,0
ck_96a2953e38ba570d,2025-11-21 20:10:28,2026-04-14,2026-04-15,0
ck_9245b3df4723a565,2026-03-30 02:26:34,2026-04-14,2026-04-15,1
ck_720204246ad79a09,2025-11-14 09:52:34,2026-04-14,2026-04-15,0
ck_82cfe84f71a9bc60,2026-01-30 08:33:43,2026-04-14,2026-04-15,0
ck_6ee4468d59b08b3b,2025-07-04 18:29:26,2026-04-14,2026-04-15,0
ck_8cae25149255b417,2025-09-15 16:13:57,2026-04-14,2026-04-15,0
ck_1cc19bd2880dbcf7,2026-02-06 11:59:25,2026-04-14,2026-04-15,0
ck_67aacfe9cc6b443b,2026-01-08 10:08:37,2026-04-14,2026-04-15,0
ck_4bb9ecf7c3a187a7,2026-02-26 05:05:09,2026-04-14,2026-04-15,0
ck_d847a36ae1b79ad8,2026-03-21 12:30:32,2026-04-14,2026-04-15,0
ck_4d44a9e80564ce7d,2026-01-14 19:47:48,2026-04-14,2026-04-15,0
ck_a1ea3c9920992910,2025-10-24 02:34:09,2026-04-14,2026-04-15,0
ck_20b17133be54e202,2025-12-30 04:20:59,2026-04-14,2026-04-15,0
ck_2e518e0db45ae4b1,2026-01-30 07:49:11,2026-04-14,2026-04-15,0
ck_98e397bba46cc32a,2026-02-11 20:10:28,2026-04-14,2026-04-15,0
ck_cc6636420cec2988,2025-04-12 03:04:38,2026-04-14,2026-04-15,0
ck_2c1b0df7a9162915,2026-03-08 00:31:45,2026-04-14,2026-04-15,0
ck_981b52e2288452f8,2025-10-17 03:11:47,2026-04-14,2026-04-15,0
ck_71d954bda4e77982,2026-02-06 17:58:21,2026-04-14,2026-04-15,0
ck_7ffc1fb5a759d1ab,2026-01-16 10:56:25,2026-04-14,2026-04-15,0
ck_eb8655a55750a150,2025-11-27 10:17:27,2026-04-14,2026-04-15,0
ck_cd4b1ae50be85b12,2026-04-12 21:50:16,2026-04-14,2026-04-15,1
ck_8750ed41d9484e03,2026-03-26 15:19:07,2026-04-14,2026-04-15,0
ck_c26e5a94bd75a22b,2026-01-05 06:29:58,2026-04-14,2026-04-15,0
ck_e2579c122db374ac,2026-04-08 02:16:31,2026-04-14,2026-04-15,0
ck_77133497760405f9,2026-04-12 11:56:57,2026-04-14,2026-04-15,0
ck_ea455e85a6ae73f0,2026-03-27 14:16:38,2026-04-14,2026-04-15,0
ck_5c62e4c9ecc62321,2025-08-31 22:55:59,2026-04-14,2026-04-15,0
ck_1d63a7dc9ea16827,2026-03-07 04:31:11,2026-04-14,2026-04-15,0
ck_e4f23879e176ea91,2026-02-21 19:43:17,2026-04-14,2026-04-15,0
ck_136fddb405bb9b2c,2026-01-21 20:54:44,2026-04-14,2026-04-15,0
ck_bbbbee60df55e719,2025-08-26 18:05:00,2026-04-14,2026-04-15,0
ck_5f48e7eccc1bad5b,2026-03-31 23:49:54,2026-04-14,2026-04-15,0
ck_92a0208a327778d5,2026-04-11 23:37:50,2026-04-14,2026-04-15,0
ck_ad4a04b88b21aa62,2026-01-01 12:42:39,2026-04-14,2026-04-15,0
ck_e7dc6e40f5104e18,2026-03-26 13:23:40,2026-04-14,2026-04-15,0
ck_08ba0a4d47d58ac2,2026-03-18 18:07:03,2026-04-14,2026-04-15,0
ck_d56e2178e32b0184,2025-12-13 14:07:23,2026-04-14,2026-04-15,0
ck_9ff381148dd0a210,2026-04-12 09:58:07,2026-04-14,2026-04-15,0
ck_41d42cad880d2128,2026-02-18 00:00:38,2026-04-14,2026-04-15,0
ck_bff49326f058ba6f,2026-03-23 02:51:09,2026-04-14,2026-04-15,0
ck_f4640233e45b8203,2026-04-11 11:32:39,2026-04-14,2026-04-15,0
ck_b7bc103c145ef300,2026-01-09 06:28:44,2026-04-14,2026-04-15,0
ck_2583059af48fdb48,2026-02-20 05:36:10,2026-04-14,2026-04-15,0
ck_dad7226098089874,2026-01-09 06:14:01,2026-04-14,2026-04-15,0
ck_ff94fd1043c07e1e,2026-03-01 02:36:30,2026-04-14,2026-04-15,0
ck_d0cb49aa98ee90bd,2026-03-06 10:55:00,2026-04-14,2026-04-15,0
ck_e5b767986f946ba7,2026-01-16 01:12:57,2026-04-14,2026-04-15,0
ck_6aaced5949c6a0a2,2026-02-13 14:37:45,2026-04-14,2026-04-15,0
ck_26683b595d59816b,2026-03-25 10:38:54,2026-04-14,2026-04-15,0
ck_7ea10b53678336c7,2026-03-30 21:23:42,2026-04-14,2026-04-15,0
ck_2c43896d9cb2b398,2026-01-07 08:41:21,2026-04-14,2026-04-15,0
ck_e95228ea28b4ea61,2026-02-26 10:35:59,2026-04-14,2026-04-15,0
ck_dbfd3e0e8f07cc2b,2026-02-10 02:17:12,2026-04-14,2026-04-15,0
ck_d82f38da2fa85323,2026-03-19 16:44:49,2026-04-14,2026-04-15,1
ck_b9143a8f0f80231e,2026-01-27 02:48:08,2026-04-14,2026-04-15,0
ck_727e07a08c96b9c5,2026-03-07 13:35:48,2026-04-14,2026-04-15,0
ck_3c07467a3053afcd,2026-02-05 22:41:22,2026-04-14,2026-04-15,0
ck_9acb68ea2353d349,2026-04-13 15:04:33,2026-04-14,2026-04-15,0
ck_1e70bd0f0919a255,2026-03-05 13:52:40,2026-04-14,2026-04-15,0
ck_6be6b2b2c51289bc,2025-11-10 00:23:12,2026-04-14,2026-04-15,0
ck_5bc161fadb2b5ff1,2026-02-28 10:17:21,2026-04-14,2026-04-15,0
ck_875530552fe87fe1,2026-01-21 22:56:20,2026-04-14,2026-04-15,0
ck_3bfc408d109e5824,2026-02-21 09:00:02,2026-04-14,2026-04-15,0
ck_e00b869bccfbf9fa,2026-04-12 09:22:54,2026-04-14,2026-04-15,1
ck_7ba1106bc9b41cdd,2026-04-13 14:48:09,2026-04-14,2026-04-15,0
ck_3163a9998bf8b5ef,2025-10-02 19:10:34,2026-04-14,2026-04-15,0
ck_9c2ef4235be00818,2025-08-17 18:32:41,2026-04-14,2026-04-15,0
ck_8f7be6bad044970d,2026-04-08 11:00:01,2026-04-14,2026-04-15,0
ck_f53fa46d6a25d3f4,2026-02-07 03:46:32,2026-04-14,2026-04-15,0
ck_cf63caa75fa6af46,2025-11-20 02:06:40,2026-04-14,2026-04-15,0
ck_a492f76814e4344c,2026-04-13 01:45:36,2026-04-14,2026-04-15,0
ck_338d045af35a5dff,2026-02-21 05:52:59,2026-04-14,2026-04-15,0
ck_a77a1ba307f5d1f7,2025-07-08 22:38:54,2026-04-14,2026-04-15,0
ck_8a4899a58d2c5de3,2026-02-27 14:28:15,2026-04-14,2026-04-15,0
ck_91b9e68784cb1812,2026-01-16 18:32:06,2026-04-14,2026-04-15,0
ck_d9d226ba12c603bd,2025-12-27 04:09:53,2026-04-14,2026-04-15,0
ck_fec4c74d0a67f65b,2025-12-31 04:00:35,2026-04-14,2026-04-15,0
ck_5e4ceca6dc1a5265,2026-04-10 09:28:34,2026-04-14,2026-04-15,0
ck_92e850f029fe391b,2025-12-17 09:25:56,2026-04-14,2026-04-15,0
ck_0e40f46a4080398d,2026-04-13 20:06:28,2026-04-14,2026-04-15,0
ck_96f69303e8c2e2db,2026-03-03 19:02:54,2026-04-14,2026-04-15,0
ck_52fe20ae05af85fe,2026-04-13 03:31:05,2026-04-14,2026-04-15,0
ck_a84ee6125f2edafe,2026-01-23 10:20:12,2026-04-14,2026-04-15,0
ck_7ca9f368969cc2e7,2026-03-01 18:55:28,2026-04-14,2026-04-15,0
ck_c1531affa4adf9e7,2026-04-13 22:23:59,2026-04-14,2026-04-15,0
ck_56547f00facd53bb,2026-01-03 07:29:24,2026-04-14,2026-04-15,0
ck_f48d35c219d72d20,2025-12-16 21:04:11,2026-04-14,2026-04-15,1
ck_c719ca2a3042d62c,2026-04-12 16:15:29,2026-04-14,2026-04-15,0
ck_7327111376dbf7fa,2025-12-12 10:45:00,2026-04-14,2026-04-15,0
ck_ce17ecfe908f9b6a,2026-02-26 11:39:25,2026-04-14,2026-04-15,0
ck_2ba34098f5d305d8,2025-11-15 16:39:02,2026-04-14,2026-04-15,0
ck_ff1be4ffbc86f28d,2026-01-09 16:33:19,2026-04-14,2026-04-15,0
ck_065daab82dfbb5a3,2026-02-17 22:07:14,2026-04-14,2026-04-15,0
ck_d7f26684318fd113,2026-04-13 06:54:07,2026-04-14,2026-04-15,0
ck_26d0c72f9c07b1c7,2025-11-22 13:06:55,2026-04-14,2026-04-15,0
ck_830f25c9c92ddae0,2026-04-13 13:55:02,2026-04-14,2026-04-15,0
ck_7a53b9883e615138,2026-03-17 20:28:29,2026-04-14,2026-04-15,1
ck_099e18716e6cd446,2026-01-19 15:49:24,2026-04-14,2026-04-15,0
ck_83a0fed11f5280ee,2025-12-10 02:25:05,2026-04-14,2026-04-15,0
ck_fd92060dc68cfe87,2026-03-26 11:50:54,2026-04-14,2026-04-15,0
ck_eefbb5ca4495c080,2026-03-26 03:23:11,2026-04-14,2026-04-15,0
ck_6042f16f4aebc9de,2026-04-13 08:43:54,2026-04-14,2026-04-15,0
ck_1c0ae48babd1fd54,2025-12-05 20:28:56,2026-04-14,2026-04-15,0
ck_80b5d03f1b933d2f,2026-04-13 09:20:53,2026-04-14,2026-04-15,0
ck_229a2fd1460d2e65,2025-10-30 09:49:01,2026-04-14,2026-04-15,0
ck_a545a37170e70725,2026-04-13 13:04:34,2026-04-14,2026-04-15,1
ck_864702c7e6213a6a,2025-10-14 16:24:30,2026-04-14,2026-04-15,1
ck_d4d7be26247081ee,2026-03-05 08:00:47,2026-04-14,2026-04-15,0
ck_65a0877595b6527e,2026-02-28 14:57:27,2026-04-14,2026-04-15,0
ck_e220767b53a16939,2026-02-21 19:21:20,2026-04-14,2026-04-15,0
ck_cd12f4dcdde05b30,2025-07-25 13:07:57,2026-04-14,2026-04-15,0
ck_aa585d9f7353b554,2026-03-09 22:18:09,2026-04-14,2026-04-15,0
ck_0079bcdec7174306,2026-04-12 15:39:16,2026-04-14,2026-04-15,1
ck_50a49c3cb6b1e3a4,2026-04-13 14:05:10,2026-04-14,2026-04-15,0
ck_7bb67dd2ab13b19d,2026-03-30 07:14:30,2026-04-14,2026-04-15,0
ck_94c193f8b1270341,2025-12-17 16:02:09,2026-04-14,2026-04-15,0
ck_7db8c4acc2bfbcf4,2026-02-14 21:46:50,2026-04-14,2026-04-15,0
ck_c10339d7bd159447,2025-12-17 02:03:10,2026-04-14,2026-04-15,0
ck_89b970ded2fbf3f7,2025-12-08 16:18:45,2026-04-14,2026-04-15,0
ck_d768d819ee63e84a,2026-01-01 21:17:23,2026-04-14,2026-04-15,0
ck_b51a0ff1dd2425b1,2026-02-22 17:04:42,2026-04-14,2026-04-15,0
ck_916096cca4c994fe,2025-12-31 06:28:27,2026-04-14,2026-04-15,0
ck_7568d447a581d3a1,2026-02-22 17:57:56,2026-04-14,2026-04-15,0
ck_599f1e35980e51be,2026-02-04 09:57:04,2026-04-14,2026-04-15,0
ck_2098e8ecfb8aba8b,2025-11-26 04:38:19,2026-04-14,2026-04-15,0
ck_288aeadbffe1c697,2026-04-11 20:26:16,2026-04-14,2026-04-15,0
ck_ab948df18aee4f7f,2025-11-25 22:32:02,2026-04-14,2026-04-15,0
ck_5c71159e3897b4d4,2025-09-21 07:10:14,2026-04-14,2026-04-15,0
ck_c3ffd712994b58c0,2025-06-05 15:46:05,2026-04-14,2026-04-15,0
ck_ede7e7fd53a34379,2026-01-25 06:33:37,2026-04-14,2026-04-15,0
ck_20065d37d8d47c6a,2026-01-30 22:04:10,2026-04-14,2026-04-15,0
ck_ef6c733104b34890,2025-12-17 16:48:08,2026-04-14,2026-04-15,0
ck_3619e51baa24b94e,2026-03-03 02:51:06,2026-04-14,2026-04-15,0
ck_f15be19b117431d0,2026-01-05 14:55:53,2026-04-14,2026-04-15,0
ck_23f510fab94f8f99,2026-02-19 04:02:28,2026-04-14,2026-04-15,0
ck_ec12e0d640299d6c,2026-03-28 20:02:47,2026-04-14,2026-04-15,0
ck_6196e16c7e56b2c4,2025-12-17 22:47:55,2026-04-14,2026-04-15,0
ck_3a66111b1eb6e2f1,2026-03-10 16:33:43,2026-04-14,2026-04-15,0
ck_5660f2bf10e5ff59,2025-08-22 17:31:29,2026-04-14,2026-04-15,0
ck_0107c3c56a04af67,2026-02-07 17:11:43,2026-04-14,2026-04-15,0
ck_b88b20f7e0301ec9,2025-08-12 03:59:29,2026-04-14,2026-04-15,0
ck_7528dc01d081a0fc,2026-01-15 05:59:57,2026-04-14,2026-04-15,0
ck_3ae1ac7166fd66d6,2025-11-19 09:50:18,2026-04-14,2026-04-15,0
ck_d7909ad5224bfea1,2026-04-12 21:44:14,2026-04-14,2026-04-15,0
ck_d0eab5452e1a98db,2026-03-14 19:12:01,2026-04-14,2026-04-15,0
ck_cbc34792d862a3bb,2026-02-12 04:24:46,2026-04-14,2026-04-15,0
ck_9f93059e401c9564,2025-09-01 22:18:03,2026-04-14,2026-04-15,0
ck_5063804137632abe,2026-02-02 09:08:06,2026-04-14,2026-04-15,0
ck_005802d8a4215738,2026-02-26 19:53:20,2026-04-14,2026-04-15,0
ck_63a5101467106c25,2026-02-12 22:45:29,2026-04-14,2026-04-15,0
ck_a3b8c3b9e5997592,2026-02-12 17:09:25,2026-04-14,2026-04-15,0
ck_ee30494f78134a18,2026-01-03 00:13:41,2026-04-14,2026-04-15,0
ck_3b5404dc44331c3a,2025-06-11 22:58:01,2026-04-14,2026-04-15,0
ck_49327f9cefa8e773,2026-04-12 12:00:36,2026-04-14,2026-04-15,0
ck_a8fe51327e4fe677,2026-04-10 04:07:15,2026-04-14,2026-04-15,0
ck_b74a6dcd80332a4e,2026-03-03 05:23:31,2026-04-14,2026-04-15,0
ck_d84dfd6a0e46de60,2025-09-06 06:19:00,2026-04-14,2026-04-15,0
ck_c72c7b8c4e5f9953,2026-02-25 12:30:01,2026-04-14,2026-04-15,0
ck_e4d31ccb3594aa70,2026-04-11 20:07:44,2026-04-14,2026-04-15,1
ck_4c0550aa67b91576,2026-02-05 18:52:20,2026-04-14,2026-04-15,0
ck_151ec66aad97d466,2026-04-13 06:41:15,2026-04-14,2026-04-15,0
ck_629a3ea8897544a0,2026-03-21 15:31:44,2026-04-14,2026-04-15,1
ck_0c0d223b01786980,2025-11-01 01:42:04,2026-04-14,2026-04-15,0
ck_a2f7d1d5d2dd8dcb,2026-03-11 18:42:55,2026-04-14,2026-04-15,0
ck_a6813e0cd9fbc37f,2026-04-13 23:24:24,2026-04-14,2026-04-15,0
ck_0918d2f0cfac033e,2025-11-21 22:31:26,2026-04-14,2026-04-15,0
ck_ae45f416ff7a6b12,2025-11-10 12:14:06,2026-04-14,2026-04-15,0
ck_4233bbd79d75f799,2025-12-27 12:56:03,2026-04-14,2026-04-15,0
ck_c956c13d06876a86,2026-02-23 10:27:15,2026-04-14,2026-04-15,0
ck_f9f7763c9038c13b,2026-03-15 00:00:52,2026-04-14,2026-04-15,0
ck_95d6734d6cf49a2e,2026-04-11 14:34:33,2026-04-14,2026-04-15,1
ck_5554c4944bc08a28,2026-03-31 17:57:13,2026-04-14,2026-04-15,0
ck_d2f70a60e03d5d61,2026-03-12 03:20:53,2026-04-14,2026-04-15,0
ck_3a5aa92ecac59167,2025-12-18 04:21:20,2026-04-14,2026-04-15,0
ck_9ee385a143ec0f10,2026-01-06 23:00:42,2026-04-14,2026-04-15,1
ck_aa119eed2e3f5f65,2026-04-13 00:34:13,2026-04-14,2026-04-15,1
ck_f19fdf508c1718ed,2026-04-13 16:36:05,2026-04-14,2026-04-15,0
ck_53924c0f6ae18134,2026-04-13 20:36:18,2026-04-14,2026-04-15,0
ck_bc8677d5a726deaa,2026-04-13 08:55:14,2026-04-14,2026-04-15,1
ck_7e2c10af2fc8044b,2025-12-21 07:53:13,2026-04-14,2026-04-15,0
ck_151e049a21504fea,2025-12-21 08:00:37,2026-04-14,2026-04-15,0
ck_14e10a9bcd9efb38,2025-11-13 00:55:50,2026-04-14,2026-04-15,0
ck_875d99cb137f96c7,2026-04-13 15:11:43,2026-04-14,2026-04-15,1
ck_7c89faafacce144e,2026-01-08 22:28:39,2026-04-14,2026-04-15,0
ck_4bf998ed96b9b6ae,2025-12-10 05:16:11,2026-04-14,2026-04-15,0
ck_496dcca75c28ca24,2026-03-08 08:40:10,2026-04-14,2026-04-15,0
ck_0d2d96ba0f30cebe,2026-01-23 07:46:40,2026-04-14,2026-04-15,0
ck_a0c07081840a274d,2025-08-04 02:19:07,2026-04-14,2026-04-15,0
ck_34994e2ee7090eab,2025-10-26 05:02:38,2026-04-14,2026-04-15,0
ck_925e0c2e83f469e5,2025-12-20 00:04:02,2026-04-14,2026-04-15,0
ck_00389b209b37394b,2025-11-21 00:00:19,2026-04-14,2026-04-15,1
ck_59d59fabfe9864cb,2026-04-13 19:18:28,2026-04-14,2026-04-15,0
ck_926b2b93aef792aa,2026-01-11 14:28:21,2026-04-14,2026-04-15,0
ck_b98513cdaca06525,2026-04-12 12:05:26,2026-04-14,2026-04-15,0
ck_12b512598b599e55,2026-02-21 23:24:26,2026-04-14,2026-04-15,0
ck_d3bbc2809e4c621a,2025-11-25 18:00:45,2026-04-14,2026-04-15,0
ck_ef953899b3773c82,2026-04-13 15:43:44,2026-04-14,2026-04-15,0
ck_f4488990a88f2429,2025-10-16 20:39:35,2026-04-14,2026-04-15,0
ck_fd06a716fc710ec4,2026-01-27 21:38:16,2026-04-14,2026-04-15,0
ck_e15bf1bd3f44e49b,2026-02-12 13:42:23,2026-04-14,2026-04-15,0
ck_f87eacf47ebe5f52,2025-07-11 14:01:18,2026-04-14,2026-04-15,0
ck_2e5a4f37d33224eb,2026-04-12 02:38:48,2026-04-14,2026-04-15,0
ck_180afce045ed0b5f,2026-03-10 23:41:20,2026-04-14,2026-04-15,0
ck_f1ebdcf41971f82d,2025-10-15 12:18:06,2026-04-14,2026-04-15,0
ck_5e64ed19c46ad7d1,2026-04-13 19:41:47,2026-04-14,2026-04-15,0
ck_6f46dd99f859c1b8,2026-03-08 02:52:32,2026-04-14,2026-04-15,0
ck_e497b989aeed4232,2026-02-05 17:18:01,2026-04-14,2026-04-15,0
ck_f70f3821d6c37e78,2026-01-21 08:18:00,2026-04-14,2026-04-15,0
ck_439d9158a90ca217,2026-04-12 15:13:20,2026-04-14,2026-04-15,0
ck_751cb5bc08a0497c,2025-12-30 22:44:46,2026-04-14,2026-04-15,0
ck_4a9ae233dd7b7e38,2025-11-26 15:55:13,2026-04-14,2026-04-15,0
ck_501ccc9451c29ab5,2026-04-13 08:26:42,2026-04-14,2026-04-15,0
ck_64731ff250e83dad,2025-12-22 19:04:12,2026-04-14,2026-04-15,0
ck_3252285c27833446,2026-02-09 10:19:20,2026-04-14,2026-04-15,0
ck_1eb07bc65bbb5271,2025-11-24 02:36:46,2026-04-14,2026-04-15,0
ck_b8ca4809dbed1cca,2026-04-12 19:46:51,2026-04-14,2026-04-15,0
ck_e33953114afecbcd,2026-03-07 06:09:56,2026-04-14,2026-04-15,0
ck_7f99f33a9202abd7,2025-11-18 11:40:48,2026-04-14,2026-04-15,0
ck_4c992570d380cbc7,2026-03-14 20:21:24,2026-04-14,2026-04-15,0
ck_c83ba01bf7a99b91,2026-04-13 13:31:40,2026-04-14,2026-04-15,0
ck_96bd35657abf68fb,2025-10-02 05:33:11,2026-04-14,2026-04-15,0
ck_3ec51f297fb141cf,2026-02-19 10:04:59,2026-04-15,2026-04-16,0
ck_ea1d4c94995d3d92,2026-02-01 08:50:41,2026-04-15,2026-04-16,0
ck_ce555093d11484ac,2026-01-14 14:27:13,2026-04-15,2026-04-16,0
ck_7e0b7b5c3dfc6bec,2026-04-13 07:03:37,2026-04-15,2026-04-16,0
ck_e3bd6a80355c418d,2026-03-18 11:20:00,2026-04-15,2026-04-16,0
ck_db00a70f31227894,2025-12-20 22:59:26,2026-04-15,2026-04-16,0
ck_6f421db9ae980dc7,2026-01-18 16:14:13,2026-04-15,2026-04-16,0
ck_d100737a2b5da5ce,2026-03-13 06:30:45,2026-04-15,2026-04-16,0
ck_d7941518146cacee,2026-01-11 01:39:27,2026-04-15,2026-04-16,0
ck_76d70fc800cf391f,2026-04-14 04:22:35,2026-04-15,2026-04-16,1
ck_6942c73e1a981066,2026-04-13 09:46:57,2026-04-15,2026-04-16,0
ck_dde287be5734c769,2026-02-28 06:46:55,2026-04-15,2026-04-16,0
ck_0052502c9c01b151,2026-04-14 04:38:39,2026-04-15,2026-04-16,0
ck_b29a67e0d2c20632,2026-01-12 12:16:19,2026-04-15,2026-04-16,0
ck_8d1b34f1775c35ab,2025-12-05 13:19:37,2026-04-15,2026-04-16,0
ck_b3f709d8f9d2ffd3,2026-02-22 09:33:18,2026-04-15,2026-04-16,0
ck_1f4c058bc9fc1d5b,2026-02-10 01:41:13,2026-04-15,2026-04-16,0
ck_c80ce19baf1dac0c,2026-04-14 13:09:06,2026-04-15,2026-04-16,0
ck_60700db9d5db3ca4,2025-11-24 09:09:21,2026-04-15,2026-04-16,0
ck_d4dae0373d338611,2026-01-27 22:33:09,2026-04-15,2026-04-16,0
ck_7c46e09e1aba4080,2025-09-14 09:06:51,2026-04-15,2026-04-16,0
ck_29b6270dd74e8dd0,2026-03-10 15:25:27,2026-04-15,2026-04-16,0
ck_617b8cb16f49ccff,2026-01-10 23:49:09,2026-04-15,2026-04-16,1
ck_1c543bfff242eade,2025-11-09 21:59:57,2026-04-15,2026-04-16,0
ck_c506e048c4d17cc1,2026-02-23 18:51:10,2026-04-15,2026-04-16,0
ck_c5c49dea525d11c2,2025-11-20 05:37:22,2026-04-15,2026-04-16,0
ck_6527eea3de366b96,2026-04-14 20:09:50,2026-04-15,2026-04-16,0
ck_5bc4f0b1e0726ee3,2026-03-13 10:45:22,2026-04-15,2026-04-16,0
ck_207a645b133a75cc,2026-02-27 19:14:03,2026-04-15,2026-04-16,0
ck_6e5cc5527c1b18fe,2026-04-10 07:25:22,2026-04-15,2026-04-16,0
ck_71a77a8521370293,2026-03-17 20:07:09,2026-04-15,2026-04-16,0
ck_4370c9e17afe5efe,2025-09-14 10:23:46,2026-04-15,2026-04-16,0
ck_f68d0f40a0d8b790,2026-01-29 07:30:28,2026-04-15,2026-04-16,0
ck_bb419710a9e00edc,2026-02-04 17:52:34,2026-04-15,2026-04-16,0
ck_72eb27eb2d73c476,2026-04-14 09:15:37,2026-04-15,2026-04-16,0
ck_505f1ca689b5d550,2026-02-08 15:52:17,2026-04-15,2026-04-16,0
ck_b43b504ec597b493,2026-04-13 07:42:13,2026-04-15,2026-04-16,1
ck_c713cfc3e21ebb74,2026-01-25 01:21:44,2026-04-15,2026-04-16,0
ck_32bda0d4e5239e9f,2026-03-16 01:02:54,2026-04-15,2026-04-16,0
ck_2b31c587460a3b7c,2026-01-27 12:48:43,2026-04-15,2026-04-16,0
ck_510403d71f4ced57,2026-01-10 23:22:37,2026-04-15,2026-04-16,0
ck_4e507e273c6806e8,2026-02-27 10:31:47,2026-04-15,2026-04-16,1
ck_a1b23b01e8ac6ea8,2026-04-14 07:46:11,2026-04-15,2026-04-16,0
ck_3df766f09758c419,2026-01-10 18:05:13,2026-04-15,2026-04-16,0
ck_12ddaaa82e081095,2026-03-27 17:01:54,2026-04-15,2026-04-16,0
ck_cdb2bbae5a2615d7,2026-04-14 08:25:10,2026-04-15,2026-04-16,0
ck_5599eef5ffbabe5e,2026-02-22 15:25:35,2026-04-15,2026-04-16,0
ck_c7ad1582eb4260c3,2026-03-16 12:00:26,2026-04-15,2026-04-16,0
ck_9d6dc59f22c01759,2026-03-16 00:55:34,2026-04-15,2026-04-16,0
ck_3cd30421de93ccf3,2025-09-26 02:38:17,2026-04-15,2026-04-16,0
ck_1ad5984bcb8ad621,2026-01-30 13:47:33,2026-04-15,2026-04-16,0
ck_680722e53c8e95ff,2025-09-06 08:02:49,2026-04-15,2026-04-16,0
ck_87647667aa2e2662,2026-02-02 08:16:29,2026-04-15,2026-04-16,0
ck_d8f13d31c9510318,2025-11-05 21:01:18,2026-04-15,2026-04-16,0
ck_80eb016fa059103a,2026-04-14 15:07:39,2026-04-15,2026-04-16,0
ck_509d1b632a24578d,2026-01-24 19:54:33,2026-04-15,2026-04-16,0
ck_6c0026e46a47a1cf,2026-04-14 06:04:28,2026-04-15,2026-04-16,0
ck_2adc7e3f3dbf5022,2026-04-14 20:06:46,2026-04-15,2026-04-16,0
ck_63bfd54134617ef6,2026-04-08 02:03:01,2026-04-15,2026-04-16,0
ck_da46059f0aacaff5,2026-02-17 06:04:00,2026-04-15,2026-04-16,1
ck_88660dc17717e7f3,2025-12-25 00:31:47,2026-04-15,2026-04-16,0
ck_5b0d70b09bd8c7f4,2026-01-24 20:30:56,2026-04-15,2026-04-16,0
ck_5e3a4536a2900518,2025-11-23 04:21:29,2026-04-15,2026-04-16,0
ck_e617395dc4a4d1e6,2026-03-15 20:17:44,2026-04-15,2026-04-16,0
ck_0cc4043d6a322a41,2026-04-11 20:36:53,2026-04-15,2026-04-16,0
ck_ad29224c813576bf,2026-01-25 17:51:10,2026-04-15,2026-04-16,0
ck_6cb5bbcc8f32fa9b,2026-04-14 09:58:29,2026-04-15,2026-04-16,0
ck_3aeba8d835ca0644,2026-01-17 09:04:14,2026-04-15,2026-04-16,0
ck_f400271fc997c878,2026-04-14 12:23:21,2026-04-15,2026-04-16,0
ck_0dba52e9d0eba61a,2026-03-08 11:35:30,2026-04-15,2026-04-16,0
ck_05f36e2be05f4432,2026-02-24 11:34:39,2026-04-15,2026-04-16,0
ck_a783932010263903,2026-02-08 19:01:07,2026-04-15,2026-04-16,0
ck_7ceaa11b09fb004f,2026-01-18 16:07:30,2026-04-15,2026-04-16,0
ck_d5fb0ae35f5edc35,2026-02-24 18:52:38,2026-04-15,2026-04-16,0
ck_0f04ae12797c8f06,2025-11-20 05:11:16,2026-04-15,2026-04-16,0
ck_78b6f2d9069aa9a9,2026-03-24 21:05:44,2026-04-15,2026-04-16,0
ck_1c2da4bce2f2bf60,2026-04-11 08:45:34,2026-04-15,2026-04-16,0
ck_f4edff9c9923a0e6,2026-01-17 08:18:15,2026-04-15,2026-04-16,0
ck_ceadd8ee49d45d0a,2025-03-13 18:35:20,2026-04-15,2026-04-16,0
ck_8ec02505be300be2,2026-02-28 17:57:46,2026-04-15,2026-04-16,0
ck_6d10887196110975,2026-01-05 04:58:34,2026-04-15,2026-04-16,0
ck_bb050583f9fff023,2026-01-19 09:35:19,2026-04-15,2026-04-16,0
ck_5630c741c0d36e7d,2026-02-06 15:49:37,2026-04-15,2026-04-16,0
ck_028b7080ac609f7b,2026-04-14 04:00:24,2026-04-15,2026-04-16,0
ck_949104d0d67e4ad2,2026-04-14 12:39:15,2026-04-15,2026-04-16,0
ck_422d3b3f713b7308,2026-02-17 17:58:58,2026-04-15,2026-04-16,0
ck_657bb91ddda26e2c,2026-01-19 12:56:22,2026-04-15,2026-04-16,0
ck_281cfcac00bf0ad6,2026-02-04 19:12:46,2026-04-15,2026-04-16,0
ck_e00b32d96305e59c,2026-04-13 19:04:31,2026-04-15,2026-04-16,0
ck_4ab7cb8ed78df8f8,2026-01-05 00:34:38,2026-04-15,2026-04-16,0
ck_77f44f7f1571cb35,2026-02-01 21:41:16,2026-04-15,2026-04-16,0
ck_e8504ae2b9b67474,2026-01-25 01:27:39,2026-04-15,2026-04-16,0
ck_6ec01d9803b16e2e,2025-12-20 12:55:54,2026-04-15,2026-04-16,0
ck_55b070b87919cbbc,2026-03-14 23:38:00,2026-04-15,2026-04-16,0
ck_aa68bed358240567,2026-02-16 01:59:26,2026-04-15,2026-04-16,0
ck_ed7e440e2e585310,2025-12-07 23:13:23,2026-04-15,2026-04-16,0
ck_d3e497aed52d0299,2025-12-03 03:47:38,2026-04-15,2026-04-16,0
ck_c953a5a382bbe597,2026-03-13 08:17:09,2026-04-15,2026-04-16,1
ck_b754a578352913f0,2025-11-15 01:45:12,2026-04-15,2026-04-16,0
ck_a1147bdf23e4d7ad,2026-02-04 13:48:50,2026-04-15,2026-04-16,0
ck_202c725b7be526bd,2025-12-30 19:30:30,2026-04-15,2026-04-16,0
ck_dee6797dd446548b,2026-02-02 15:03:20,2026-04-15,2026-04-16,0
ck_a0ba7683ada181db,2026-01-17 13:06:23,2026-04-15,2026-04-16,0
ck_731d3c6556963fa3,2026-01-31 11:53:06,2026-04-15,2026-04-16,0
ck_74b5858958c872e5,2025-12-29 01:08:20,2026-04-15,2026-04-16,0
ck_d996e24a39ec9752,2025-10-20 09:07:52,2026-04-15,2026-04-16,0
ck_542b5d686151f72b,2026-01-03 13:43:50,2026-04-15,2026-04-16,0
ck_277fbada000e724c,2026-02-24 23:31:29,2026-04-15,2026-04-16,1
ck_3589ad4ce184396a,2025-11-21 10:23:03,2026-04-15,2026-04-16,0
ck_f567dfd8cf889c01,2026-04-12 17:32:25,2026-04-15,2026-04-16,0
ck_1898565c7e9b1557,2026-02-21 15:32:43,2026-04-15,2026-04-16,0
ck_31921a07ceef62ef,2026-04-12 09:00:14,2026-04-15,2026-04-16,0
ck_4553b4a094bd0a99,2026-03-13 15:32:02,2026-04-15,2026-04-16,0
ck_57a2cf0a56e0b708,2025-12-09 20:19:16,2026-04-15,2026-04-16,0
ck_3d3cc9edfed0244a,2025-11-11 18:33:05,2026-04-15,2026-04-16,0
ck_db9230598f01f62e,2026-01-30 02:13:52,2026-04-15,2026-04-16,0
ck_fd121c8e580d16ea,2025-11-28 10:23:41,2026-04-15,2026-04-16,0
ck_8f9c6da28be90f34,2026-01-04 17:45:02,2026-04-15,2026-04-16,0
ck_00436d6b09c98735,2026-04-02 13:57:03,2026-04-15,2026-04-16,0
ck_c9738f44dd2ca0f7,2026-01-07 08:35:39,2026-04-15,2026-04-16,0
ck_902e1b83a0438843,2026-01-08 18:32:34,2026-04-15,2026-04-16,0
ck_8e5df24a225ff4f5,2026-02-22 07:02:48,2026-04-15,2026-04-16,1
ck_ea5cdf59e93202c2,2026-04-02 00:50:28,2026-04-15,2026-04-16,0
ck_c3749499b8b0b8c2,2026-03-24 15:25:24,2026-04-15,2026-04-16,0
ck_9e968e0f99f441fd,2026-02-14 02:55:32,2026-04-15,2026-04-16,0
ck_659e4e05af4f3dcc,2025-11-02 03:45:14,2026-04-15,2026-04-16,0
ck_70733e3b2fc2cb00,2026-02-22 19:07:39,2026-04-15,2026-04-16,0
ck_7bf20d024507b77f,2026-02-16 02:46:20,2026-04-15,2026-04-16,0
ck_548d117292736bc6,2026-04-05 08:13:58,2026-04-15,2026-04-16,0
ck_e0266e7e0925c37b,2026-01-14 05:04:32,2026-04-15,2026-04-16,0
ck_b5f495496ef34c24,2026-02-03 21:13:52,2026-04-15,2026-04-16,0
ck_ba74f55fcf04020f,2025-11-09 20:30:41,2026-04-15,2026-04-16,0
ck_94082ef2b7ad12a7,2026-03-24 01:54:08,2026-04-15,2026-04-16,0
ck_7318b92995355c0f,2026-04-14 22:05:08,2026-04-15,2026-04-16,0
ck_7f82fc09c3e65a0d,2026-03-26 16:43:21,2026-04-15,2026-04-16,0
ck_15e02d4e7af35891,2026-02-09 10:15:34,2026-04-15,2026-04-16,0
ck_f29ddd23c11e59e4,2026-04-13 09:25:43,2026-04-15,2026-04-16,1
ck_6607d1c62a39a923,2025-12-14 03:10:10,2026-04-15,2026-04-16,0
ck_574442658d82b6c4,2025-12-22 12:27:13,2026-04-15,2026-04-16,0
ck_278f8345284a55de,2026-04-14 12:54:21,2026-04-15,2026-04-16,0
ck_4e5a1070c580b2a7,2025-12-08 13:49:44,2026-04-15,2026-04-16,0
ck_ffe2bdd663cea9ac,2026-02-17 04:53:02,2026-04-15,2026-04-16,0
ck_1c4d6b6ae96284bb,2026-01-20 19:15:48,2026-04-15,2026-04-16,1
ck_7531b3b85fb56fb9,2025-12-13 19:15:48,2026-04-15,2026-04-16,0
ck_1e0e84aa1c2b2d9f,2026-01-25 22:35:08,2026-04-15,2026-04-16,0
ck_0131a66271ebceb7,2026-03-11 17:05:55,2026-04-15,2026-04-16,0
ck_3b68042140e8764c,2026-04-03 17:15:12,2026-04-15,2026-04-16,0
ck_f3deb15a5bbabd2d,2026-04-14 15:42:18,2026-04-15,2026-04-16,0
ck_f5af41b953b48237,2026-03-14 07:06:16,2026-04-15,2026-04-16,0
ck_7f68cc69f1340d17,2026-02-04 20:25:17,2026-04-15,2026-04-16,0
ck_b207d393eef75fab,2025-12-19 23:29:53,2026-04-15,2026-04-16,0
ck_40497ff724d311ad,2026-04-14 14:33:39,2026-04-15,2026-04-16,0
ck_77e14399aa2e37e3,2025-10-11 23:23:21,2026-04-15,2026-04-16,0
ck_7a3c9990833c931d,2025-09-21 19:56:26,2026-04-15,2026-04-16,1
ck_b2c89ddc23daee08,2026-01-11 09:48:02,2026-04-15,2026-04-16,0
ck_d3a35539d1091ddf,2026-04-14 11:27:37,2026-04-15,2026-04-16,1
ck_203b9a15295b113d,2026-01-30 11:29:31,2026-04-15,2026-04-16,0
ck_2df09596860fca44,2025-08-31 10:02:18,2026-04-15,2026-04-16,0
ck_d43322c1236ec6b7,2026-04-13 15:24:59,2026-04-15,2026-04-16,0
ck_27e16345b6d4cd7f,2025-11-28 18:50:28,2026-04-15,2026-04-16,0
ck_c02ed1500ff87583,2025-10-03 05:17:52,2026-04-15,2026-04-16,0
ck_6d85a435519bade7,2026-04-14 07:25:21,2026-04-15,2026-04-16,0
ck_a7976eca92ee8b2b,2026-01-31 13:31:21,2026-04-15,2026-04-16,0
ck_9162a0c8c7faf3f2,2026-04-13 04:42:10,2026-04-15,2026-04-16,0
ck_6fa842c5a6c018e7,2026-04-14 18:24:34,2026-04-15,2026-04-16,0
ck_7205057d9e716984,2026-01-02 01:48:47,2026-04-15,2026-04-16,0
ck_81306cd9c7eaa9d5,2026-01-03 17:50:26,2026-04-15,2026-04-16,0
ck_c9a700dbf493ccfa,2026-01-04 08:08:30,2026-04-15,2026-04-16,0
ck_0fd5954c0e049557,2025-12-10 10:42:12,2026-04-15,2026-04-16,0
ck_2e165c31a8b2e795,2026-03-07 08:18:39,2026-04-15,2026-04-16,0
ck_3fa4ce32b5393e7f,2025-12-20 18:08:34,2026-04-15,2026-04-16,0
ck_ed859226a80d6700,2026-03-08 06:13:28,2026-04-15,2026-04-16,0
ck_9d1c3b32f11b02b9,2026-03-17 21:37:10,2026-04-15,2026-04-16,1
ck_a2e6971fbc5be024,2026-02-17 00:44:33,2026-04-15,2026-04-16,0
ck_bacd8b6f08e06317,2025-10-30 18:47:56,2026-04-15,2026-04-16,0
ck_e0c0b2549519d3d1,2026-04-11 01:06:52,2026-04-15,2026-04-16,0
ck_598d258e04e7a9c7,2026-04-12 07:49:21,2026-04-15,2026-04-16,0
ck_5fde045d20986bbd,2026-03-10 01:45:56,2026-04-15,2026-04-16,0
ck_6a27ea737b2d7bc8,2026-03-10 04:15:22,2026-04-15,2026-04-16,0
ck_6f7690224d6e8372,2025-08-12 07:20:32,2026-04-15,2026-04-16,0
ck_6083b4f6cd8b47ea,2026-02-10 10:17:26,2026-04-15,2026-04-16,0
ck_17422f788c332b67,2025-12-19 12:00:44,2026-04-15,2026-04-16,0
ck_74fba312de154a89,2026-04-12 11:13:12,2026-04-15,2026-04-16,1
ck_2c3e4e8f7408c1a0,2026-04-12 18:28:49,2026-04-15,2026-04-16,0
ck_c10d84af51b140a9,2025-12-24 05:04:42,2026-04-15,2026-04-16,0
ck_d68bb1236c80574c,2026-02-06 22:03:15,2026-04-15,2026-04-16,0
ck_def05326a05b206f,2026-01-27 05:41:06,2026-04-15,2026-04-16,0
ck_1a98d438169b5a06,2025-10-23 00:28:15,2026-04-15,2026-04-16,0
ck_d90ceb4e4892d568,2026-02-17 17:04:19,2026-04-15,2026-04-16,0
ck_0ebfab4fe98b94a9,2026-02-09 18:06:17,2026-04-15,2026-04-16,0
ck_41a5d7879c8eadfc,2026-04-14 09:42:43,2026-04-15,2026-04-16,0
ck_ce6b662768e2a653,2026-02-07 09:51:56,2026-04-15,2026-04-16,1
ck_f58fab2e98f6d926,2026-03-06 23:34:50,2026-04-15,2026-04-16,0
ck_b4586164e7d6de2f,2026-02-03 05:40:40,2026-04-15,2026-04-16,0
ck_9d33872d84e28238,2026-04-11 02:09:09,2026-04-15,2026-04-16,0
ck_7bac2b7f5cb35e94,2026-04-12 18:13:26,2026-04-15,2026-04-16,0
ck_3d7414fb928710cf,2026-04-14 19:46:43,2026-04-15,2026-04-16,1
ck_b842b406daa6a156,2026-03-15 02:20:41,2026-04-15,2026-04-16,0
ck_6bcdb357f58abd23,2026-04-14 00:26:31,2026-04-15,2026-04-16,0
ck_014c4ce90b33c6c2,2026-03-03 12:45:27,2026-04-15,2026-04-16,0
ck_85037de9a913db83,2025-10-29 23:07:15,2026-04-15,2026-04-16,0
ck_ea4f7f0356934e67,2026-04-12 17:45:15,2026-04-15,2026-04-16,1
ck_6b2ba1bde4133fef,2026-02-26 18:44:19,2026-04-15,2026-04-16,0
ck_cdced011e3d5a7ca,2026-04-14 11:52:45,2026-04-15,2026-04-16,0
ck_c035df8a920085d4,2026-01-02 22:01:25,2026-04-15,2026-04-16,0
ck_113987b1883844a1,2026-01-23 19:50:56,2026-04-15,2026-04-16,0
ck_1de9abd3f123dc7c,2026-02-23 05:45:45,2026-04-15,2026-04-16,0
ck_9dd2ff916632c3e5,2026-01-13 01:32:57,2026-04-15,2026-04-16,0
ck_40d94b1368cea521,2026-03-03 04:13:30,2026-04-15,2026-04-16,0
ck_32ae3fcb51d4f069,2026-01-22 05:39:58,2026-04-15,2026-04-16,0
ck_fd7286c79df0a106,2026-04-14 00:09:49,2026-04-15,2026-04-16,0
ck_1327de2e587fd9e6,2026-04-11 23:28:33,2026-04-15,2026-04-16,0
ck_1fa0ee9f182e76ba,2025-12-15 04:40:46,2026-04-15,2026-04-16,0
ck_0fdbef4af6b3e479,2026-03-18 17:41:16,2026-04-15,2026-04-16,0
ck_b30b27f9e5a22a36,2026-04-12 21:28:15,2026-04-15,2026-04-16,1
ck_5f6a6fe389ff91e5,2026-04-14 11:22:57,2026-04-15,2026-04-16,0
ck_e511982c45e168ba,2026-02-04 02:56:32,2026-04-15,2026-04-16,0
ck_a20ff93db90316da,2025-11-18 02:49:28,2026-04-15,2026-04-16,0
ck_179b2294e43a1baf,2025-11-13 12:29:55,2026-04-15,2026-04-16,0
ck_9fa33f453fd48cc7,2026-01-20 23:35:01,2026-04-15,2026-04-16,0
ck_be9eddc27ce15d09,2026-03-07 16:46:55,2026-04-15,2026-04-16,0
ck_ae2ede38311c64c7,2026-01-18 02:06:31,2026-04-15,2026-04-16,1
ck_80a684745f76c3fc,2026-01-28 05:46:28,2026-04-15,2026-04-16,0
ck_d485643ac52f7c27,2025-10-08 09:17:51,2026-04-15,2026-04-16,0
ck_ca73e441f34670cb,2025-09-05 11:27:28,2026-04-15,2026-04-16,0
ck_ea7988bb70ae3184,2026-01-04 03:14:22,2026-04-15,2026-04-16,0
ck_1e16190eef1bd112,2026-02-09 03:53:35,2026-04-15,2026-04-16,0
ck_9657785637ece157,2026-04-02 20:44:00,2026-04-15,2026-04-16,0
ck_bd81760899adfef2,2026-02-09 04:15:57,2026-04-15,2026-04-16,0
ck_da51549f7196ab12,2026-01-31 13:55:42,2026-04-15,2026-04-16,0
ck_62f1e708aa56a472,2025-11-22 17:42:34,2026-04-15,2026-04-16,0
ck_5d4299e6fcae3a21,2025-10-12 16:10:32,2026-04-15,2026-04-16,0
ck_382011aebbb98f60,2026-02-03 22:46:40,2026-04-15,2026-04-16,0
ck_fdb8b65fe6927ab0,2026-02-10 10:43:06,2026-04-15,2026-04-16,0
ck_2a3859d52a442dbc,2026-04-13 12:50:04,2026-04-15,2026-04-16,1
ck_e03865a975e72fe6,2026-04-14 10:46:31,2026-04-15,2026-04-16,0
ck_49a003707a9f16fa,2026-01-14 05:00:51,2026-04-15,2026-04-16,0
ck_41522e573d7b858d,2025-12-27 12:16:36,2026-04-15,2026-04-16,0
ck_e61892bcb40b537d,2025-09-13 09:30:20,2026-04-15,2026-04-16,0
ck_42fcf5c6150aba3f,2025-10-24 07:23:03,2026-04-15,2026-04-16,0
ck_d10391fbd1f966c9,2026-03-13 15:31:27,2026-04-15,2026-04-16,0
ck_be2236a9070357d3,2025-10-22 00:53:49,2026-04-15,2026-04-16,0
ck_57fabdef984bc9ba,2025-05-03 14:10:16,2026-04-15,2026-04-16,0
ck_73330623ea328068,2026-04-14 13:00:44,2026-04-15,2026-04-16,0
ck_7f3b88bca197425e,2026-01-07 05:19:32,2026-04-15,2026-04-16,0
ck_c64491839f0c9b27,2026-02-21 20:47:08,2026-04-15,2026-04-16,0
ck_d1934567d938862b,2025-12-21 12:25:52,2026-04-15,2026-04-16,0
ck_1ae11a40f6772efb,2026-04-14 23:13:32,2026-04-15,2026-04-16,1
ck_19a61af107d6b8be,2025-11-29 16:32:31,2026-04-15,2026-04-16,0
ck_990866fa343e5221,2026-01-04 16:44:20,2026-04-15,2026-04-16,0
ck_558ad60a215aa4c5,2025-11-14 21:46:02,2026-04-15,2026-04-16,0
ck_b84fe2f288ed6f45,2025-12-23 04:56:49,2026-04-15,2026-04-16,1
ck_7d4cf83ae9f193ad,2026-02-24 23:50:56,2026-04-15,2026-04-16,0
ck_1da4c6e4b497d084,2026-02-10 10:48:58,2026-04-15,2026-04-16,0
ck_f7402903dec05d26,2026-03-05 23:34:18,2026-04-15,2026-04-16,0
ck_3d6e4c0c556ddf04,2026-04-13 22:56:00,2026-04-15,2026-04-16,0
ck_d824996ca03bb93c,2025-09-13 21:14:06,2026-04-15,2026-04-16,0
ck_720403185820175e,2026-01-31 14:40:15,2026-04-15,2026-04-16,0
ck_54aebc191ddad4c3,2025-11-25 01:23:50,2026-04-15,2026-04-16,0
ck_6b823ebb86fa6593,2026-01-30 00:53:34,2026-04-15,2026-04-16,0
ck_b1c6701697a9f63e,2026-03-29 05:14:32,2026-04-15,2026-04-16,0
ck_4d0a0a924feea433,2025-09-14 01:15:16,2026-04-15,2026-04-16,0
ck_3160e4d5b8042b05,2026-02-05 03:02:36,2026-04-15,2026-04-16,0
ck_639673dbe59486c9,2026-04-14 15:03:36,2026-04-15,2026-04-16,0
ck_fe8ffc5cb7f44c73,2026-04-13 04:35:25,2026-04-15,2026-04-16,0
ck_c0eda6273d79e670,2025-12-24 03:32:29,2026-04-15,2026-04-16,1
ck_202a1d176ac859c4,2026-01-18 04:02:48,2026-04-15,2026-04-16,0
ck_46409faeb2b0f76b,2025-08-30 11:30:33,2026-04-15,2026-04-16,0
ck_cd70d2a92ebc7a58,2026-04-13 22:43:54,2026-04-15,2026-04-16,0
ck_8466724668601708,2026-03-15 15:10:51,2026-04-15,2026-04-16,0
ck_4cb2b0b47644cfeb,2025-12-15 03:29:38,2026-04-15,2026-04-16,0
ck_291e15c520c8b955,2025-12-02 04:15:28,2026-04-15,2026-04-16,0
ck_7cdd0cbf6a5bf2ff,2025-12-21 06:25:45,2026-04-15,2026-04-16,1
ck_203ae93785f8e60e,2026-03-21 09:37:12,2026-04-15,2026-04-16,0
ck_ebca022c6d2ce0bb,2026-02-07 18:59:06,2026-04-15,2026-04-16,0
ck_3a902239e31de286,2026-01-30 07:57:11,2026-04-15,2026-04-16,1
ck_00ea14e4142a35af,2026-01-06 22:15:42,2026-04-15,2026-04-16,0
ck_bd5e6b0558ba34e7,2025-12-20 21:01:27,2026-04-15,2026-04-16,0
ck_2c51a53ca1453356,2026-04-14 17:12:56,2026-04-15,2026-04-16,0
ck_c824c941fb08cbdf,2026-02-14 02:27:19,2026-04-15,2026-04-16,0
ck_e946388ec99deb8d,2026-02-14 03:05:52,2026-04-15,2026-04-16,0
ck_8c260fc1a4dfdbd5,2026-02-11 11:29:26,2026-04-15,2026-04-16,0
ck_d99299960ccfd0ec,2026-04-13 11:16:47,2026-04-15,2026-04-16,0
ck_fa977fb0189be58f,2025-11-16 08:53:27,2026-04-15,2026-04-16,0
ck_222f3a158277539e,2026-02-11 17:02:12,2026-04-15,2026-04-16,0
ck_284ad414769dfca3,2026-01-23 15:09:16,2026-04-15,2026-04-16,0
ck_733b147b036842f2,2026-02-12 19:46:17,2026-04-15,2026-04-16,0
ck_482070971a73da13,2026-03-13 20:21:31,2026-04-15,2026-04-16,0
ck_94bf4e84d574f9f2,2025-12-04 22:42:24,2026-04-15,2026-04-16,0
ck_d800faf6f9c2cc84,2026-02-07 19:15:39,2026-04-15,2026-04-16,0
ck_b3b93531e949c292,2025-12-18 02:04:51,2026-04-15,2026-04-16,0
ck_35fae5feec9a2e38,2026-02-25 01:53:03,2026-04-15,2026-04-16,0
ck_35905a9e82d23ea1,2026-03-21 19:19:52,2026-04-15,2026-04-16,0
ck_1d75f3f6f051ae3b,2026-04-13 18:41:55,2026-04-15,2026-04-16,0
ck_65d99071720af02c,2026-02-10 02:13:55,2026-04-15,2026-04-16,0
ck_ab6726980095caa8,2025-11-17 17:40:42,2026-04-15,2026-04-16,0
ck_d55840cb81a1345a,2026-03-25 19:20:42,2026-04-15,2026-04-16,0
ck_60dcef11355fb243,2026-01-20 10:17:26,2026-04-15,2026-04-16,0
ck_3085558886d0546c,2026-01-24 06:40:54,2026-04-15,2026-04-16,1
ck_4d7b3d4b8cc50dab,2026-04-09 03:08:14,2026-04-15,2026-04-16,0
ck_704a74f15d27b5b2,2026-03-20 15:16:52,2026-04-15,2026-04-16,0
ck_27251c74e4000136,2025-12-14 19:56:38,2026-04-15,2026-04-16,0
ck_c802f28f0a1890d9,2026-04-12 04:22:07,2026-04-15,2026-04-16,1
ck_6f25862f41c3aea1,2026-03-06 07:37:14,2026-04-15,2026-04-16,0
ck_67378c20d7678343,2026-01-25 07:13:43,2026-04-15,2026-04-16,0
ck_dc667e679d9e3031,2026-02-10 13:49:20,2026-04-15,2026-04-16,0
ck_a5b014fcd9224f2a,2025-12-17 17:23:25,2026-04-15,2026-04-16,0
ck_b8c044dfe7da97bb,2026-02-11 14:59:59,2026-04-15,2026-04-16,0
ck_f320d8cd259b4f34,2026-01-18 06:52:10,2026-04-15,2026-04-16,1
ck_82a8893fb591ca5d,2025-10-12 18:17:27,2026-04-15,2026-04-16,0
ck_be2f2d27f013fdeb,2026-03-25 19:24:13,2026-04-15,2026-04-16,1
ck_00433ddd95d069b1,2025-12-15 15:57:40,2026-04-15,2026-04-16,0
ck_53f36d6b5d03e964,2026-04-14 16:29:22,2026-04-15,2026-04-16,0
ck_ed356bb2bb08b5ee,2026-01-19 17:42:17,2026-04-15,2026-04-16,0
ck_6e25b01b4b9912dd,2026-04-10 20:30:22,2026-04-15,2026-04-16,0
ck_667aa1105462b9cb,2026-03-14 19:52:59,2026-04-15,2026-04-16,0
ck_22bd856ee67cf075,2025-10-10 05:31:15,2026-04-15,2026-04-16,0
ck_d0406b4ed13ec952,2025-09-25 22:46:06,2026-04-15,2026-04-16,1
ck_69621cec77dd8782,2026-02-13 20:01:39,2026-04-15,2026-04-16,0
ck_206aa4647ab40716,2026-03-01 17:19:42,2026-04-15,2026-04-16,0
ck_6e7c6d1445dab5b8,2026-01-22 09:32:42,2026-04-15,2026-04-16,0
ck_1513f76246257d80,2025-10-29 17:50:26,2026-04-15,2026-04-16,0
ck_e9719edea731c462,2026-03-17 20:29:57,2026-04-15,2026-04-16,0
ck_82875238c8ecdbaa,2026-02-13 08:28:52,2026-04-15,2026-04-16,0
ck_ebd86c69a74c738e,2026-03-08 21:36:24,2026-04-15,2026-04-16,0
ck_37b6c04d685b702a,2026-01-11 11:16:21,2026-04-15,2026-04-16,0
ck_52c97d6ae08954a4,2026-03-24 05:53:35,2026-04-15,2026-04-16,1
ck_dfeff090f1f13b16,2026-02-24 17:33:12,2026-04-15,2026-04-16,1
ck_00a55ab2b8cb798b,2025-12-22 18:20:11,2026-04-15,2026-04-16,0
ck_d21d0b811fffcc7e,2026-01-20 20:27:04,2026-04-15,2026-04-16,0
ck_81611fb100aa547d,2026-04-12 10:44:34,2026-04-15,2026-04-16,0
ck_71d3e0aa8da4d79a,2026-04-12 08:34:45,2026-04-15,2026-04-16,0
ck_60adbaeb7df35b87,2025-10-12 06:09:04,2026-04-15,2026-04-16,0
ck_30911cadb0bbdfca,2026-02-11 21:52:33,2026-04-15,2026-04-16,0
ck_65c4c8c39faea60b,2025-11-03 02:40:16,2026-04-15,2026-04-16,0
ck_03fb3e9738d4759c,2026-04-14 12:25:33,2026-04-15,2026-04-16,0
ck_c549a76c880bd3e2,2026-02-18 18:31:08,2026-04-15,2026-04-16,1
ck_7836341349d88047,2026-03-10 15:14:04,2026-04-15,2026-04-16,0
ck_b1bdb3c7c335ca05,2025-07-20 03:55:25,2026-04-15,2026-04-16,0
ck_0a1b3638b4b80cb7,2026-02-20 21:00:44,2026-04-15,2026-04-16,0
ck_bb3a4713f1286074,2026-03-25 19:46:49,2026-04-15,2026-04-16,0
ck_aedd70fae5a5ad2b,2026-01-15 11:50:06,2026-04-15,2026-04-16,0
ck_df095a65df014fb5,2026-03-15 13:21:15,2026-04-15,2026-04-16,0
ck_a569d4ddd179b063,2025-11-26 04:09:08,2026-04-15,2026-04-16,0
ck_80aedf163867d8f9,2025-10-16 00:10:57,2026-04-15,2026-04-16,0
ck_42af727fa60f0bd8,2026-04-14 11:17:17,2026-04-15,2026-04-16,0
ck_e9fdca0e5fb2eb25,2026-02-25 19:11:26,2026-04-15,2026-04-16,0
ck_047e452414925eaf,2026-04-14 08:48:27,2026-04-15,2026-04-16,1
ck_5838200310ef5e09,2026-04-14 15:53:34,2026-04-15,2026-04-16,0
ck_cf71a2c8134e8392,2025-11-05 02:03:03,2026-04-15,2026-04-16,0
ck_7193551f5f675006,2026-04-13 16:53:54,2026-04-15,2026-04-16,1
ck_5a49d83b272af9f4,2026-01-03 11:01:02,2026-04-15,2026-04-16,0
ck_4732e43addf96c0f,2026-01-20 04:46:16,2026-04-15,2026-04-16,0
ck_7babf1ddda2d746d,2026-03-23 05:21:31,2026-04-15,2026-04-16,0
ck_40947b030dd37ac2,2026-04-14 13:26:02,2026-04-15,2026-04-16,0
ck_b14b3cce8df2d0ed,2025-12-29 07:12:41,2026-04-15,2026-04-16,0
ck_811cd18b5f18710b,2026-04-13 04:22:33,2026-04-15,2026-04-16,0
ck_81957126a4a7b2af,2026-04-13 02:36:19,2026-04-15,2026-04-16,1
ck_118bc3f0eb980fff,2025-08-29 10:27:55,2026-04-15,2026-04-16,0
ck_da1427859c65c4f4,2026-04-14 04:52:26,2026-04-15,2026-04-16,0
ck_6a78f4bff3d4dd78,2026-04-13 01:56:41,2026-04-15,2026-04-16,0
ck_b550d63468f2aecf,2026-04-13 17:52:22,2026-04-15,2026-04-16,0
ck_c2cc1684e793331b,2025-11-16 18:12:56,2026-04-15,2026-04-16,0
ck_5df59ca564788951,2026-04-14 12:38:40,2026-04-15,2026-04-16,1
ck_255c9bb8b7d9733c,2025-08-27 14:52:56,2026-04-15,2026-04-16,0
ck_533c98f2ed5017ac,2026-03-31 19:34:37,2026-04-15,2026-04-16,1
ck_6f53b97bfa032d66,2025-10-15 04:20:43,2026-04-15,2026-04-16,0
ck_fe198aa52f69c496,2025-10-20 17:57:21,2026-04-15,2026-04-16,0
ck_6e9308935da54123,2026-04-12 22:08:07,2026-04-15,2026-04-16,1
ck_5c2b1ea0f322496e,2026-03-14 00:11:46,2026-04-15,2026-04-16,0
ck_61cb37367a84e73c,2026-04-14 18:25:15,2026-04-15,2026-04-16,0
ck_cef86f6b1dee0472,2026-03-23 13:07:39,2026-04-15,2026-04-16,0
ck_eff8944eff0dfdc8,2026-04-14 16:02:23,2026-04-15,2026-04-16,0
ck_bb6c72734bb204d5,2026-01-25 09:32:05,2026-04-15,2026-04-16,0
ck_a197d37972786e85,2025-11-23 23:27:35,2026-04-15,2026-04-16,0
ck_7b9d3541ce6aa723,2026-03-10 18:24:18,2026-04-15,2026-04-16,0
ck_42f10fff9127e1f5,2026-02-04 05:52:46,2026-04-15,2026-04-16,0
ck_c2b52600fac91040,2026-01-26 20:21:32,2026-04-15,2026-04-16,0
ck_390360a7d4ba5f58,2025-12-05 06:40:36,2026-04-15,2026-04-16,0
ck_a95ece3d35d6e7ca,2026-02-23 07:32:18,2026-04-15,2026-04-16,0
ck_a2af8ffdf6153c49,2025-12-06 10:17:37,2026-04-15,2026-04-16,0
ck_d05f061bf0525726,2026-03-14 07:03:13,2026-04-15,2026-04-16,0
ck_6fb95aafbbe8abc3,2025-04-29 10:42:10,2026-04-15,2026-04-16,0
ck_320df1d00218f5aa,2025-12-26 21:49:41,2026-04-15,2026-04-16,0
ck_9b5fef82c6ab768f,2025-11-25 11:55:17,2026-04-15,2026-04-16,0
ck_6c7e2c4f87c2d723,2026-04-14 12:42:21,2026-04-15,2026-04-16,0
ck_ecfbbd00ad82328a,2026-01-30 18:45:08,2026-04-15,2026-04-16,0
ck_5ebf6433c3efb296,2026-03-24 14:18:11,2026-04-15,2026-04-16,0
ck_b215d773841b2d1a,2026-02-24 23:54:12,2026-04-15,2026-04-16,0
ck_d638379566ff273f,2025-11-16 01:30:59,2026-04-15,2026-04-16,0
ck_9894f361516c1edb,2026-03-22 01:29:09,2026-04-15,2026-04-16,0
ck_075d52727d1ae1f7,2026-02-20 02:57:41,2026-04-15,2026-04-16,0
ck_a6fa803d1836f5f5,2026-02-08 10:48:37,2026-04-15,2026-04-16,0
ck_31972ccd68c6460b,2025-12-30 14:38:57,2026-04-15,2026-04-16,0
ck_9c48b4638bef8709,2026-02-10 20:44:03,2026-04-15,2026-04-16,0
ck_20a9653dfdc2f197,2025-10-29 22:34:18,2026-04-15,2026-04-16,0
ck_f6e4952ce2583e7d,2026-02-23 01:30:10,2026-04-15,2026-04-16,0
ck_b14277ff1b30496d,2026-04-12 13:35:13,2026-04-15,2026-04-16,0
ck_f09384f0d3ca65d6,2026-04-13 17:09:12,2026-04-15,2026-04-16,0
ck_3b7359c8baee9e84,2025-11-08 22:09:46,2026-04-15,2026-04-16,0
ck_862b229ae20222fd,2026-04-11 21:13:33,2026-04-15,2026-04-16,0
ck_58d28d49078fb7f6,2025-09-03 03:13:22,2026-04-15,2026-04-16,0
ck_4a7974be5fc907f0,2026-03-24 11:48:07,2026-04-15,2026-04-16,0
ck_3ab8688b7b08096e,2026-04-14 02:39:03,2026-04-15,2026-04-16,0
ck_b4b83d28e18ae9f9,2026-04-13 11:05:30,2026-04-15,2026-04-16,0
ck_812aeee22ecb5544,2026-04-12 08:10:38,2026-04-15,2026-04-16,0
ck_95f2cb65ce8e9efd,2025-11-12 00:46:11,2026-04-15,2026-04-16,0
ck_8c6633b5155c60a0,2025-07-26 08:36:11,2026-04-15,2026-04-16,0
ck_0a4d7e17b961345c,2026-04-12 13:35:24,2026-04-15,2026-04-16,1
ck_d0c717e1c266b743,2026-03-05 09:07:59,2026-04-15,2026-04-16,0
ck_5525991b6279fcd8,2026-03-10 14:42:34,2026-04-15,2026-04-16,0
ck_79268bca8d486a17,2026-03-26 05:04:50,2026-04-15,2026-04-16,0
ck_b9a330a30a432bfe,2025-12-15 05:59:39,2026-04-15,2026-04-16,0
ck_a9874e3d1281b4c2,2025-11-15 08:46:36,2026-04-15,2026-04-16,0
ck_12b0e64218569422,2026-04-14 18:10:30,2026-04-15,2026-04-16,0
ck_045bf4d916976deb,2025-11-29 19:34:45,2026-04-15,2026-04-16,0
ck_405b5b0e5c4731a2,2026-04-14 15:15:51,2026-04-15,2026-04-16,0
ck_cea0ecc411c43429,2026-02-22 09:13:54,2026-04-15,2026-04-16,0
ck_46a484466148e16f,2026-02-14 19:52:25,2026-04-15,2026-04-16,0
ck_963ab871c428c360,2026-04-12 06:46:12,2026-04-15,2026-04-16,1
ck_c24dc595b21d0a81,2026-03-28 00:50:47,2026-04-15,2026-04-16,0
ck_b024971e4340c018,2025-12-25 15:40:29,2026-04-15,2026-04-16,0
ck_2ad5605dade8cb50,2026-03-21 20:40:37,2026-04-15,2026-04-16,0
ck_f82621beb1704865,2025-11-28 04:25:52,2026-04-15,2026-04-16,0
ck_87b8c8ef7678c8d7,2026-01-01 15:59:21,2026-04-15,2026-04-16,0
ck_a71aea62a6a9adc7,2025-11-27 06:01:51,2026-04-15,2026-04-16,0
ck_41c8653066e874d2,2025-11-08 08:43:40,2026-04-15,2026-04-16,0
ck_d5ec25fe5228caea,2025-10-07 13:43:19,2026-04-15,2026-04-16,0
ck_8eadd67bf2176f02,2025-09-05 23:28:31,2026-04-15,2026-04-16,0
ck_0c57d050683d082c,2026-02-24 03:55:57,2026-04-15,2026-04-16,0
ck_f84a4afbdf9a4919,2025-10-22 03:34:34,2026-04-15,2026-04-16,0
ck_1b2761596e67b6b6,2026-04-14 04:30:59,2026-04-15,2026-04-16,1
ck_d3f617eb6e90793a,2026-03-04 17:48:18,2026-04-15,2026-04-16,0
ck_bafa2a2d1bbaed78,2025-12-19 03:56:42,2026-04-15,2026-04-16,0
ck_8493543ab3be6a25,2025-11-30 07:32:47,2026-04-15,2026-04-16,0
ck_bbbc2f4c7df95925,2026-04-12 04:55:19,2026-04-15,2026-04-16,0
ck_8cf60b9d8e4601d1,2026-04-13 18:04:20,2026-04-15,2026-04-16,0
ck_2074e2a6d6e7e54f,2026-04-09 05:36:08,2026-04-15,2026-04-16,1
ck_4d4a03563cef5f00,2026-04-13 08:59:33,2026-04-15,2026-04-16,0
ck_086083204171598a,2026-02-01 04:26:38,2026-04-15,2026-04-16,0
ck_c5885090802b71f7,2026-04-14 20:55:11,2026-04-15,2026-04-16,0
ck_122e797e93b0f1f1,2026-04-13 09:59:41,2026-04-15,2026-04-16,0
ck_b1ffda9d6fac6275,2026-03-08 10:23:32,2026-04-15,2026-04-16,0
ck_feeb4fb3dea26b8f,2026-02-01 13:14:12,2026-04-15,2026-04-16,0
ck_577f1b65519a9c42,2026-04-14 11:26:48,2026-04-15,2026-04-16,0
ck_3b627801e387824a,2025-09-16 06:19:20,2026-04-15,2026-04-16,0
ck_e0abefeb3689eeb8,2025-10-05 11:02:40,2026-04-15,2026-04-16,0
ck_f9e7ace51fcc0f6d,2025-06-11 01:04:38,2026-04-15,2026-04-16,0
ck_9bca43b3b6f120ff,2026-04-12 15:50:31,2026-04-15,2026-04-16,0
ck_f9c299726afbf95a,2025-10-28 13:09:25,2026-04-15,2026-04-16,0
ck_e0ce5ebaa1782e22,2026-04-12 12:23:15,2026-04-15,2026-04-16,0
ck_1d37f4bc620edc80,2026-01-17 19:40:52,2026-04-15,2026-04-16,0
ck_8ea9fbaeb56b3079,2026-02-19 07:33:56,2026-04-15,2026-04-16,0
ck_4f253e146a33ccec,2026-02-18 07:38:07,2026-04-15,2026-04-16,0
ck_50c297cab80a1bd8,2025-12-02 22:05:49,2026-04-15,2026-04-16,0
ck_d9c9ac71ec2bb82a,2025-12-03 06:59:02,2026-04-15,2026-04-16,0
ck_797b1a0a6f302631,2026-04-13 21:24:24,2026-04-15,2026-04-16,0
ck_396867780e3e4381,2026-02-14 08:54:55,2026-04-15,2026-04-16,0
ck_1bb156d2efb65625,2026-03-11 15:41:40,2026-04-15,2026-04-16,0
ck_6fb6fe4014ce0b73,2025-12-29 11:00:00,2026-04-15,2026-04-16,0
ck_26bfad5afd8574b9,2025-11-01 15:25:05,2026-04-15,2026-04-16,1
ck_eef85cf2d94eef15,2026-01-23 15:58:50,2026-04-15,2026-04-16,0
ck_050eb6615a03d502,2026-04-14 06:06:52,2026-04-15,2026-04-16,0
ck_b56dfa2f9958fe2f,2026-02-04 02:26:18,2026-04-15,2026-04-16,0
ck_2d943da9f8f841c7,2026-02-20 20:49:05,2026-04-15,2026-04-16,0
ck_9ea2325cc12dad1e,2025-12-16 02:25:38,2026-04-15,2026-04-16,0
ck_06018243b7c22aa1,2026-04-14 22:36:00,2026-04-15,2026-04-16,0
ck_9b934735f1d26e60,2026-03-05 16:58:08,2026-04-15,2026-04-16,0
ck_4103e10f3a652288,2025-12-29 03:20:04,2026-04-15,2026-04-16,0
ck_f469707f25fa90f5,2025-12-27 20:36:28,2026-04-15,2026-04-16,0
ck_3e28d8728d461860,2025-09-30 11:04:39,2026-04-15,2026-04-16,0
ck_cc47af0b69523158,2025-11-12 09:47:47,2026-04-15,2026-04-16,0
ck_ad9fadbb5da88ee3,2026-04-08 01:17:48,2026-04-15,2026-04-16,0
ck_7d9cf6654d829428,2026-01-21 19:15:44,2026-04-15,2026-04-16,0
ck_778f00f2c44cd5d7,2026-04-04 01:30:26,2026-04-15,2026-04-16,0
ck_464fe5b0c97f7dcc,2026-04-13 12:38:56,2026-04-15,2026-04-16,0
ck_ae5e689f1f6f7ae0,2025-12-14 18:06:46,2026-04-15,2026-04-16,0
ck_00dd35563f53c1cb,2025-10-01 06:13:11,2026-04-15,2026-04-16,0
ck_5242b74102a73758,2026-02-09 13:55:08,2026-04-15,2026-04-16,0
ck_ff4b27a595a21cc2,2026-04-13 22:46:09,2026-04-15,2026-04-16,0
ck_f33cbb0abcef5234,2026-03-03 13:59:37,2026-04-15,2026-04-16,0
ck_c0513fe82452ec51,2025-12-27 04:32:31,2026-04-15,2026-04-16,0
ck_271fee487b92c655,2026-02-21 04:44:52,2026-04-15,2026-04-16,0
ck_e526e3916e779e8b,2026-03-24 14:45:19,2026-04-15,2026-04-16,0
ck_a319a53129c21bdb,2026-04-13 17:59:44,2026-04-15,2026-04-16,0
ck_0d97d9fd78905d8a,2026-01-04 04:19:44,2026-04-15,2026-04-16,0
ck_4847c44b338d462a,2025-05-09 14:38:56,2026-04-15,2026-04-16,0
ck_480fabcfe608dbde,2025-12-26 14:19:48,2026-04-15,2026-04-16,1
ck_5ea808b93cb2af9d,2026-02-24 13:25:27,2026-04-15,2026-04-16,0
ck_5e16480bb19934d6,2026-02-22 05:47:30,2026-04-15,2026-04-16,0
ck_4adc379b59b511f9,2026-03-04 16:22:21,2026-04-15,2026-04-16,0
ck_7b5906dc6ab203ae,2026-04-13 21:32:02,2026-04-15,2026-04-16,0
ck_cd506d9b787d4f2f,2026-03-15 04:45:29,2026-04-15,2026-04-16,0
ck_0f7845a8d487a91d,2026-04-13 17:08:21,2026-04-15,2026-04-16,0
ck_dd5cbecde8692114,2026-01-22 16:29:12,2026-04-15,2026-04-16,0
ck_409765cec3299c2e,2026-02-25 17:38:48,2026-04-15,2026-04-16,0
ck_643b89d9bd42ceea,2026-03-03 12:29:58,2026-04-15,2026-04-16,0
ck_930b508c841a5f92,2025-10-31 14:22:49,2026-04-15,2026-04-16,0
ck_bbcda769b9e02c5f,2025-12-11 16:35:42,2026-04-15,2026-04-16,0
ck_36d54df65c782649,2026-04-14 19:40:03,2026-04-15,2026-04-16,0
ck_1af75e26e82d477d,2025-12-18 12:30:23,2026-04-15,2026-04-16,0
ck_d344c8d44fcafd69,2025-12-13 10:50:46,2026-04-15,2026-04-16,0
ck_dfe2323b5001ff28,2026-04-13 16:18:45,2026-04-15,2026-04-16,0
ck_86b6f3ef546b198c,2025-07-06 16:15:50,2026-04-15,2026-04-16,0
ck_f1a9cc5be170bed4,2026-04-13 12:16:21,2026-04-15,2026-04-16,0
ck_648f1f6eca33b94c,2026-04-13 21:50:38,2026-04-15,2026-04-16,0
ck_82441cbe5295e602,2026-02-20 03:37:56,2026-04-15,2026-04-16,0
ck_c6d7e36b0b686754,2026-01-02 04:14:57,2026-04-15,2026-04-16,0
ck_370a1db0f6a518a0,2026-04-12 06:12:23,2026-04-15,2026-04-16,0
ck_e3585d56b4eb9ae9,2026-01-06 06:39:23,2026-04-15,2026-04-16,0
ck_5156cc2543faef44,2025-10-11 05:49:54,2026-04-15,2026-04-16,0
ck_1104cd02525e8a89,2026-03-22 11:23:44,2026-04-15,2026-04-16,0
ck_b3eab9a57a17b653,2026-04-12 22:16:16,2026-04-15,2026-04-16,0
ck_a774728ef0e6d94d,2026-04-14 10:18:58,2026-04-15,2026-04-16,0
ck_2d4d49822f030044,2025-12-26 09:09:05,2026-04-15,2026-04-16,0
ck_fedac379365b4ed9,2026-03-02 16:36:13,2026-04-15,2026-04-16,0
ck_40ae2dfb35566efa,2026-03-18 21:27:49,2026-04-15,2026-04-16,0
ck_cd32569be1c0688b,2025-11-04 17:36:46,2026-04-15,2026-04-16,0
ck_4ddd5dedc4b116b4,2026-03-15 09:50:09,2026-04-15,2026-04-16,0
ck_c1169e0698b16fa1,2026-03-02 08:57:27,2026-04-15,2026-04-16,0
ck_8a1cf62d31e1b007,2025-12-14 13:39:00,2026-04-15,2026-04-16,0
ck_9c90d0c049651bf8,2026-01-30 20:14:50,2026-04-15,2026-04-16,0
ck_2268354b23c8330d,2026-04-12 16:09:21,2026-04-15,2026-04-16,0
ck_085c82bd6f9b104b,2025-10-21 11:48:22,2026-04-15,2026-04-16,0
ck_8ff562dc56aaee1e,2025-12-06 05:38:28,2026-04-15,2026-04-16,0
ck_7f134fb64c990b56,2026-03-08 02:57:03,2026-04-15,2026-04-16,0
ck_7ad52944a8be8b3d,2026-01-31 19:26:55,2026-04-15,2026-04-16,0
ck_356d0356adfa7090,2026-03-06 21:03:36,2026-04-15,2026-04-16,0
ck_8705346a30b4c6bd,2026-01-08 04:38:47,2026-04-15,2026-04-16,0
ck_23f3742a732382b5,2026-02-08 18:22:29,2026-04-15,2026-04-16,0
ck_5802b86b0cfe2773,2026-03-09 21:36:42,2026-04-15,2026-04-16,0
ck_fedc0283b7104427,2026-03-28 09:07:38,2026-04-15,2026-04-16,0
ck_e4467431d187da92,2026-02-04 00:43:26,2026-04-15,2026-04-16,0
ck_bfdfc7639f9ef6a6,2025-11-25 21:30:49,2026-04-15,2026-04-16,0
ck_c8aaedea847df4ae,2026-02-18 06:10:20,2026-04-15,2026-04-16,0
ck_b974952b20e398a4,2026-02-04 07:45:09,2026-04-15,2026-04-16,0
ck_5e98fa50e88251d2,2026-04-14 01:38:06,2026-04-15,2026-04-16,0
ck_8be1dcb0290a767d,2026-02-18 01:37:00,2026-04-15,2026-04-16,0
ck_546fb835b1f9874d,2026-01-16 11:56:32,2026-04-15,2026-04-16,0
ck_58ff931c2eb77129,2025-08-01 01:32:10,2026-04-15,2026-04-16,1
ck_c04ff0cff9deb1d7,2026-03-01 10:03:13,2026-04-15,2026-04-16,0
ck_8813e2ed4a90b148,2026-03-09 17:37:04,2026-04-15,2026-04-16,0
ck_c1d32979d5297e84,2026-04-14 14:17:03,2026-04-15,2026-04-16,1
ck_5dedd19be9985f75,2026-04-14 13:35:57,2026-04-15,2026-04-16,1
ck_cba7c8cd366837a9,2026-04-14 06:32:49,2026-04-15,2026-04-16,1
ck_34d9cb603aa6c732,2026-02-12 10:28:39,2026-04-15,2026-04-16,0
ck_4333f046ff413559,2025-12-10 10:01:23,2026-04-15,2026-04-16,0
ck_7db613f962e0129c,2025-12-09 10:58:11,2026-04-15,2026-04-16,0
ck_a1e08a8be2c894b8,2026-02-05 21:24:37,2026-04-15,2026-04-16,0
ck_3e0dfa273d04ed96,2026-04-13 13:10:07,2026-04-15,2026-04-16,0
ck_80e5db0dc1fde535,2025-12-21 01:57:04,2026-04-15,2026-04-16,0
ck_62e2ab55a72f744b,2026-02-27 16:47:22,2026-04-15,2026-04-16,0
ck_3a9eaaf406ced19d,2025-11-29 09:14:56,2026-04-15,2026-04-16,0
ck_2499ea1a44428b85,2026-04-14 18:39:23,2026-04-15,2026-04-16,0
ck_bb69b6d875b205c6,2026-04-13 15:09:16,2026-04-15,2026-04-16,0
ck_0e7bfebae3b5efaa,2025-12-29 23:22:58,2026-04-15,2026-04-16,0
ck_7826580fffdbb82d,2026-02-26 05:28:54,2026-04-15,2026-04-16,0
ck_7ecf31fc0348a865,2026-03-30 07:13:08,2026-04-15,2026-04-16,0
ck_62fc0e2e67cf075d,2026-02-18 21:22:52,2026-04-15,2026-04-16,0
ck_dae0b3e5513200dc,2026-04-14 23:14:29,2026-04-15,2026-04-16,0
ck_05a062299b4dc519,2025-12-25 19:17:37,2026-04-15,2026-04-16,0
ck_ce26f955b7649da8,2026-04-14 12:51:06,2026-04-15,2026-04-16,0
ck_384e509d0ec52e20,2026-04-13 09:33:10,2026-04-15,2026-04-16,1
ck_62571c037b3c2aae,2025-11-05 05:40:01,2026-04-15,2026-04-16,1
ck_bef9756f9e3b4154,2025-10-14 02:07:43,2026-04-15,2026-04-16,0
ck_59fc87232c1c035a,2026-01-30 07:04:53,2026-04-15,2026-04-16,1
ck_fdfdca94c19f6c91,2026-03-01 12:30:03,2026-04-15,2026-04-16,0
ck_893c046e080970bd,2026-04-13 15:32:43,2026-04-15,2026-04-16,0
ck_ef0abe1c7d86eed5,2026-01-11 14:24:35,2026-04-15,2026-04-16,0
ck_736653cb17bbb740,2026-03-28 05:34:35,2026-04-15,2026-04-16,0
ck_9b5e0739bc1a9e9f,2026-04-14 14:04:25,2026-04-15,2026-04-16,0
ck_7a56a46e6109926e,2025-10-14 14:45:02,2026-04-15,2026-04-16,0
ck_8cb2a84b2bc93666,2025-12-14 09:17:59,2026-04-15,2026-04-16,0
ck_7f0fc88888452d18,2026-03-16 07:30:12,2026-04-15,2026-04-16,0
ck_0d5e435142173dee,2026-03-18 10:38:58,2026-04-15,2026-04-16,0
ck_b0ff415d37a96684,2025-11-26 02:05:27,2026-04-15,2026-04-16,0
ck_2f5e05deaa9967c6,2026-04-14 03:14:15,2026-04-15,2026-04-16,0
ck_41027968a50bdfc1,2026-04-13 13:38:29,2026-04-15,2026-04-16,0
ck_d5f8595079e493f1,2026-01-30 12:47:12,2026-04-15,2026-04-16,0
ck_22bd0753d075a0a2,2026-04-11 14:52:31,2026-04-15,2026-04-16,0
ck_ca75b646a89a1b02,2026-03-13 12:58:58,2026-04-15,2026-04-16,0
ck_611eccfd81a42cb1,2026-04-14 05:14:01,2026-04-15,2026-04-16,0
ck_1c2d556d442c7c4a,2026-01-02 03:16:37,2026-04-15,2026-04-16,0
ck_695c504c4dd85646,2026-03-16 15:28:45,2026-04-15,2026-04-16,0
ck_5a2cd27719ec2a66,2026-04-14 06:40:54,2026-04-15,2026-04-16,0
ck_e99b761a569203ae,2026-02-09 14:39:16,2026-04-15,2026-04-16,0
ck_c5c7f1eb3db41b65,2026-04-01 07:40:31,2026-04-15,2026-04-16,0
ck_189556004c73a5b3,2026-04-14 02:16:34,2026-04-15,2026-04-16,0
ck_74f4042e3984a1ca,2026-01-28 11:43:09,2026-04-15,2026-04-16,0
ck_f6116c3b14d5a1c1,2026-03-21 08:24:59,2026-04-15,2026-04-16,0
ck_6cdf7ee2dc363b85,2026-02-11 11:43:32,2026-04-15,2026-04-16,0
ck_348c4618af0b1a23,2026-03-19 13:27:38,2026-04-15,2026-04-16,0
ck_3c010c65171f4a80,2026-02-19 18:03:16,2026-04-15,2026-04-16,0
ck_90cc4c6c545eb56c,2025-09-25 11:29:26,2026-04-15,2026-04-16,0
ck_1e863432fd65c6d7,2026-04-12 03:57:13,2026-04-15,2026-04-16,0
ck_974784d4adf02d78,2026-03-05 07:30:32,2026-04-15,2026-04-16,0
ck_b1925c278e078e11,2025-12-18 23:27:26,2026-04-15,2026-04-16,0
ck_97a76b3a1f90dab5,2026-03-27 18:53:53,2026-04-15,2026-04-16,0
ck_c3721a38c323794f,2025-10-28 01:25:31,2026-04-15,2026-04-16,1
ck_b88110ed2cb86956,2026-01-17 09:38:28,2026-04-15,2026-04-16,0
ck_dde2a7f06279a078,2026-04-11 18:56:05,2026-04-15,2026-04-16,0
ck_0eb0d54f73d87251,2026-01-17 11:06:11,2026-04-15,2026-04-16,0
ck_f6c9581ea6649228,2026-03-07 21:52:53,2026-04-15,2026-04-16,0
ck_ef93531b10769328,2025-10-26 10:16:59,2026-04-15,2026-04-16,0
ck_338ed2e096f9bcf8,2026-02-03 03:01:56,2026-04-15,2026-04-16,0
ck_f9a1f2ac64c610b1,2026-01-23 13:34:23,2026-04-15,2026-04-16,0
ck_a45819124d3ebf6a,2026-03-23 15:15:36,2026-04-15,2026-04-16,0
ck_c74ab3ef1e9bd0c6,2026-03-12 04:43:07,2026-04-15,2026-04-16,0
ck_27345145442b7009,2026-01-01 10:08:49,2026-04-15,2026-04-16,0
ck_7fc919e6e40e4361,2026-01-09 09:19:45,2026-04-15,2026-04-16,0
ck_90796d0bcd20ffc3,2026-03-10 07:25:18,2026-04-15,2026-04-16,0
ck_c83fe6c881bf55aa,2026-03-19 04:32:49,2026-04-15,2026-04-16,0
ck_f287de749ec168ff,2026-01-04 04:06:59,2026-04-15,2026-04-16,0
ck_90c8ca0bd2e811b9,2025-12-12 23:32:40,2026-04-15,2026-04-16,0
ck_711ba7b75b840644,2025-11-25 04:45:12,2026-04-15,2026-04-16,0
ck_0e3668eb5c9d1025,2026-01-30 06:11:05,2026-04-15,2026-04-16,0
ck_42780e1be18b2085,2026-04-07 23:41:48,2026-04-15,2026-04-16,0
ck_4d8ef9c58607a08b,2026-01-30 20:19:21,2026-04-15,2026-04-16,0
ck_65e3b77b5c2d7565,2025-11-04 19:53:10,2026-04-15,2026-04-16,0
ck_a2973a4152f68f3a,2025-08-03 18:52:31,2026-04-15,2026-04-16,0
ck_a46f40d9f7e0cd11,2025-10-01 06:07:09,2026-04-15,2026-04-16,0
ck_3be48c1588b004b6,2025-11-22 08:06:21,2026-04-15,2026-04-16,0
ck_df962957355cd5da,2026-04-13 14:29:11,2026-04-15,2026-04-16,0
ck_7c398427e12726de,2026-03-03 14:17:24,2026-04-15,2026-04-16,0
ck_be3b0fea2c5e8695,2026-02-26 00:20:46,2026-04-15,2026-04-16,0
ck_23ee65aba7774f45,2026-03-24 23:17:07,2026-04-15,2026-04-16,0
ck_62afe862a813b283,2026-01-20 14:56:35,2026-04-15,2026-04-16,0
ck_6a55b5c203a1e19c,2026-01-27 22:27:17,2026-04-15,2026-04-16,0
ck_3cd6cea5d00aade2,2026-02-25 17:31:26,2026-04-15,2026-04-16,0
ck_d6348d1d3de03eed,2026-02-22 06:39:02,2026-04-15,2026-04-16,0
ck_2557b3ca171d5a82,2026-02-14 12:49:33,2026-04-15,2026-04-16,0
ck_4003717ce82eae8c,2025-10-30 07:42:05,2026-04-15,2026-04-16,0
ck_398177f82f90dcd8,2025-12-04 23:26:07,2026-04-15,2026-04-16,0
ck_a5ff523efcbb77ea,2026-01-17 12:35:35,2026-04-15,2026-04-16,0
ck_a788d16ac3ac5431,2025-12-09 23:42:33,2026-04-15,2026-04-16,0
ck_80da24eed4f323de,2026-01-27 08:45:33,2026-04-15,2026-04-16,0
ck_bcbdefe06b8e4638,2026-01-23 14:31:49,2026-04-15,2026-04-16,0
ck_71436a4b75f050db,2026-03-09 03:01:26,2026-04-15,2026-04-16,0
ck_18601617a9482311,2026-04-13 18:22:29,2026-04-15,2026-04-16,0
ck_3f0595d115540348,2026-04-03 10:58:51,2026-04-15,2026-04-16,0
ck_e3c64961bf65b42d,2026-02-21 01:26:39,2026-04-15,2026-04-16,0
ck_c9d0b85bfb723266,2026-02-13 02:47:10,2026-04-15,2026-04-16,0
ck_1e5cddeee9949a92,2026-04-13 18:46:01,2026-04-15,2026-04-16,0
ck_3b3600f82c9fffe8,2026-03-24 21:10:58,2026-04-15,2026-04-16,0
ck_74c6b3b891e583a4,2025-11-27 21:25:46,2026-04-15,2026-04-16,0
ck_9004ad59a90e8484,2026-01-24 06:17:14,2026-04-15,2026-04-16,0
ck_34e58b9c89476dd3,2026-01-15 12:24:48,2026-04-15,2026-04-16,0
ck_1f3adf13c99d8c43,2026-01-15 04:03:55,2026-04-15,2026-04-16,0
ck_ae7be498d0879beb,2026-01-10 05:14:27,2026-04-15,2026-04-16,0
ck_8d4e72ddf47a4940,2026-04-04 15:41:07,2026-04-15,2026-04-16,0
ck_f1fd480e7c6bad60,2025-12-10 21:39:24,2026-04-15,2026-04-16,1
ck_ac28adaa25a579d1,2026-03-12 02:57:02,2026-04-15,2026-04-16,0
ck_e9882d33e7d7a424,2026-04-13 17:26:31,2026-04-15,2026-04-16,0
ck_ac409fc361f807e2,2026-02-09 16:33:45,2026-04-15,2026-04-16,0
ck_87c7da7a874e7f85,2025-12-03 07:26:14,2026-04-15,2026-04-16,0
ck_c7cf8a367dd09769,2026-03-03 02:21:18,2026-04-15,2026-04-16,0
ck_69b42fb0095dd810,2026-04-14 19:07:01,2026-04-15,2026-04-16,0
ck_c1084f3e680419f6,2026-04-14 02:55:19,2026-04-15,2026-04-16,0
ck_428388054cc8fd8c,2025-11-17 20:49:59,2026-04-15,2026-04-16,0
ck_9759905bde2a7521,2026-01-25 05:39:51,2026-04-15,2026-04-16,0
ck_b3fb91a6c2284936,2026-03-28 20:36:00,2026-04-15,2026-04-16,0
ck_433cf04ac6827e4e,2025-12-08 23:32:14,2026-04-15,2026-04-16,0
ck_e0c5fd6e56c0c57a,2026-02-18 07:39:17,2026-04-15,2026-04-16,0
ck_73fe9f07bca42adf,2025-12-29 17:35:39,2026-04-15,2026-04-16,0
ck_dd168cfd610da0de,2026-01-29 13:15:29,2026-04-15,2026-04-16,0
ck_38905519dfc0ee22,2026-03-08 04:38:16,2026-04-15,2026-04-16,0
ck_13a3712a017d93f2,2026-04-14 08:30:36,2026-04-15,2026-04-16,0
ck_8c93ee95660c1723,2026-03-01 04:15:49,2026-04-15,2026-04-16,0
ck_2db4cd3109a8900f,2026-02-20 03:25:40,2026-04-15,2026-04-16,0
ck_918597de7490b97b,2026-04-12 16:13:55,2026-04-15,2026-04-16,0
ck_58001d7c6f699a2f,2026-04-01 08:33:37,2026-04-15,2026-04-16,1
ck_186f22a8d121d19e,2026-01-29 02:04:36,2026-04-15,2026-04-16,0
ck_895d6a34e2419e1c,2026-02-04 21:49:31,2026-04-15,2026-04-16,0
ck_82936a76d966284c,2026-02-24 14:28:04,2026-04-15,2026-04-16,0
ck_7796792df9a08dd2,2026-04-12 18:32:24,2026-04-15,2026-04-16,0
ck_b5cf3b70dc63c8e3,2026-02-17 19:30:38,2026-04-15,2026-04-16,0
ck_22aee306e7c7719a,2026-04-14 13:05:24,2026-04-15,2026-04-16,0
ck_492482b8c42c936e,2026-04-13 22:09:19,2026-04-15,2026-04-16,0
ck_90b831b2cab9208f,2026-02-21 20:07:01,2026-04-15,2026-04-16,0
ck_fed538f030ee4137,2025-12-21 23:46:42,2026-04-15,2026-04-16,0
ck_279825a4897786f4,2026-04-12 14:43:23,2026-04-15,2026-04-16,0
ck_52d1ac7129066ed7,2026-01-06 14:23:27,2026-04-15,2026-04-16,0
ck_b2bc7ce800b08b95,2026-02-28 21:22:19,2026-04-15,2026-04-16,0
ck_d4084ce301b26c1d,2026-03-29 08:06:19,2026-04-15,2026-04-16,0
ck_4de0a5587f891762,2026-01-05 23:49:11,2026-04-15,2026-04-16,0
ck_a29d7730e244f8c4,2026-03-06 06:03:39,2026-04-15,2026-04-16,0
ck_317e9c4bd9c012ad,2026-02-08 02:41:19,2026-04-15,2026-04-16,0
ck_7fac295ab7cde1eb,2026-04-13 18:56:21,2026-04-15,2026-04-16,0
ck_8c11dc23abba74bf,2026-02-21 08:33:39,2026-04-15,2026-04-16,0
ck_13584243f3eacc04,2026-04-07 00:54:18,2026-04-15,2026-04-16,0
ck_00dd7159a6292ed0,2025-12-27 18:15:56,2026-04-15,2026-04-16,0
ck_abbc9966412ed9de,2026-02-16 03:40:19,2026-04-15,2026-04-16,0
ck_4b162dc39c8106aa,2025-10-10 11:39:41,2026-04-15,2026-04-16,0
ck_260eb4cf2a0fd4d8,2025-12-06 22:54:46,2026-04-15,2026-04-16,1
ck_a897bf92960cc517,2026-01-08 23:38:52,2026-04-15,2026-04-16,0
ck_749e712745878a38,2026-04-09 02:55:27,2026-04-15,2026-04-16,0
ck_9a248e7e46af922d,2025-10-13 11:40:02,2026-04-15,2026-04-16,0
ck_134560269719dcaa,2026-03-18 06:04:13,2026-04-15,2026-04-16,0
ck_a9fee4d15725cad9,2026-04-11 02:43:48,2026-04-15,2026-04-16,0
ck_56ddb2567b4d9743,2026-04-14 18:00:11,2026-04-15,2026-04-16,0
ck_67fa3088326e496d,2025-12-16 13:07:26,2026-04-15,2026-04-16,0
ck_2ed96fb6b3ebdfe6,2026-03-07 08:54:04,2026-04-15,2026-04-16,0
ck_883a1ea8da5d6e87,2026-01-11 01:53:37,2026-04-15,2026-04-16,0
ck_37905c1092401d50,2026-03-22 00:08:02,2026-04-15,2026-04-16,0
ck_13481791f0eb97fa,2025-09-04 12:09:52,2026-04-15,2026-04-16,0
ck_0e22aaeefea11c21,2026-03-09 04:00:39,2026-04-15,2026-04-16,0
ck_9f348d294b5db65c,2026-03-18 19:51:58,2026-04-15,2026-04-16,0
ck_e0f0ebc05d1b09e7,2026-01-31 14:46:25,2026-04-15,2026-04-16,0
ck_d09fcb25cd65888b,2026-03-27 23:22:10,2026-04-15,2026-04-16,0
ck_2756050caedb3c5a,2026-03-27 19:01:18,2026-04-15,2026-04-16,0
ck_7ede2f3cc76e569d,2025-11-27 08:55:36,2026-04-15,2026-04-16,0
ck_7c0c8c9e79a8cd96,2026-01-11 03:36:46,2026-04-15,2026-04-16,0
ck_cab6ea36c5238aac,2026-02-13 12:23:11,2026-04-15,2026-04-16,0
ck_bb31d3edc6b824e5,2026-04-13 13:02:28,2026-04-15,2026-04-16,0
ck_fbd3d70e0bb5185c,2025-12-22 18:46:09,2026-04-15,2026-04-16,0
ck_51d77576447152ba,2026-03-06 16:04:08,2026-04-15,2026-04-16,0
ck_de64732a2127dab4,2025-12-29 23:15:52,2026-04-15,2026-04-16,0
ck_e584ec5d0727be66,2026-04-13 17:30:03,2026-04-15,2026-04-16,0
ck_f51da7582c4db39c,2025-12-14 05:35:36,2026-04-15,2026-04-16,0
ck_d2785017b4d2cd5e,2025-12-23 23:34:20,2026-04-15,2026-04-16,0
ck_988449be20462f11,2026-03-18 23:52:12,2026-04-15,2026-04-16,0
ck_ca11faaf18568cec,2026-02-18 15:30:22,2026-04-15,2026-04-16,1
ck_b9ce378f2f599374,2026-04-12 17:15:17,2026-04-15,2026-04-16,0
ck_3d0616e1cbb92904,2026-03-11 04:48:47,2026-04-15,2026-04-16,0
ck_2b76ff818a95110a,2026-04-14 06:33:59,2026-04-15,2026-04-16,0
ck_cc73c28778005ed1,2026-03-14 05:49:22,2026-04-15,2026-04-16,0
ck_43086d88dbe05c10,2025-08-02 01:45:20,2026-04-15,2026-04-16,0
ck_25f3de705e71d8d1,2026-04-13 20:57:01,2026-04-15,2026-04-16,0
ck_494d3a8c948f36b3,2026-03-08 02:08:27,2026-04-15,2026-04-16,0
ck_96f737cacbbfebff,2026-02-06 17:42:41,2026-04-15,2026-04-16,0
ck_d36ee4ffacd66e50,2026-02-28 14:53:29,2026-04-15,2026-04-16,0
ck_ee7e7b93ba016570,2026-04-13 09:07:16,2026-04-15,2026-04-16,0
ck_7093955759b1c40a,2026-04-13 09:26:45,2026-04-15,2026-04-16,0
ck_9748ea62fe37c137,2026-04-13 21:15:18,2026-04-15,2026-04-16,0
ck_af7f72ce18cc7dad,2026-01-15 22:10:41,2026-04-15,2026-04-16,0
ck_31222894b30f8f26,2026-02-13 11:34:02,2026-04-15,2026-04-16,0
ck_d898e81d68464335,2026-04-12 22:57:21,2026-04-15,2026-04-16,1
ck_e16c3ff91a77d973,2026-02-09 10:59:17,2026-04-15,2026-04-16,0
ck_4041d7ee1736e819,2026-04-10 22:36:58,2026-04-15,2026-04-16,0
ck_7f7e6cc2be9ce963,2026-04-13 12:00:19,2026-04-15,2026-04-16,0
ck_05473fa3caef9524,2026-04-11 14:57:35,2026-04-15,2026-04-16,0
ck_920407c1a18a350c,2025-07-14 03:30:29,2026-04-15,2026-04-16,0
ck_c729e22a3ee4d873,2025-12-24 21:47:41,2026-04-15,2026-04-16,0
ck_409f4412acca02d4,2026-02-23 02:13:09,2026-04-15,2026-04-16,0
ck_aed3a70510a7ccc5,2026-03-29 18:38:57,2026-04-15,2026-04-16,0
ck_691e9510c80e792c,2026-04-14 09:06:21,2026-04-15,2026-04-16,0
ck_459cdd36e026dbc8,2026-03-09 05:46:29,2026-04-15,2026-04-16,0
ck_5e79b4387753e309,2026-02-08 18:35:10,2026-04-15,2026-04-16,1
ck_ecdf680a42e52a1b,2026-01-31 14:24:54,2026-04-15,2026-04-16,0
ck_ba26e71ee201ee72,2026-04-14 08:28:58,2026-04-15,2026-04-16,0
ck_99963bed1d5bfddd,2026-03-08 00:31:48,2026-04-15,2026-04-16,0
ck_73ec86aa06290120,2025-12-21 13:06:36,2026-04-15,2026-04-16,0
ck_b4c6380e7663db40,2026-03-18 02:43:23,2026-04-15,2026-04-16,0
ck_825c3b8742ff1c16,2025-10-28 18:00:20,2026-04-15,2026-04-16,0
ck_51d3f0507e1e8339,2025-09-01 14:31:58,2026-04-15,2026-04-16,0
ck_253e0fe2d0455db1,2026-04-13 12:09:07,2026-04-15,2026-04-16,0
ck_3d9fb4d774c89ba6,2026-04-13 04:24:20,2026-04-15,2026-04-16,0
ck_2c903b6b24c7b4e6,2025-12-23 09:25:03,2026-04-15,2026-04-16,0
ck_486dd45c2dc19ac8,2026-04-13 16:19:40,2026-04-15,2026-04-16,0
ck_34c1d54ac33144f3,2025-12-30 09:04:22,2026-04-15,2026-04-16,1
ck_349e524280bfc4ab,2025-10-17 12:48:35,2026-04-15,2026-04-16,0
ck_5b06cf7fd483ecbd,2025-07-26 03:00:15,2026-04-15,2026-04-16,0
ck_e64e5a78a31a3f87,2026-01-09 02:57:52,2026-04-15,2026-04-16,0
ck_072d852b4d7a881f,2026-02-20 06:09:03,2026-04-15,2026-04-16,0
ck_357a9287ec2cc14e,2025-12-28 10:58:11,2026-04-15,2026-04-16,1
ck_0ddb7f05f96ab6b4,2026-02-13 06:05:06,2026-04-15,2026-04-16,0
ck_c55f9697250a3274,2026-04-12 22:10:40,2026-04-15,2026-04-16,1
ck_369934e5a246fd7a,2025-12-26 05:37:25,2026-04-15,2026-04-16,0
ck_d2acdc57a4377d1b,2026-04-14 08:19:21,2026-04-15,2026-04-16,0
ck_ed3069cdab888c95,2025-08-04 09:11:48,2026-04-15,2026-04-16,0
ck_9e8cc920f16228cc,2026-02-15 02:58:48,2026-04-15,2026-04-16,1
ck_e74b91fc7d4dc246,2026-02-10 21:31:57,2026-04-15,2026-04-16,0
ck_adcc74cd968ee285,2026-03-31 00:14:22,2026-04-15,2026-04-16,0
ck_e0fb3544cddbee60,2026-01-24 09:59:48,2026-04-15,2026-04-16,0
ck_d036ccce3e3664ed,2025-12-09 11:36:47,2026-04-15,2026-04-16,0
ck_46cfe6e2ebafcd6e,2025-12-11 11:03:26,2026-04-15,2026-04-16,0
ck_b4e08f01868afb3f,2026-03-23 08:00:37,2026-04-15,2026-04-16,0
ck_104b3865383fb5c1,2026-03-15 13:29:19,2026-04-15,2026-04-16,0
ck_8327b5a3d6afa89c,2026-04-13 12:58:06,2026-04-15,2026-04-16,0
ck_fde9c63ef314a414,2026-01-02 20:27:59,2026-04-15,2026-04-16,0
ck_b1dfee50dc9d3984,2026-04-13 21:27:42,2026-04-15,2026-04-16,0
ck_921253e9da1d85d1,2026-01-13 20:03:49,2026-04-15,2026-04-16,0
ck_3ccec7106c8ff311,2025-11-10 23:18:32,2026-04-15,2026-04-16,0
ck_9cc153471c3e7e4b,2025-10-05 12:25:22,2026-04-15,2026-04-16,0
ck_84c57e60d6e9ff37,2026-02-16 04:20:37,2026-04-15,2026-04-16,0
ck_0aa4c3c68cca4693,2026-02-15 01:57:20,2026-04-15,2026-04-16,0
ck_07f55d0151f8ab94,2026-04-14 03:41:38,2026-04-15,2026-04-16,1
ck_15dd0007a76cb4bb,2025-12-17 20:40:56,2026-04-15,2026-04-16,0
ck_536d598282f535a6,2026-01-07 19:50:27,2026-04-15,2026-04-16,0
ck_45e7a4bb796b22d5,2026-02-03 10:37:57,2026-04-15,2026-04-16,0
ck_0010e31baa4a1fb7,2026-01-22 06:50:18,2026-04-15,2026-04-16,0
ck_362423cdad5641a6,2026-03-11 18:12:08,2026-04-15,2026-04-16,0
ck_56abe0473592b8be,2025-11-13 14:49:23,2026-04-15,2026-04-16,0
ck_ccbdf9e3f0fe3ac4,2026-04-12 19:11:20,2026-04-15,2026-04-16,0
ck_809ef8800f5b856c,2026-03-22 17:46:29,2026-04-15,2026-04-16,0
ck_9aa35b761430943a,2025-08-23 10:44:07,2026-04-15,2026-04-16,0
ck_4ec8b1a1eb4c1319,2026-04-13 04:53:07,2026-04-15,2026-04-16,0
ck_6f9f6ff7b58a5912,2026-04-14 13:26:11,2026-04-15,2026-04-16,1
ck_206eef87627cd5a4,2026-01-05 07:18:15,2026-04-15,2026-04-16,0
ck_2bab2bb134e4dd5a,2025-11-03 03:49:46,2026-04-15,2026-04-16,0
ck_19b9846baaee49a9,2025-12-26 04:47:08,2026-04-15,2026-04-16,0
ck_fab17baef1559ebc,2026-02-15 13:12:52,2026-04-16,2026-04-17,0
ck_a261301f1cde36bc,2026-02-26 10:41:04,2026-04-16,2026-04-17,0
ck_bf6888b3bd6abdb5,2026-03-15 17:27:23,2026-04-16,2026-04-17,0
ck_4408994072989b01,2025-12-12 22:07:43,2026-04-16,2026-04-17,0
ck_4ab89c81a9f487bd,2026-03-12 03:53:02,2026-04-16,2026-04-17,1
ck_5ed38135e3a798a3,2026-03-15 12:24:20,2026-04-16,2026-04-17,0
ck_48cf1da82cdace97,2026-03-01 08:42:56,2026-04-16,2026-04-17,0
ck_c47bd0e6f9ec26f8,2025-11-02 03:58:19,2026-04-16,2026-04-17,0
ck_159b5dc2f058d003,2025-12-12 08:36:31,2026-04-16,2026-04-17,0
ck_b35bf80045d741f7,2026-02-19 02:07:57,2026-04-16,2026-04-17,0
ck_4d5197b17fb74b8d,2026-03-18 18:37:10,2026-04-16,2026-04-17,0
ck_8c29dca6b626b531,2026-02-02 23:58:43,2026-04-16,2026-04-17,0
ck_5fd56724f94bae59,2026-01-11 13:32:48,2026-04-16,2026-04-17,1
ck_c1368e8be29eb32e,2026-01-05 05:04:38,2026-04-16,2026-04-17,0
ck_b4806b181727ba5f,2026-04-14 20:41:55,2026-04-16,2026-04-17,0
ck_b8a08ad29f7be086,2026-02-22 02:58:10,2026-04-16,2026-04-17,0
ck_4d354b2cce077a2f,2025-09-26 18:10:52,2026-04-16,2026-04-17,0
ck_c31a130a5e90aa5b,2026-03-11 16:50:58,2026-04-16,2026-04-17,0
ck_da64193ada74fb0b,2026-01-23 06:23:13,2026-04-16,2026-04-17,0
ck_ec3e8b990bfcebce,2026-01-13 05:03:07,2026-04-16,2026-04-17,0
ck_eb8ee62bade366a6,2026-02-27 00:50:33,2026-04-16,2026-04-17,0
ck_e7e2c6a17ee36aea,2026-04-15 22:09:04,2026-04-16,2026-04-17,0
ck_d19e70484f00c289,2026-03-08 01:13:59,2026-04-16,2026-04-17,0
ck_35e4c37a47fa5105,2026-02-07 16:05:37,2026-04-16,2026-04-17,0
ck_d5963211e99b58fe,2025-12-07 18:19:52,2026-04-16,2026-04-17,0
ck_0adc32a343689b4f,2026-03-13 19:10:03,2026-04-16,2026-04-17,0
ck_593e8d938b9d930b,2026-02-13 19:04:25,2026-04-16,2026-04-17,0
ck_5dd0a382a488b4c3,2026-04-08 23:52:27,2026-04-16,2026-04-17,0
ck_5f9e618671c92927,2025-11-28 10:30:26,2026-04-16,2026-04-17,0
ck_19cb4142e6581efc,2026-04-15 08:32:40,2026-04-16,2026-04-17,0
ck_d6ad60abfa17f32f,2026-02-19 18:10:14,2026-04-16,2026-04-17,0
ck_cff4eb024cbd5f20,2026-04-14 21:17:31,2026-04-16,2026-04-17,0
ck_b1740529b0cef616,2026-01-19 18:19:32,2026-04-16,2026-04-17,0
ck_3c97faad73ed98ac,2025-08-13 17:42:08,2026-04-16,2026-04-17,0
ck_f49dae7f78bdfe71,2026-04-14 02:41:08,2026-04-16,2026-04-17,0
ck_abc894c54c83134d,2026-04-13 05:25:56,2026-04-16,2026-04-17,0
ck_60b150305b694709,2026-01-01 00:56:50,2026-04-16,2026-04-17,0
ck_3a0a3eb3ff5ccbe8,2026-02-09 05:14:09,2026-04-16,2026-04-17,0
ck_06be8d2870dc4bd1,2026-03-04 21:48:19,2026-04-16,2026-04-17,0
ck_f65d3964c8ca2c88,2026-04-04 18:15:15,2026-04-16,2026-04-17,0
ck_3707049d644e46b0,2026-01-13 23:50:59,2026-04-16,2026-04-17,0
ck_58dca4d721811609,2026-04-12 20:06:47,2026-04-16,2026-04-17,0
ck_1829fa14d3087725,2026-03-22 15:19:32,2026-04-16,2026-04-17,0
ck_0434e70f996c4296,2026-02-14 20:13:17,2026-04-16,2026-04-17,0
ck_1bbdef0d5b1e6d25,2025-12-15 09:35:09,2026-04-16,2026-04-17,0
ck_33e3e65e22edec49,2025-12-05 03:31:06,2026-04-16,2026-04-17,0
ck_90bb5f6b2f72d13f,2025-11-07 11:26:49,2026-04-16,2026-04-17,0
ck_a1fdac700a5aad7b,2026-04-15 06:48:17,2026-04-16,2026-04-17,0
ck_1c02ca570141ea8c,2026-01-14 14:33:25,2026-04-16,2026-04-17,0
ck_5b4bfd8848200caf,2026-02-03 01:42:47,2026-04-16,2026-04-17,0
ck_79b39c89d31d7ca4,2026-01-31 13:01:58,2026-04-16,2026-04-17,0
ck_799e36b1a439d361,2025-10-17 04:46:54,2026-04-16,2026-04-17,1
ck_19bbbe996ab1114c,2025-12-06 01:18:53,2026-04-16,2026-04-17,0
ck_084e1a2a250d41bf,2026-04-15 12:04:08,2026-04-16,2026-04-17,0
ck_c202732046194127,2025-12-16 06:02:22,2026-04-16,2026-04-17,0
ck_b4a75e5cf24cc4ce,2026-03-25 03:05:28,2026-04-16,2026-04-17,0
ck_e6cdd6b4d500b8dc,2026-01-01 19:32:35,2026-04-16,2026-04-17,0
ck_8a78a1e515d803af,2025-10-12 04:24:30,2026-04-16,2026-04-17,0
ck_6db99105e86d85ba,2026-03-13 19:14:12,2026-04-16,2026-04-17,0
ck_e9fe9f4733406ce6,2025-09-11 12:00:49,2026-04-16,2026-04-17,0
ck_7f38afd0b40839f5,2026-01-07 13:41:23,2026-04-16,2026-04-17,0
ck_10ced6cf73e00327,2026-01-10 17:59:12,2026-04-16,2026-04-17,0
ck_9185c512a2acb418,2026-04-11 11:46:18,2026-04-16,2026-04-17,0
ck_f475a4886f930ba3,2026-02-20 16:01:16,2026-04-16,2026-04-17,0
ck_3dc1357d87ab085d,2026-01-14 17:02:37,2026-04-16,2026-04-17,0
ck_abbb46d611a813f9,2026-04-03 01:44:22,2026-04-16,2026-04-17,0
ck_d69e68fe80966db0,2026-03-05 22:18:20,2026-04-16,2026-04-17,0
ck_972596f7048fa8ee,2025-12-17 11:26:17,2026-04-16,2026-04-17,0
ck_18ebc0d2e71ec4e3,2025-09-25 10:31:11,2026-04-16,2026-04-17,0
ck_6d7f19255159d308,2025-10-12 07:57:22,2026-04-16,2026-04-17,0
ck_c2a32a0f7ff82577,2026-01-02 02:17:38,2026-04-16,2026-04-17,0
ck_21c8f3b8410d963a,2026-02-08 00:43:19,2026-04-16,2026-04-17,1
ck_4963e76e8801bd4f,2026-04-14 03:14:25,2026-04-16,2026-04-17,0
ck_3440c828207d463e,2025-12-12 15:43:21,2026-04-16,2026-04-17,0
ck_dd8c5a9f3ff168c4,2025-07-18 18:29:24,2026-04-16,2026-04-17,0
ck_58e69766b5f9c08a,2026-03-13 05:29:00,2026-04-16,2026-04-17,0
ck_306052a14c9cb87b,2026-04-06 05:50:00,2026-04-16,2026-04-17,0
ck_770ef6cbd1e4b079,2025-11-04 08:21:15,2026-04-16,2026-04-17,0
ck_e82462f21ba7f182,2026-01-11 04:04:47,2026-04-16,2026-04-17,0
ck_4224def9a23aa7a0,2026-04-12 12:54:04,2026-04-16,2026-04-17,0
ck_721f6df88cc1ad98,2025-12-18 21:42:56,2026-04-16,2026-04-17,0
ck_7a74cd6536345052,2025-10-19 14:09:02,2026-04-16,2026-04-17,1
ck_45da551678fa7eb7,2026-01-29 20:44:21,2026-04-16,2026-04-17,0
ck_fb6bd03246407507,2026-03-08 14:33:26,2026-04-16,2026-04-17,0
ck_78e5fc195cb6383c,2026-02-21 17:00:18,2026-04-16,2026-04-17,0
ck_37f0dd16eb1c9612,2025-08-12 14:28:50,2026-04-16,2026-04-17,0
ck_225aece5cabaddf2,2025-11-11 08:10:26,2026-04-16,2026-04-17,0
ck_32441c7faeed39b0,2025-12-12 10:41:56,2026-04-16,2026-04-17,0
ck_432bce6aca81a165,2026-03-07 04:52:35,2026-04-16,2026-04-17,0
ck_6666cc57f7f0eef3,2026-04-15 21:33:42,2026-04-16,2026-04-17,0
ck_e4b0dc1db6c7daf5,2026-02-28 17:47:51,2026-04-16,2026-04-17,0
ck_1354d7aaccfe3f93,2026-01-17 05:35:59,2026-04-16,2026-04-17,0
ck_4fb077e35d1273a5,2026-04-14 21:50:11,2026-04-16,2026-04-17,0
ck_b5afdb8227be165f,2026-04-01 23:36:50,2026-04-16,2026-04-17,0
ck_1ec8c56361600998,2025-07-27 14:23:05,2026-04-16,2026-04-17,0
ck_ba390d42645b68b6,2026-03-07 12:35:24,2026-04-16,2026-04-17,0
ck_9cf2335a8cebda9e,2025-10-31 04:09:51,2026-04-16,2026-04-17,0
ck_5608a58fe227ca4c,2026-02-09 00:12:21,2026-04-16,2026-04-17,0
ck_dfdcea1c04b47cc5,2026-02-11 10:32:22,2026-04-16,2026-04-17,0
ck_ae4a0719686f2e3c,2026-03-09 14:19:05,2026-04-16,2026-04-17,0
ck_00ca83555bf3a8c7,2026-03-28 13:56:07,2026-04-16,2026-04-17,0
ck_0df9055e33bfb490,2025-12-15 11:56:07,2026-04-16,2026-04-17,0
ck_e4621554e5aee2ce,2025-11-27 09:17:25,2026-04-16,2026-04-17,0
ck_93083da647120268,2026-04-14 20:32:28,2026-04-16,2026-04-17,0
ck_8482c5fe94a5d356,2025-12-11 07:46:50,2026-04-16,2026-04-17,0
ck_bebe809e33270a21,2026-03-13 00:24:16,2026-04-16,2026-04-17,0
ck_bec8bf865d2e18d6,2025-12-16 22:09:48,2026-04-16,2026-04-17,0
ck_29dae3001c82f375,2026-01-07 04:56:07,2026-04-16,2026-04-17,0
ck_2d903a5ba7279da0,2026-03-30 13:24:21,2026-04-16,2026-04-17,0
ck_e12d827d27808680,2026-02-27 19:26:14,2026-04-16,2026-04-17,0
ck_e4d91f26378a9acc,2026-03-23 02:22:19,2026-04-16,2026-04-17,0
ck_306d78f09ddbc6c7,2025-08-26 12:17:32,2026-04-16,2026-04-17,0
ck_3f6880a2074c1ade,2026-02-08 11:54:10,2026-04-16,2026-04-17,0
ck_dcb0d58bba795b34,2026-04-15 14:48:46,2026-04-16,2026-04-17,0
ck_09775b19c41a845e,2025-12-16 22:26:58,2026-04-16,2026-04-17,0
ck_f949a0afe4e008cb,2025-10-27 04:41:21,2026-04-16,2026-04-17,0
ck_35a52ccb75f85ace,2026-04-15 09:22:54,2026-04-16,2026-04-17,0
ck_a4761a17fdbab33d,2026-01-22 02:06:24,2026-04-16,2026-04-17,0
ck_c957954943fa9336,2026-02-06 04:43:25,2026-04-16,2026-04-17,0
ck_f6623a93c8416e1a,2026-04-15 04:45:16,2026-04-16,2026-04-17,0
ck_37a13fd55d444785,2025-12-20 16:14:43,2026-04-16,2026-04-17,0
ck_b905e69159df9591,2026-04-15 00:38:26,2026-04-16,2026-04-17,0
ck_621d5cc44857620d,2026-04-14 19:56:34,2026-04-16,2026-04-17,0
ck_856f770c864e58be,2026-03-26 06:54:00,2026-04-16,2026-04-17,0
ck_033281bbcbee1fb9,2025-10-09 18:08:01,2026-04-16,2026-04-17,0
ck_079f4ad65c13e2be,2026-02-06 20:45:11,2026-04-16,2026-04-17,1
ck_3f7e54b73f9a53cf,2025-10-08 21:24:36,2026-04-16,2026-04-17,0
ck_be7729edc3151f6d,2026-01-25 04:03:48,2026-04-16,2026-04-17,0
ck_a3c63b297ed7ec77,2026-02-14 03:10:44,2026-04-16,2026-04-17,0
ck_67778c88ae7d1b2f,2026-04-13 18:06:53,2026-04-16,2026-04-17,1
ck_3af0b65345d2971f,2025-08-28 10:40:31,2026-04-16,2026-04-17,0
ck_61eb76fcf32103a0,2026-01-02 03:08:55,2026-04-16,2026-04-17,0
ck_b3efc53576a709ab,2026-01-22 18:56:39,2026-04-16,2026-04-17,0
ck_bf62b1612637e9f0,2026-03-14 06:30:44,2026-04-16,2026-04-17,0
ck_7519afe32a71c624,2025-10-05 01:35:44,2026-04-16,2026-04-17,0
ck_6898b823bd2f9bd6,2025-11-13 21:44:08,2026-04-16,2026-04-17,0
ck_dfdacbd7afdd8bf1,2026-03-06 07:58:02,2026-04-16,2026-04-17,0
ck_6d03cf8d87dfcce5,2026-01-31 05:45:02,2026-04-16,2026-04-17,0
ck_b7f3e01ae09d0cfa,2026-01-05 06:10:48,2026-04-16,2026-04-17,0
ck_8ab20a41771a3b1b,2026-02-14 04:33:31,2026-04-16,2026-04-17,0
ck_10bbe987e524d1b4,2025-08-20 01:10:00,2026-04-16,2026-04-17,0
ck_2f0577ddbb8ec0d9,2026-01-24 14:24:17,2026-04-16,2026-04-17,0
ck_309b20b3a625d5d1,2025-12-21 03:41:40,2026-04-16,2026-04-17,0
ck_2599eaaaecd03f64,2025-08-04 17:23:20,2026-04-16,2026-04-17,0
ck_8907492ce8fc59d1,2026-03-20 15:18:35,2026-04-16,2026-04-17,0
ck_b15ffc923c1bad15,2026-04-15 09:32:31,2026-04-16,2026-04-17,0
ck_e68b994f61cce9ac,2025-12-18 00:23:55,2026-04-16,2026-04-17,0
ck_3e860ef3015b7d81,2025-10-10 08:29:42,2026-04-16,2026-04-17,0
ck_999fce6d2bf6247d,2026-01-27 03:34:50,2026-04-16,2026-04-17,0
ck_675103eb5dd91704,2026-01-04 08:32:18,2026-04-16,2026-04-17,0
ck_9e66337f376c470c,2025-11-21 10:52:30,2026-04-16,2026-04-17,0
ck_4f29924dfd473646,2026-03-10 22:11:15,2026-04-16,2026-04-17,0
ck_efa5a839e244d697,2026-03-13 18:13:43,2026-04-16,2026-04-17,0
ck_3d8eb9762c96f1f1,2026-03-31 01:26:58,2026-04-16,2026-04-17,0
ck_8b102bdf260a5933,2026-01-05 14:10:05,2026-04-16,2026-04-17,0
ck_1f95d382e7fee1c9,2026-01-03 21:29:42,2026-04-16,2026-04-17,0
ck_bc6e1700814a07dc,2026-04-15 18:59:06,2026-04-16,2026-04-17,0
ck_d64a82148cec4f67,2025-12-18 22:05:24,2026-04-16,2026-04-17,0
ck_9cb57a5e99598c28,2026-01-22 01:40:54,2026-04-16,2026-04-17,0
ck_1cafbe5a8b637485,2026-01-15 02:32:02,2026-04-16,2026-04-17,0
ck_bfeced5bda4ce82d,2025-07-11 02:56:05,2026-04-16,2026-04-17,0
ck_a350dcfe51a357a9,2026-03-01 23:32:13,2026-04-16,2026-04-17,0
ck_a0c2ce7c62f530c6,2025-06-03 04:23:47,2026-04-16,2026-04-17,0
ck_41f9b674aaa5abbb,2026-04-15 07:03:38,2026-04-16,2026-04-17,0
ck_6eb8d504bccf6b6a,2025-10-05 00:21:08,2026-04-16,2026-04-17,0
ck_e570f9b844a53b10,2025-12-14 12:34:07,2026-04-16,2026-04-17,0
ck_9eba3cbed2a5ef16,2026-01-13 06:44:20,2026-04-16,2026-04-17,0
ck_9c79e5cd1f494df6,2026-04-01 11:27:44,2026-04-16,2026-04-17,0
ck_7cfa14da07132a44,2026-04-15 08:32:00,2026-04-16,2026-04-17,0
ck_59c4885fe5738e65,2026-04-15 04:29:13,2026-04-16,2026-04-17,0
ck_9e7bc0838d7cd173,2026-01-18 22:11:49,2026-04-16,2026-04-17,0
ck_03fb35b90cac4405,2026-01-29 02:13:36,2026-04-16,2026-04-17,0
ck_1a0362f53ffa27df,2025-12-27 23:49:41,2026-04-16,2026-04-17,0
ck_ae266f1e124f266d,2026-04-15 20:18:52,2026-04-16,2026-04-17,0
ck_d470e0c71eb09e97,2025-09-13 08:05:27,2026-04-16,2026-04-17,0
ck_a6ed08e32af6331b,2026-03-13 10:42:13,2026-04-16,2026-04-17,0
ck_ee6a2b02fc0aeb56,2025-11-02 16:31:26,2026-04-16,2026-04-17,0
ck_74d9919049eb1cf0,2026-01-01 18:39:02,2026-04-16,2026-04-17,0
ck_a5f6cfa6ececb8c4,2026-04-15 12:45:19,2026-04-16,2026-04-17,0
ck_38d19558e80f5cb2,2026-04-01 02:39:20,2026-04-16,2026-04-17,1
ck_a38a4f1135e2655b,2026-02-13 19:06:43,2026-04-16,2026-04-17,0
ck_eedb81131639f872,2026-01-03 04:15:56,2026-04-16,2026-04-17,0
ck_8f400973d40403e4,2026-04-15 01:09:49,2026-04-16,2026-04-17,0
ck_4862daaf04a0dc34,2026-01-12 04:16:59,2026-04-16,2026-04-17,0
ck_08d2b8d59bbf6387,2025-11-23 11:38:24,2026-04-16,2026-04-17,0
ck_cef255f98ab187db,2026-01-09 02:55:05,2026-04-16,2026-04-17,0
ck_16f049a554252d4e,2026-04-14 08:10:11,2026-04-16,2026-04-17,0
ck_7a8301ee9373a107,2026-02-13 23:42:11,2026-04-16,2026-04-17,0
ck_44f881b7e3569ecf,2025-09-19 20:24:51,2026-04-16,2026-04-17,0
ck_6e436bdf0f1e7f24,2026-04-07 08:45:05,2026-04-16,2026-04-17,0
ck_8fa98819d5364927,2026-02-26 01:03:07,2026-04-16,2026-04-17,0
ck_13a70f4380ddff0a,2025-11-18 03:37:13,2026-04-16,2026-04-17,0
ck_b501b5041e685057,2026-04-07 02:50:46,2026-04-16,2026-04-17,0
ck_df9248dce1a8a6de,2026-04-13 08:37:52,2026-04-16,2026-04-17,0
ck_824cf2c900e919d5,2026-01-10 03:48:23,2026-04-16,2026-04-17,1
ck_4ed5c734a19f902f,2025-09-14 06:09:23,2026-04-16,2026-04-17,0
ck_0c17be46c9c84739,2026-04-15 05:34:07,2026-04-16,2026-04-17,1
ck_51061c2a3fcbcf4b,2026-03-03 02:48:04,2026-04-16,2026-04-17,0
ck_ec65b32d0f48aeb3,2026-04-02 21:58:02,2026-04-16,2026-04-17,0
ck_49ed8e2c61261653,2026-02-03 11:35:40,2026-04-16,2026-04-17,0
ck_cec363a9fa191cf1,2026-04-14 01:14:57,2026-04-16,2026-04-17,1
ck_d43170579d3a2da7,2026-01-03 05:39:29,2026-04-16,2026-04-17,0
ck_c865671968087ab3,2026-02-08 09:04:33,2026-04-16,2026-04-17,0
ck_1a99d74601593aef,2026-02-04 01:04:45,2026-04-16,2026-04-17,0
ck_45c51d122ae85a3e,2026-02-23 21:39:13,2026-04-16,2026-04-17,0
ck_c001acfa63c7e08c,2026-01-15 14:31:58,2026-04-16,2026-04-17,0
ck_8390f88ee985c4e4,2026-01-08 13:10:10,2026-04-16,2026-04-17,0
ck_190c7f5636b3c8d1,2026-03-23 09:48:06,2026-04-16,2026-04-17,0
ck_a9fd64080a09fe53,2025-11-24 05:42:27,2026-04-16,2026-04-17,0
ck_4835228a5865e660,2026-01-25 23:17:04,2026-04-16,2026-04-17,0
ck_5bebbb85ae2e1b9d,2026-01-13 07:30:58,2026-04-16,2026-04-17,0
ck_4b2cb34ade0fabf9,2026-02-28 17:39:31,2026-04-16,2026-04-17,0
ck_2a9a0550ce98f8e6,2025-10-14 21:43:42,2026-04-16,2026-04-17,0
ck_de84ef69827f916b,2025-12-05 08:23:36,2026-04-16,2026-04-17,0
ck_90b1c11f69588331,2026-02-04 22:21:42,2026-04-16,2026-04-17,1
ck_82695fddfcdfc2df,2026-04-13 16:39:21,2026-04-16,2026-04-17,0
ck_2a208f29edaa8535,2026-03-03 02:23:49,2026-04-16,2026-04-17,0
ck_338c7a11237070b4,2026-02-25 18:34:12,2026-04-16,2026-04-17,0
ck_9373a40b02046da6,2025-11-11 19:19:16,2026-04-16,2026-04-17,0
ck_8e108cc6d101fffb,2026-01-27 20:06:53,2026-04-16,2026-04-17,0
ck_e9e43076dff654ef,2025-12-05 21:42:35,2026-04-16,2026-04-17,0
ck_a425ce2385bce250,2026-03-17 21:52:47,2026-04-16,2026-04-17,0
ck_ca08417228c63f73,2025-12-16 04:03:32,2026-04-16,2026-04-17,0
ck_5c1a460dbb7cb452,2025-11-05 05:49:55,2026-04-16,2026-04-17,0
ck_18f2a4489a7b38d5,2025-12-14 23:26:13,2026-04-16,2026-04-17,0
ck_1e3f2b5b075f9644,2026-03-28 02:26:34,2026-04-16,2026-04-17,0
ck_f92b7b92ab3a656b,2026-02-11 15:08:11,2026-04-16,2026-04-17,0
ck_777837395197d7d1,2026-01-31 08:54:07,2026-04-16,2026-04-17,0
ck_c68133edcb86ce94,2026-04-14 21:57:45,2026-04-16,2026-04-17,0
ck_1644e1e12972af30,2026-03-03 00:52:38,2026-04-16,2026-04-17,0
ck_fdc13af5c33a433a,2026-01-06 06:36:55,2026-04-16,2026-04-17,0
ck_60967829c0d10423,2026-01-04 19:46:46,2026-04-16,2026-04-17,0
ck_b9ac93aee7d1f363,2026-04-06 14:31:55,2026-04-16,2026-04-17,0
ck_bb8db03ec6049c90,2025-10-22 21:24:51,2026-04-16,2026-04-17,0
ck_c6549746dcc43d0b,2026-02-21 07:42:05,2026-04-16,2026-04-17,0
ck_872a37ddcff867ad,2025-11-21 01:33:00,2026-04-16,2026-04-17,0
ck_98069e78ada50399,2026-04-12 13:23:34,2026-04-16,2026-04-17,0
ck_b343d606e12f2083,2026-02-08 18:13:31,2026-04-16,2026-04-17,0
ck_e3f3803237948fbc,2026-04-14 15:25:54,2026-04-16,2026-04-17,0
ck_9f267d9d63b897b3,2026-04-12 21:59:03,2026-04-16,2026-04-17,1
ck_a2082240ce9e4350,2025-12-26 13:11:47,2026-04-16,2026-04-17,0
ck_1a5b4fc4122a13c7,2025-12-27 01:09:23,2026-04-16,2026-04-17,0
ck_15294afa452bd362,2026-04-15 17:28:44,2026-04-16,2026-04-17,0
ck_776f120dbaa2b76e,2026-02-06 01:20:22,2026-04-16,2026-04-17,1
ck_8eac9b868e471dfa,2026-04-14 00:14:08,2026-04-16,2026-04-17,0
ck_a84e3115725eb491,2026-04-15 13:52:00,2026-04-16,2026-04-17,0
ck_0f673998f81cff47,2025-12-22 03:32:02,2026-04-16,2026-04-17,0
ck_cd1107503a49f054,2026-04-14 22:56:13,2026-04-16,2026-04-17,1
ck_f021db71b89e99db,2025-12-05 23:19:25,2026-04-16,2026-04-17,0
ck_95654bddfcf21e39,2026-02-25 06:47:53,2026-04-16,2026-04-17,0
ck_0ae01776d259dcf2,2026-02-27 16:10:53,2026-04-16,2026-04-17,0
ck_db92305cf38c4196,2025-12-25 14:04:09,2026-04-16,2026-04-17,0
ck_3ce843f89e007e90,2026-03-12 06:18:05,2026-04-16,2026-04-17,0
ck_c9565eae3ea73e3b,2026-02-10 06:43:27,2026-04-16,2026-04-17,0
ck_bf4de5e56093138a,2026-01-17 15:58:24,2026-04-16,2026-04-17,0
ck_e776f1855488fe57,2025-12-04 14:56:30,2026-04-16,2026-04-17,0
ck_8121f92b16dd46c8,2026-04-15 07:38:23,2026-04-16,2026-04-17,0
ck_a04e40417d820602,2026-02-02 09:34:34,2026-04-16,2026-04-17,0
ck_ff021890dc4375b6,2026-02-09 13:51:15,2026-04-16,2026-04-17,0
ck_021699ec585af905,2026-04-15 08:44:23,2026-04-16,2026-04-17,0
ck_cecac42f635eb167,2026-02-28 10:32:46,2026-04-16,2026-04-17,0
ck_5e85c9e41cdcb817,2026-04-14 06:28:12,2026-04-16,2026-04-17,0
ck_f2cb0129c1f347a9,2025-10-30 20:25:06,2026-04-16,2026-04-17,0
ck_f7edc8d49ed00993,2026-01-07 04:53:40,2026-04-16,2026-04-17,0
ck_f0be92897a7aae44,2026-03-15 09:47:26,2026-04-16,2026-04-17,0
ck_14983e57c3dd1003,2026-04-14 20:28:22,2026-04-16,2026-04-17,0
ck_050f1a889056fed6,2026-02-24 18:59:19,2026-04-16,2026-04-17,0
ck_a3b1123e3ea1a6d0,2026-02-17 13:26:19,2026-04-16,2026-04-17,0
ck_15549d9bd61eadfd,2026-03-29 17:16:04,2026-04-16,2026-04-17,0
ck_dad551a7bb3647c3,2026-01-22 06:09:03,2026-04-16,2026-04-17,0
ck_35fb3c635f1f7c3f,2026-04-01 14:48:19,2026-04-16,2026-04-17,0
ck_6cb63837b710b3b4,2026-03-08 21:32:01,2026-04-16,2026-04-17,0
ck_bc2f8633680ffb5a,2026-02-15 17:04:45,2026-04-16,2026-04-17,0
ck_e457a40bf2fac1fd,2026-02-26 10:02:36,2026-04-16,2026-04-17,0
ck_e7f7be528936968b,2026-01-21 18:59:56,2026-04-16,2026-04-17,0
ck_85f0ad0db5002bd7,2026-02-05 19:22:51,2026-04-16,2026-04-17,0
ck_ae4f315163cdc9e1,2025-11-09 00:26:05,2026-04-16,2026-04-17,0
ck_4ba9f1aba87df86f,2026-04-13 00:59:13,2026-04-16,2026-04-17,1
ck_802e8bc729e337f7,2026-03-30 11:59:47,2026-04-16,2026-04-17,0
ck_fe0854b47a990b0c,2026-01-07 18:39:28,2026-04-16,2026-04-17,0
ck_f3a408d9d90ac407,2026-02-23 18:21:54,2026-04-16,2026-04-17,0
ck_d31676d3151ed1f3,2026-03-10 18:47:54,2026-04-16,2026-04-17,0
ck_b494050822e3d679,2026-01-22 08:05:14,2026-04-16,2026-04-17,0
ck_55d5acf5e28870c2,2026-04-13 19:07:42,2026-04-16,2026-04-17,0
ck_5446adf9652f7baa,2026-04-15 16:41:54,2026-04-16,2026-04-17,0
ck_abbf4d37684baf8c,2026-02-21 04:13:35,2026-04-16,2026-04-17,0
ck_6abb93dda08215d6,2025-10-04 16:04:34,2026-04-16,2026-04-17,0
ck_7d8cf38db1eed61b,2025-05-11 06:39:14,2026-04-16,2026-04-17,0
ck_48dbf6c6edabd08d,2026-02-09 10:47:27,2026-04-16,2026-04-17,1
ck_f28a2ff217821306,2025-11-02 21:55:16,2026-04-16,2026-04-17,0
ck_c81d654653c52597,2026-04-14 14:00:18,2026-04-16,2026-04-17,0
ck_edceaecedf7dfd65,2026-01-22 14:48:04,2026-04-16,2026-04-17,1
ck_5c7e18ca81a81cd6,2026-04-11 19:09:24,2026-04-16,2026-04-17,1
ck_fb4a4b48db967378,2025-11-20 13:11:46,2026-04-16,2026-04-17,0
ck_39fb5de59e9031c4,2026-01-28 01:54:27,2026-04-16,2026-04-17,0
ck_622fd187bde30e74,2026-02-09 11:25:14,2026-04-16,2026-04-17,0
ck_432eea52c0b6eae0,2026-03-02 02:06:27,2026-04-16,2026-04-17,0
ck_25b31db8c46573f0,2025-01-31 21:50:05,2026-04-16,2026-04-17,0
ck_b37fd3e64627ca99,2026-02-15 02:36:25,2026-04-16,2026-04-17,0
ck_c16a2237844bb10e,2026-04-14 15:39:21,2026-04-16,2026-04-17,0
ck_05cd6f9cb163bafc,2026-04-15 06:46:37,2026-04-16,2026-04-17,0
ck_cd9d169b3bd093a4,2026-04-04 14:11:44,2026-04-16,2026-04-17,0
ck_db9bcb1df0f27434,2025-12-21 05:03:53,2026-04-16,2026-04-17,0
ck_97fdd54cdca98fd9,2026-03-09 00:35:43,2026-04-16,2026-04-17,0
ck_8941ae2621f55dfd,2026-03-04 02:34:10,2026-04-16,2026-04-17,0
ck_7a46b43adaee8a82,2026-04-15 09:43:15,2026-04-16,2026-04-17,0
ck_9a2b2f74fb59bfd3,2025-12-11 07:16:34,2026-04-16,2026-04-17,0
ck_2d0b88945d2ee16d,2026-04-14 16:47:08,2026-04-16,2026-04-17,0
ck_51ee80386e9bc0ff,2025-10-27 15:44:05,2026-04-16,2026-04-17,0
ck_2bf31492413c71e6,2026-04-14 14:24:55,2026-04-16,2026-04-17,0
ck_01ee8f58929fd663,2026-03-14 11:15:56,2026-04-16,2026-04-17,0
ck_1d137ce1de7ef18d,2025-11-17 22:35:49,2026-04-16,2026-04-17,0
ck_908af74eef527efa,2026-04-15 16:48:31,2026-04-16,2026-04-17,0
ck_06195b4ed0f68082,2026-02-10 13:51:22,2026-04-16,2026-04-17,0
ck_8cdc06dbc392b92a,2025-12-07 15:06:20,2026-04-16,2026-04-17,0
ck_d60e116bfe380eff,2026-02-09 22:19:09,2026-04-16,2026-04-17,0
ck_36dc27437bcb1b93,2026-03-09 06:37:43,2026-04-16,2026-04-17,0
ck_1f7a574b86d0432c,2026-02-23 08:36:54,2026-04-16,2026-04-17,0
ck_2ade80fc5fae961b,2026-02-07 07:20:52,2026-04-16,2026-04-17,0
ck_4d493c1913a48d5a,2025-12-17 17:17:20,2026-04-16,2026-04-17,0
ck_2f7f3e54011d3776,2026-04-13 23:29:59,2026-04-16,2026-04-17,1
ck_1ee6513b9c702ac2,2025-11-02 00:06:56,2026-04-16,2026-04-17,0
ck_b4d8ea9bfb9d7821,2026-04-08 00:35:32,2026-04-16,2026-04-17,0
ck_e7b5ab235af12bdd,2026-01-11 22:54:14,2026-04-16,2026-04-17,0
ck_b68aa6fbc6ed24fb,2026-04-12 11:20:52,2026-04-16,2026-04-17,0
ck_d598c99c845fd3dc,2026-04-15 09:24:26,2026-04-16,2026-04-17,0
ck_93d1af491c4f990e,2026-03-16 02:11:56,2026-04-16,2026-04-17,1
ck_996c1181a5a8fd0a,2026-04-14 23:35:40,2026-04-16,2026-04-17,0
ck_9bda866f3e4eae01,2026-04-14 19:14:37,2026-04-16,2026-04-17,0
ck_cba7b949289b0165,2026-02-04 21:16:07,2026-04-16,2026-04-17,0
ck_abf755540edf9d92,2026-04-15 08:28:23,2026-04-16,2026-04-17,0
ck_8d40290f38b61a49,2026-04-14 19:06:54,2026-04-16,2026-04-17,0
ck_fcafb91c8e60b58f,2025-12-26 13:55:33,2026-04-16,2026-04-17,1
ck_2ac0359e12efc089,2026-03-18 15:42:06,2026-04-16,2026-04-17,0
ck_8844fad2aab4b77a,2025-12-12 11:32:54,2026-04-16,2026-04-17,0
ck_c4b953a53f20c22e,2025-10-09 01:48:04,2026-04-16,2026-04-17,0
ck_a6fa2737b5167a80,2025-11-08 02:22:45,2026-04-16,2026-04-17,0
ck_0b6c24790cd91f9c,2026-03-22 08:01:45,2026-04-16,2026-04-17,0
ck_c98adbe562bd5f30,2026-02-26 18:52:49,2026-04-16,2026-04-17,0
ck_3aba86ade13f5ed3,2026-02-05 18:26:16,2026-04-16,2026-04-17,0
ck_83a2dc5d48afa7da,2026-01-25 03:13:31,2026-04-16,2026-04-17,0
ck_02a58cc1bb40bb6c,2026-02-05 09:29:38,2026-04-16,2026-04-17,0
ck_b8d142731fd84d86,2026-02-27 03:21:33,2026-04-16,2026-04-17,0
ck_c9ed6c5e57ee85ad,2026-03-07 18:57:28,2026-04-16,2026-04-17,0
ck_0291320c806c1eea,2025-11-03 14:41:32,2026-04-16,2026-04-17,0
ck_ef487097e48b2c6f,2026-04-15 01:38:55,2026-04-16,2026-04-17,0
ck_f262978856af5c35,2026-04-14 22:22:26,2026-04-16,2026-04-17,0
ck_41afb8e616f974ac,2026-02-09 01:00:43,2026-04-16,2026-04-17,0
ck_5ae605a22d6632aa,2026-03-05 19:49:04,2026-04-16,2026-04-17,1
ck_f7f15595de3b368e,2025-12-16 23:28:37,2026-04-16,2026-04-17,0
ck_d6f631ce63b12b1d,2026-01-02 09:57:45,2026-04-16,2026-04-17,0
ck_2288e785e83fc4cf,2025-12-24 22:55:24,2026-04-16,2026-04-17,0
ck_35200851dec0e75c,2025-11-13 07:42:00,2026-04-16,2026-04-17,1
ck_883b1096048aa92b,2026-04-15 11:48:33,2026-04-16,2026-04-17,0
ck_dbe52981b75d1f05,2025-05-07 01:43:28,2026-04-16,2026-04-17,0
ck_a5de7ea19f295d3a,2026-03-03 07:27:01,2026-04-16,2026-04-17,0
ck_27cc5eb5cecb3c6b,2026-04-14 05:07:47,2026-04-16,2026-04-17,0
ck_a1c9a2a4629b0598,2026-04-15 20:54:48,2026-04-16,2026-04-17,0
ck_f2adea95a7f44d88,2026-03-07 01:14:45,2026-04-16,2026-04-17,0
ck_3ed33aaadcff9556,2025-12-19 16:10:22,2026-04-16,2026-04-17,0
ck_6ad583e3204b0357,2025-12-16 01:55:42,2026-04-16,2026-04-17,0
ck_8171a08b19d5190f,2026-01-21 01:58:47,2026-04-16,2026-04-17,1
ck_f294cd9430460935,2026-03-20 16:54:32,2026-04-16,2026-04-17,0
ck_42a3195b7de3f471,2026-04-15 18:53:35,2026-04-16,2026-04-17,0
ck_8daa006b33de9214,2026-04-14 17:23:39,2026-04-16,2026-04-17,0
ck_b7e1bdabddf1b29c,2026-04-04 10:20:39,2026-04-16,2026-04-17,0
ck_c7c0bc013e463eeb,2026-02-12 10:50:46,2026-04-16,2026-04-17,0
ck_5855c8ec8cb98f51,2026-01-09 10:32:56,2026-04-16,2026-04-17,0
ck_c4742915044cee1c,2026-01-06 02:22:00,2026-04-16,2026-04-17,0
ck_8212cc4ff1eddd0a,2026-02-10 04:28:28,2026-04-16,2026-04-17,0
ck_2b5e62ab836342bc,2026-04-13 22:04:37,2026-04-16,2026-04-17,0
ck_95e227ae27881d1a,2026-03-03 19:29:38,2026-04-16,2026-04-17,0
ck_24760643474fb190,2025-09-26 01:24:35,2026-04-16,2026-04-17,0
ck_078af688e02c73db,2026-02-11 04:24:11,2026-04-16,2026-04-17,0
ck_933bd3d5058aee1f,2026-04-15 15:59:17,2026-04-16,2026-04-17,0
ck_ba8d9ffedc210ecb,2026-03-23 23:58:30,2026-04-16,2026-04-17,0
ck_488f214ed69346b3,2026-04-12 02:27:44,2026-04-16,2026-04-17,1
ck_986da7dc74432db4,2026-02-01 09:40:46,2026-04-16,2026-04-17,0
ck_9fdff0db49daedf5,2025-09-02 08:35:48,2026-04-16,2026-04-17,0
ck_0663be2ea3d3d3ce,2025-08-30 15:04:29,2026-04-16,2026-04-17,0
ck_aceb98a9bf5d8ee8,2026-03-22 08:23:15,2026-04-16,2026-04-17,0
ck_ab6a35cc2f8e26fb,2026-04-15 13:55:29,2026-04-16,2026-04-17,0
ck_d0e72f37e19fa09c,2026-04-15 06:48:46,2026-04-16,2026-04-17,0
ck_3e29488c92156532,2026-04-14 16:36:23,2026-04-16,2026-04-17,0
ck_06ff18395be0d351,2026-04-15 12:38:26,2026-04-16,2026-04-17,0
ck_b0c8fa7fc1876ae7,2026-04-14 04:10:02,2026-04-16,2026-04-17,1
ck_d6b0ac9854165f7a,2025-10-08 01:49:33,2026-04-16,2026-04-17,0
ck_e5f1961b72e368e4,2026-01-12 14:20:43,2026-04-16,2026-04-17,0
ck_7bbfca92945313d3,2025-12-15 15:16:24,2026-04-16,2026-04-17,0
ck_296dbe39301830ec,2025-11-13 14:46:16,2026-04-16,2026-04-17,0
ck_95b3d2a53b419c49,2025-11-09 12:18:09,2026-04-16,2026-04-17,0
ck_b4406e837e4b520a,2026-01-20 14:51:35,2026-04-16,2026-04-17,0
ck_038e8ace7249f2b5,2025-10-24 07:59:48,2026-04-16,2026-04-17,0
ck_84b42d1b8f97f4b4,2026-04-14 16:27:00,2026-04-16,2026-04-17,0
ck_dec51babc0610645,2026-04-12 06:05:20,2026-04-16,2026-04-17,0
ck_cb8673e233856a4b,2026-01-23 15:02:29,2026-04-16,2026-04-17,0
ck_8cdb9bc96785421f,2026-01-14 13:23:17,2026-04-16,2026-04-17,0
ck_11569b642e2b241b,2026-01-11 22:10:37,2026-04-16,2026-04-17,0
ck_ae644cced332c134,2026-01-02 05:42:18,2026-04-16,2026-04-17,0
ck_16f28b5b2c615e0d,2025-12-07 21:14:00,2026-04-16,2026-04-17,0
ck_11c1b2145281d434,2026-04-14 04:52:53,2026-04-16,2026-04-17,1
ck_b15e43ce37f853f6,2026-04-15 19:15:14,2026-04-16,2026-04-17,0
ck_505755c5e733bbf8,2026-02-03 08:28:12,2026-04-16,2026-04-17,0
ck_a20e599348170030,2025-11-29 01:57:19,2026-04-16,2026-04-17,0
ck_9f455b586208a111,2026-04-15 00:57:58,2026-04-16,2026-04-17,0
ck_bd0342f3ea66107b,2026-04-15 02:24:37,2026-04-16,2026-04-17,0
ck_693a1d0ed904186e,2026-01-18 10:51:36,2026-04-16,2026-04-17,0
ck_01383ee95aac0908,2026-03-15 05:17:50,2026-04-16,2026-04-17,0
ck_ff0ed000da1b0216,2026-01-30 05:19:59,2026-04-16,2026-04-17,0
ck_79aba6791f696d1f,2025-12-02 17:58:57,2026-04-16,2026-04-17,0
ck_766316d85ac7effb,2026-04-15 02:42:33,2026-04-16,2026-04-17,0
ck_e4e17c9e7bf4b28c,2026-01-16 12:39:27,2026-04-16,2026-04-17,0
ck_424e9fe1a98db698,2026-02-17 23:34:56,2026-04-16,2026-04-17,0
ck_126b81767d20d9c0,2025-11-02 03:06:09,2026-04-16,2026-04-17,0
ck_7dc4942b0797bf2b,2026-04-14 11:46:24,2026-04-16,2026-04-17,0
ck_2e31889f022da848,2025-10-05 11:41:21,2026-04-16,2026-04-17,0
ck_8ef99abf67bad6bc,2026-03-03 20:21:33,2026-04-16,2026-04-17,0
ck_3a077855d790a15b,2026-01-04 17:32:28,2026-04-16,2026-04-17,0
ck_a5aff7710d2da56f,2026-02-21 02:52:39,2026-04-16,2026-04-17,0
ck_3a41cd16305209bc,2026-01-01 06:19:04,2026-04-16,2026-04-17,0
ck_b2e44e6b927b2a2f,2026-04-14 10:48:03,2026-04-16,2026-04-17,0
ck_5998599a0684b133,2026-03-10 07:39:13,2026-04-16,2026-04-17,0
ck_a961886fe979dd98,2026-01-13 17:36:08,2026-04-16,2026-04-17,0
ck_267be5092be278fc,2026-04-14 12:06:54,2026-04-16,2026-04-17,0
ck_73518c6819cc3948,2025-10-19 04:35:04,2026-04-16,2026-04-17,0
ck_d0b95e9fcb865b39,2026-04-15 04:30:18,2026-04-16,2026-04-17,1
ck_be088cba3981fffe,2025-07-19 17:21:16,2026-04-16,2026-04-17,1
ck_c2899c602723f668,2025-11-03 06:26:16,2026-04-16,2026-04-17,0
ck_4fc91ba40548d19e,2026-02-14 06:35:49,2026-04-16,2026-04-17,1
ck_af44046cc0346d5d,2025-12-08 05:07:59,2026-04-16,2026-04-17,0
ck_62a3f26dcf8ea165,2025-11-25 12:10:16,2026-04-16,2026-04-17,0
ck_d2442bc4ad953d56,2026-01-14 22:19:12,2026-04-16,2026-04-17,1
ck_baf7389f76bb7a74,2025-12-17 07:30:08,2026-04-16,2026-04-17,0
ck_6d05c0940e13b39d,2026-03-10 21:17:28,2026-04-16,2026-04-17,0
ck_0ae650f42d87366b,2025-11-05 10:05:47,2026-04-16,2026-04-17,0
ck_76dc83a0c3e9234b,2025-12-16 07:31:40,2026-04-16,2026-04-17,0
ck_ef79b4788192343c,2026-02-21 20:56:22,2026-04-16,2026-04-17,0
ck_3c406752569da11e,2026-03-25 17:56:10,2026-04-16,2026-04-17,0
ck_4fbd22d9368794e7,2026-03-24 02:24:52,2026-04-16,2026-04-17,0
ck_1c01476c9003ce2d,2025-12-14 11:23:31,2026-04-16,2026-04-17,1
ck_25408a35f1716508,2026-01-28 23:22:15,2026-04-16,2026-04-17,0
ck_15a221e1aeca493a,2026-03-17 03:47:24,2026-04-16,2026-04-17,0
ck_ba9ce4bbc942b822,2026-02-27 22:05:32,2026-04-16,2026-04-17,0
ck_832da501d07c93fd,2026-03-20 23:41:30,2026-04-16,2026-04-17,0
ck_c75ef9a9ede92723,2026-03-03 11:23:57,2026-04-16,2026-04-17,0
ck_086b592a7081f980,2026-04-11 12:43:58,2026-04-16,2026-04-17,1
ck_281de659e23c2d2a,2026-04-15 20:45:49,2026-04-16,2026-04-17,0
ck_7bfc13efa7e4dc70,2025-10-13 10:36:15,2026-04-16,2026-04-17,0
ck_c5b0f8d6c24772a5,2025-12-29 11:58:39,2026-04-16,2026-04-17,0
ck_4d4945e7690b52c5,2026-03-16 17:43:09,2026-04-16,2026-04-17,1
ck_97e997858da00cd4,2025-09-22 11:12:21,2026-04-16,2026-04-17,0
ck_5c2b05df361288f5,2026-03-14 13:07:40,2026-04-16,2026-04-17,1
ck_65b419fc9890bde5,2026-02-11 13:10:52,2026-04-16,2026-04-17,0
ck_b75458f0cc6a7abb,2026-03-24 02:47:26,2026-04-16,2026-04-17,0
ck_209021ad1f79afa0,2026-01-16 17:47:49,2026-04-16,2026-04-17,0
ck_a06665cde4cb4613,2026-03-13 10:12:29,2026-04-16,2026-04-17,1
ck_a44ace7d45929120,2025-07-29 05:16:49,2026-04-16,2026-04-17,0
ck_3879063989f95bd9,2026-03-19 12:33:39,2026-04-16,2026-04-17,0
ck_200129e29450ebc8,2026-02-27 06:33:32,2026-04-16,2026-04-17,1
ck_0d842e73ab340814,2026-03-01 21:25:49,2026-04-16,2026-04-17,1
ck_344f2fe6b5611405,2026-01-11 22:18:10,2026-04-16,2026-04-17,0
ck_9da576cc435eeb51,2026-01-22 23:23:56,2026-04-16,2026-04-17,0
ck_fdef662dde2fa71a,2025-04-25 02:15:46,2026-04-16,2026-04-17,0
ck_05fa7e05cfea06b0,2025-09-20 01:56:15,2026-04-16,2026-04-17,0
ck_432abdaea69dea67,2025-09-19 15:47:29,2026-04-16,2026-04-17,0
ck_f6643e9355e0d570,2026-02-27 02:29:02,2026-04-16,2026-04-17,0
ck_a130a4380647d638,2026-04-14 22:39:03,2026-04-16,2026-04-17,1
ck_5a656f04ab57a400,2025-12-29 15:36:04,2026-04-16,2026-04-17,1
ck_f710013a1c2ef15d,2026-01-07 14:15:28,2026-04-16,2026-04-17,0
ck_11e33752f879103c,2026-03-09 11:50:08,2026-04-16,2026-04-17,0
ck_bb4bed125e62f83a,2026-03-10 22:10:42,2026-04-16,2026-04-17,0
ck_768f9e783710c8a3,2026-01-07 16:19:23,2026-04-16,2026-04-17,0
ck_51db5af1af0597c6,2025-09-04 06:10:04,2026-04-16,2026-04-17,0
ck_6c2ee0bedaea53e6,2026-04-15 17:24:54,2026-04-16,2026-04-17,0
ck_6abac35c762a5efb,2025-12-29 23:22:56,2026-04-16,2026-04-17,0
ck_9f073ecd2e7cf089,2025-12-05 02:33:51,2026-04-16,2026-04-17,0
ck_5a43f2e9e43adf4b,2026-03-20 03:48:07,2026-04-16,2026-04-17,0
ck_15df88ec20e58a81,2025-11-09 20:01:50,2026-04-16,2026-04-17,0
ck_d0b9df9de56c5f0f,2026-04-15 09:02:52,2026-04-16,2026-04-17,0
ck_ed97a461278ed0ac,2026-04-06 11:14:42,2026-04-16,2026-04-17,0
ck_66043b8e50011276,2026-02-15 02:21:03,2026-04-16,2026-04-17,0
ck_ce2371d0962ef2bb,2026-02-19 21:22:53,2026-04-16,2026-04-17,0
ck_92e2b44108ea9b5e,2025-12-02 20:20:34,2026-04-16,2026-04-17,0
ck_a760c00469f37efd,2025-12-20 19:49:44,2026-04-16,2026-04-17,0
ck_1a9580fb0b0d976d,2026-01-29 01:57:06,2026-04-16,2026-04-17,0
ck_f0559f8017b9e2ec,2025-11-27 14:23:45,2026-04-16,2026-04-17,0
ck_dd2bc9154e14d27b,2025-12-31 16:25:41,2026-04-16,2026-04-17,0
ck_7c80ed0cafabe28e,2026-03-14 14:21:31,2026-04-16,2026-04-17,0
ck_12ebca052275364d,2026-03-13 06:44:34,2026-04-16,2026-04-17,0
ck_3c5936dee6a1b559,2026-03-14 06:45:47,2026-04-16,2026-04-17,0
ck_d1b45aedb6708758,2025-11-02 17:05:52,2026-04-16,2026-04-17,0
ck_a4008fd8e044aa60,2026-02-02 06:54:29,2026-04-16,2026-04-17,0
ck_c541d7d0002c31a1,2026-04-15 22:18:53,2026-04-16,2026-04-17,0
ck_b913b7c590facf4f,2026-03-21 16:27:19,2026-04-16,2026-04-17,0
ck_89ff660ffb95d5aa,2025-10-08 12:35:13,2026-04-16,2026-04-17,0
ck_4dec03a5ec43d301,2025-11-29 19:54:56,2026-04-16,2026-04-17,0
ck_348b7112aa33ffe8,2026-02-23 11:59:28,2026-04-16,2026-04-17,0
ck_5435d5a67b8170e2,2026-04-14 14:03:13,2026-04-16,2026-04-17,0
ck_941c047ff326f6b3,2026-01-17 00:56:27,2026-04-16,2026-04-17,0
ck_64e9f21ace5bb759,2025-12-15 02:57:32,2026-04-16,2026-04-17,0
ck_973eeffcb72b8da4,2025-09-09 11:18:27,2026-04-16,2026-04-17,1
ck_28a84ac6107f1dee,2026-04-15 09:04:32,2026-04-16,2026-04-17,1
ck_d64798536c431d9d,2026-03-03 02:20:53,2026-04-16,2026-04-17,0
ck_5d039f6671dc1f01,2026-04-14 03:14:00,2026-04-16,2026-04-17,0
ck_467de67646a4a6bb,2025-12-06 16:00:04,2026-04-16,2026-04-17,0
ck_27d0792c9e9e8eb1,2026-01-05 21:42:49,2026-04-16,2026-04-17,0
ck_90ee3749269d5e1b,2026-01-22 04:25:21,2026-04-16,2026-04-17,0
ck_cedcd71d702559f8,2026-04-12 18:24:09,2026-04-16,2026-04-17,0
ck_f9579bea4e321445,2026-02-03 08:23:03,2026-04-16,2026-04-17,0
ck_0e96de48d2bfcc81,2026-02-28 06:13:41,2026-04-16,2026-04-17,0
ck_7df2e0dda90ca454,2025-12-18 02:14:02,2026-04-16,2026-04-17,0
ck_3aacbaced2307497,2025-09-05 22:41:14,2026-04-16,2026-04-17,0
ck_ec056416179fe7b5,2026-03-07 17:58:47,2026-04-16,2026-04-17,0
ck_507e7f950ac4be2b,2026-01-24 23:24:14,2026-04-16,2026-04-17,0
ck_e3f4010ff5349df7,2026-01-03 10:50:22,2026-04-16,2026-04-17,0
ck_e917f88d791ae630,2025-06-03 06:50:17,2026-04-16,2026-04-17,0
ck_cea1b8a29fafad62,2025-10-27 02:48:36,2026-04-16,2026-04-17,0
ck_2372e874ad12b056,2026-04-13 20:40:09,2026-04-16,2026-04-17,0
ck_f954b28e7c80e98d,2026-01-28 17:40:05,2026-04-16,2026-04-17,0
ck_595995d5ad0832c5,2025-12-14 09:29:23,2026-04-16,2026-04-17,0
ck_6bae15bc0fd809f7,2025-11-19 09:57:55,2026-04-16,2026-04-17,0
ck_381f632bd03be657,2026-02-17 06:16:24,2026-04-16,2026-04-17,0
ck_5cca559384dd1832,2025-10-30 19:36:04,2026-04-16,2026-04-17,0
ck_b4a3cf29e45e943b,2026-04-15 10:47:49,2026-04-16,2026-04-17,0
ck_5b3c6ffd827af04d,2026-04-15 16:52:01,2026-04-16,2026-04-17,0
ck_b24fd35fd7378366,2026-04-09 06:47:10,2026-04-16,2026-04-17,0
ck_0baa9c8bec044c8a,2025-12-11 18:00:05,2026-04-16,2026-04-17,1
ck_745899a97e2ca0a4,2026-01-24 12:44:14,2026-04-16,2026-04-17,0
ck_4cc4562db0554a7b,2026-04-15 06:06:27,2026-04-16,2026-04-17,0
ck_0568e431b62d5471,2026-02-24 17:27:22,2026-04-16,2026-04-17,0
ck_33f1dfd7eb36cf79,2026-03-05 02:57:23,2026-04-16,2026-04-17,0
ck_ebdb27e339a8241e,2026-04-15 06:05:29,2026-04-16,2026-04-17,0
ck_3fcdfe6d08d83f94,2026-04-14 06:41:54,2026-04-16,2026-04-17,1
ck_88766907c1ebb367,2025-10-14 23:38:56,2026-04-16,2026-04-17,0
ck_ec6797a3c88813ce,2026-03-18 12:35:45,2026-04-16,2026-04-17,0
ck_3263dc1978bad64e,2026-03-21 23:35:57,2026-04-16,2026-04-17,0
ck_2da925b28d3c9454,2026-04-05 04:46:19,2026-04-16,2026-04-17,0
ck_1f6a027785456b34,2026-04-14 20:01:42,2026-04-16,2026-04-17,0
ck_5f65ad56c9003717,2026-02-18 19:18:32,2026-04-16,2026-04-17,0
ck_25ebe3d8420cdef8,2025-12-13 18:17:48,2026-04-16,2026-04-17,0
ck_ea0dc47f719ae4a6,2026-03-16 17:15:33,2026-04-16,2026-04-17,0
ck_94eeec6232604262,2026-01-17 10:30:51,2026-04-16,2026-04-17,0
ck_2140a2cfcb729b36,2026-03-26 17:04:06,2026-04-16,2026-04-17,0
ck_4a38f8b94e50215c,2026-01-20 11:43:20,2026-04-16,2026-04-17,0
ck_523701adcaed3b43,2026-04-14 06:16:47,2026-04-16,2026-04-17,0
ck_c655bd06c696ead5,2026-03-25 00:09:14,2026-04-16,2026-04-17,0
ck_263001dc21765915,2026-03-06 06:21:58,2026-04-16,2026-04-17,0
ck_d3f0c77a5ea32bc1,2026-02-15 19:33:09,2026-04-16,2026-04-17,0
ck_ed2977558ec0eac1,2026-03-21 02:28:28,2026-04-16,2026-04-17,0
ck_53c7dbf70607d329,2026-03-29 06:00:57,2026-04-16,2026-04-17,0
ck_46efd8f63cb02a6d,2026-04-14 13:40:21,2026-04-16,2026-04-17,0
ck_06cda2298e14b060,2026-03-23 05:47:32,2026-04-16,2026-04-17,0
ck_92f8cde796f1f4a3,2025-09-09 10:19:40,2026-04-16,2026-04-17,0
ck_8fe1bec1f793de32,2026-04-13 19:05:54,2026-04-16,2026-04-17,0
ck_2063cb7eefad98e3,2026-04-15 02:33:10,2026-04-16,2026-04-17,1
ck_be4fcc664c2b24cb,2026-04-14 15:04:57,2026-04-16,2026-04-17,0
ck_2f6cd49f5fad71d9,2026-02-09 18:25:23,2026-04-16,2026-04-17,0
ck_788b7a1d1879bfd4,2026-04-14 07:33:46,2026-04-16,2026-04-17,0
ck_280b67e765424f88,2026-01-08 20:07:29,2026-04-16,2026-04-17,0
ck_ba27aa43bf7a7e48,2025-10-23 21:20:31,2026-04-16,2026-04-17,1
ck_a7baa1bd09b3669c,2026-03-09 00:17:12,2026-04-16,2026-04-17,0
ck_700d0eec2d36e866,2025-12-12 12:48:36,2026-04-16,2026-04-17,1
ck_8f5772d19f6efad4,2025-10-26 07:02:28,2026-04-16,2026-04-17,0
ck_3b63b339f0249a3e,2026-01-26 04:50:58,2026-04-16,2026-04-17,0
ck_d797e7fccdcb03ef,2025-12-05 17:36:33,2026-04-16,2026-04-17,0
ck_e4db37b11a503c9c,2026-04-14 15:59:54,2026-04-16,2026-04-17,1
ck_f0dabebcdcf913fa,2026-03-10 01:48:02,2026-04-16,2026-04-17,0
ck_2b8fdbc7714da8d3,2025-11-14 16:42:36,2026-04-16,2026-04-17,0
ck_672e5b4edee26f78,2025-12-26 03:29:02,2026-04-16,2026-04-17,0
ck_ce490f41d4fc9628,2025-12-24 03:26:23,2026-04-16,2026-04-17,0
ck_074638fb0fc28b25,2025-12-10 15:20:34,2026-04-16,2026-04-17,0
ck_7dd286982290b8b1,2026-02-04 01:23:45,2026-04-16,2026-04-17,0
ck_f6e5048309f10ee4,2026-01-19 23:24:49,2026-04-16,2026-04-17,0
ck_752b3f1a4afe9d51,2026-03-20 15:57:49,2026-04-16,2026-04-17,0
ck_f7abda7b54497887,2026-04-15 21:52:35,2026-04-16,2026-04-17,0
ck_a54f79a89e3337c7,2026-03-13 06:34:35,2026-04-16,2026-04-17,0
ck_d46c40a92daa1afd,2025-07-30 09:53:55,2026-04-16,2026-04-17,0
ck_d3685ed83b50bdd0,2026-02-13 05:24:56,2026-04-16,2026-04-17,0
ck_be9aa9b032bd7719,2026-04-15 14:28:08,2026-04-16,2026-04-17,0
ck_2d4d715e93897514,2026-01-29 23:12:08,2026-04-16,2026-04-17,1
ck_d9b8038ea82a4e6b,2025-10-02 19:43:07,2026-04-16,2026-04-17,0
ck_a14e684a46836269,2025-10-31 11:40:34,2026-04-16,2026-04-17,0
ck_7d4c15961add45bf,2026-04-15 03:02:32,2026-04-16,2026-04-17,1
ck_81b4cc4ab4670864,2026-04-13 11:28:20,2026-04-16,2026-04-17,0
ck_4b539ae09e411147,2026-03-10 20:45:08,2026-04-16,2026-04-17,0
ck_edf962684b530038,2026-03-23 16:26:42,2026-04-16,2026-04-17,0
ck_41b061ee6cbcea76,2025-12-28 16:51:26,2026-04-16,2026-04-17,0
ck_5e08809baaf0f4ca,2026-04-15 06:58:09,2026-04-16,2026-04-17,0
ck_9cdd9821cac6554e,2026-01-23 21:17:32,2026-04-16,2026-04-17,0
ck_c86a122a6c1cbbd7,2026-02-11 03:56:31,2026-04-16,2026-04-17,0
ck_6470f8224faacb50,2025-10-26 16:48:35,2026-04-16,2026-04-17,0
ck_ba343ab211d62217,2025-12-30 13:54:35,2026-04-16,2026-04-17,0
ck_de08deed9f32d58f,2026-03-11 16:16:32,2026-04-16,2026-04-17,0
ck_9610b7ba19f8f2a2,2026-04-15 04:10:05,2026-04-16,2026-04-17,0
ck_f7fbda7b94b220a9,2026-03-12 08:22:33,2026-04-16,2026-04-17,0
ck_9a65a44d8674efbe,2026-04-15 06:01:54,2026-04-16,2026-04-17,0
ck_e471dc2e892b8af4,2026-02-06 07:32:30,2026-04-16,2026-04-17,1
ck_4d37bf6fc773e687,2026-03-08 20:03:49,2026-04-16,2026-04-17,0
ck_7a4955f8c2a9241b,2026-03-10 09:57:05,2026-04-16,2026-04-17,0
ck_635836e7b28c6674,2026-01-24 15:32:18,2026-04-16,2026-04-17,0
ck_4089fd48cf1445c2,2026-01-17 03:30:54,2026-04-16,2026-04-17,0
ck_5e40d2452cfa20c5,2026-03-18 01:21:11,2026-04-16,2026-04-17,0
ck_a4bfb12f54d6f1c6,2026-04-14 18:14:44,2026-04-16,2026-04-17,0
ck_d6575b49b4e75f6b,2026-04-15 20:18:38,2026-04-16,2026-04-17,0
ck_95deec588d114dff,2026-03-26 16:24:58,2026-04-16,2026-04-17,0
ck_728fca864ad43f6d,2026-02-22 08:24:03,2026-04-16,2026-04-17,0
ck_5d66a08ff40fe0df,2026-02-13 06:15:06,2026-04-16,2026-04-17,0
ck_b3ca9f3aa957118c,2026-02-07 16:17:47,2026-04-16,2026-04-17,0
ck_0b703536b39bca84,2026-04-14 05:12:46,2026-04-16,2026-04-17,0
ck_5ee5a452422441fe,2026-04-15 04:34:49,2026-04-16,2026-04-17,0
ck_a03e3cee7d9b6973,2026-04-15 10:45:06,2026-04-16,2026-04-17,1
ck_86549ffd18a58c19,2026-03-25 23:44:03,2026-04-16,2026-04-17,0
ck_c1327804a94fefe2,2026-04-15 18:16:32,2026-04-16,2026-04-17,1
ck_0e4a3367313e75b8,2026-02-15 23:04:36,2026-04-16,2026-04-17,0
ck_291536602550b001,2026-04-15 09:35:08,2026-04-16,2026-04-17,0
ck_5f73be4843c26420,2026-02-05 11:04:51,2026-04-16,2026-04-17,0
ck_e65240feb456e0ed,2026-01-14 16:38:13,2026-04-16,2026-04-17,0
ck_900be3bc3cf725c3,2026-03-04 12:30:35,2026-04-16,2026-04-17,0
ck_f45deb3f733df0ba,2026-02-08 17:42:29,2026-04-16,2026-04-17,0
ck_1657ef3e56c55ac1,2026-03-15 19:25:55,2026-04-16,2026-04-17,0
ck_3d9ab7f58f4d4f5b,2026-01-16 00:55:06,2026-04-16,2026-04-17,0
ck_63f9c1d8dc49da14,2026-01-25 17:42:43,2026-04-16,2026-04-17,0
ck_cd9728414b759c03,2025-12-18 18:16:19,2026-04-16,2026-04-17,0
ck_c5ff27c2b0b8183d,2026-04-15 08:48:35,2026-04-16,2026-04-17,1
ck_c84c5f1abd5bb798,2026-04-14 14:06:42,2026-04-16,2026-04-17,0
ck_bc3b1c012dd48ee5,2026-02-17 17:11:36,2026-04-16,2026-04-17,0
ck_f2622d28ecdd1dc4,2025-08-17 02:14:50,2026-04-16,2026-04-17,0
ck_5343dd38b4af822e,2025-12-20 08:48:23,2026-04-16,2026-04-17,0
ck_bbd793b8b33c95b2,2026-02-04 13:31:55,2026-04-16,2026-04-17,0
ck_8c51bf342e36d135,2026-03-29 16:52:08,2026-04-16,2026-04-17,0
ck_a9ac656c026a2bb9,2026-01-14 19:30:50,2026-04-16,2026-04-17,0
ck_a7e12ae676f6c18d,2026-03-28 20:31:48,2026-04-16,2026-04-17,0
ck_7a7c4498a1e5e800,2025-09-14 22:36:39,2026-04-16,2026-04-17,0
ck_c29df34057a45fee,2026-01-19 00:54:28,2026-04-16,2026-04-17,0
ck_e79b8d35eeaaf5e7,2026-02-12 02:02:13,2026-04-16,2026-04-17,0
ck_61469942613974b1,2025-07-25 13:04:32,2026-04-16,2026-04-17,0
ck_3ce4c717e9c1bcf1,2026-04-15 12:50:22,2026-04-16,2026-04-17,0
ck_a32f77b912ad44a7,2026-04-13 15:43:05,2026-04-16,2026-04-17,1
ck_94ddd2bd7db290ec,2026-03-25 15:09:36,2026-04-16,2026-04-17,0
ck_5131bc1823d23c78,2026-01-08 07:30:05,2026-04-16,2026-04-17,0
ck_41b99a0853bf1152,2026-01-26 16:21:26,2026-04-16,2026-04-17,0
ck_6bb1ba8a6f189111,2026-03-03 12:31:37,2026-04-16,2026-04-17,1
ck_1a333abec59f3bda,2025-09-03 02:50:51,2026-04-16,2026-04-17,0
ck_1b878a1fcfca4297,2026-02-03 07:38:07,2026-04-16,2026-04-17,0
ck_e721799cc7d56021,2026-04-15 02:56:14,2026-04-16,2026-04-17,0
ck_ca93973518cf4dfe,2026-03-26 00:45:21,2026-04-16,2026-04-17,0
ck_80552cc62e57cccf,2026-02-18 08:43:33,2026-04-16,2026-04-17,0
ck_8be03488a4d4428e,2026-02-04 06:30:33,2026-04-16,2026-04-17,0
ck_2db7a60839faec18,2026-04-14 20:06:51,2026-04-16,2026-04-17,0
ck_9c3099e134d554ac,2026-04-14 22:06:56,2026-04-16,2026-04-17,0
ck_a235fbdc34eb2a41,2025-10-24 12:07:52,2026-04-16,2026-04-17,0
ck_2be07038c63028c1,2025-11-11 11:40:24,2026-04-16,2026-04-17,0
ck_5a887589eee544ee,2025-11-14 13:09:04,2026-04-16,2026-04-17,0
ck_125d8adff805cc8e,2026-03-14 05:55:35,2026-04-16,2026-04-17,1
ck_4d54241403e60180,2026-04-14 23:23:29,2026-04-16,2026-04-17,0
ck_4ab34f379cd6eebf,2026-02-05 17:06:21,2026-04-16,2026-04-17,0
ck_a3245d53c4d215e7,2026-03-24 23:28:02,2026-04-16,2026-04-17,0
ck_0d6f04034962d80b,2026-02-10 22:59:31,2026-04-16,2026-04-17,0
ck_b9396cc4a26906a6,2026-01-27 13:44:35,2026-04-16,2026-04-17,0
ck_951e2fbd7299f422,2026-02-08 08:33:48,2026-04-16,2026-04-17,0
ck_0bb6ea72f6b5e0b1,2026-04-14 00:43:13,2026-04-16,2026-04-17,0
ck_72ce4c3d9ef98c00,2026-01-20 05:17:17,2026-04-16,2026-04-17,0
ck_cc30660271e05b2d,2026-02-23 04:13:13,2026-04-16,2026-04-17,0
ck_4530ac0b791e1835,2026-02-27 11:15:28,2026-04-16,2026-04-17,0
ck_f1501e8146cb0210,2026-02-07 00:15:30,2026-04-16,2026-04-17,0
ck_6966b6a42efd0214,2026-01-30 06:08:05,2026-04-16,2026-04-17,0
ck_124360fcd039a514,2026-04-11 01:29:54,2026-04-16,2026-04-17,0
ck_811828a96b1fee18,2026-04-13 21:37:49,2026-04-16,2026-04-17,0
ck_a1ef6b88450e3961,2026-01-20 16:17:50,2026-04-16,2026-04-17,0
ck_6a7e6fd1a0d59f18,2026-01-11 03:20:31,2026-04-16,2026-04-17,0
ck_5f96ff63ddfd6206,2026-04-14 12:51:02,2026-04-16,2026-04-17,0
ck_52122e0f9bb3de26,2026-04-14 20:22:43,2026-04-16,2026-04-17,0
ck_2cfa280f18aaf8fc,2026-02-04 14:13:30,2026-04-16,2026-04-17,0
ck_db43729c73514243,2025-12-03 13:22:08,2026-04-16,2026-04-17,0
ck_e55314198dab4a0b,2026-03-18 17:55:41,2026-04-16,2026-04-17,0
ck_f45633c347df84cb,2025-12-15 03:31:33,2026-04-16,2026-04-17,0
ck_909c0acaf22e06c7,2025-12-14 23:04:33,2026-04-16,2026-04-17,0
ck_dcd0c37e023086ad,2026-04-13 11:02:44,2026-04-16,2026-04-17,0
ck_28628ee7c144ba82,2025-10-13 14:17:35,2026-04-16,2026-04-17,0
ck_732261fe86d3b39c,2025-09-20 15:39:23,2026-04-16,2026-04-17,0
ck_2db131765261129f,2026-03-30 10:40:53,2026-04-16,2026-04-17,0
ck_5e6bd8ce513000cb,2025-11-17 06:19:06,2026-04-16,2026-04-17,0
ck_c19012b1cbd0fd8f,2026-03-08 16:00:14,2026-04-16,2026-04-17,0
ck_d22fc7e47cbe0ec9,2026-04-14 17:30:34,2026-04-16,2026-04-17,0
ck_d512696b67c02f1e,2025-11-12 02:33:20,2026-04-16,2026-04-17,0
ck_2866cdc0b51d4522,2025-12-21 13:45:40,2026-04-16,2026-04-17,0
ck_c86b805961282822,2026-03-26 02:15:33,2026-04-16,2026-04-17,0
ck_bb7d42b1bd8957e0,2026-02-13 18:10:31,2026-04-16,2026-04-17,0
ck_a5d68036d06df0ad,2026-04-14 22:52:37,2026-04-16,2026-04-17,0
ck_56e7b0f764e293ff,2026-03-18 18:58:30,2026-04-16,2026-04-17,0
ck_5dad81f5a1ecfa5b,2026-03-01 22:09:43,2026-04-16,2026-04-17,0
ck_c2ac73f63decfaff,2025-11-28 23:22:21,2026-04-16,2026-04-17,0
ck_97e1bae0a0bb7276,2025-10-18 22:36:51,2026-04-16,2026-04-17,0
ck_714967fc140f6779,2026-04-15 02:05:37,2026-04-16,2026-04-17,0
ck_2c7c3d915ab8c7f1,2026-04-02 17:39:06,2026-04-16,2026-04-17,0
ck_7cc7e9fe0ad35b18,2026-02-04 01:49:08,2026-04-16,2026-04-17,0
ck_77b7e9da7c4a8eed,2026-02-04 01:21:54,2026-04-16,2026-04-17,0
ck_6ccb5097f0e9e233,2025-11-16 09:17:36,2026-04-16,2026-04-17,0
ck_a846b67d2c320cf8,2025-10-12 06:39:41,2026-04-16,2026-04-17,0
ck_53118d06e424b0fc,2026-04-13 19:21:27,2026-04-16,2026-04-17,0
ck_0f48fb782e989ed0,2025-07-26 14:47:14,2026-04-16,2026-04-17,0
ck_8e58ae33a115274e,2025-10-14 02:32:43,2026-04-16,2026-04-17,0
ck_7c303762f3ed8dac,2026-03-21 02:37:18,2026-04-16,2026-04-17,0
ck_ec90dd5ef8048a8f,2026-04-12 14:06:48,2026-04-16,2026-04-17,0
ck_21ed699b09b1dd25,2025-11-30 13:40:56,2026-04-16,2026-04-17,0
ck_8b1b4a27e6822225,2026-04-15 20:52:39,2026-04-16,2026-04-17,0
ck_be6ec9c35100758c,2026-02-26 22:33:16,2026-04-16,2026-04-17,0
ck_86d19deddbd9003a,2025-11-02 15:53:48,2026-04-16,2026-04-17,0
ck_b496410fd21396ad,2025-12-22 23:02:41,2026-04-16,2026-04-17,0
ck_e5db97c4f4c5cf9b,2026-01-30 11:21:20,2026-04-16,2026-04-17,0
ck_483e08cfbb09efe8,2026-04-15 04:11:31,2026-04-16,2026-04-17,1
ck_bc36dca4d32ba94f,2026-02-13 15:23:42,2026-04-16,2026-04-17,0
ck_7af7e819a8db5333,2026-03-02 23:55:19,2026-04-16,2026-04-17,0
ck_301442604d203d17,2026-03-18 09:59:43,2026-04-16,2026-04-17,0
ck_3ad44718c94f5cf5,2026-02-20 17:02:21,2026-04-16,2026-04-17,0
ck_ebb43fd54a42421a,2025-12-06 17:21:43,2026-04-16,2026-04-17,0
ck_87c3c1ba78257678,2026-01-27 05:15:51,2026-04-16,2026-04-17,1
ck_a29b0f2b23bb37b5,2025-12-28 10:47:20,2026-04-16,2026-04-17,0
ck_0516da353808aa39,2026-04-15 00:58:13,2026-04-16,2026-04-17,0
ck_156620f6a3e1042a,2025-10-10 03:05:43,2026-04-16,2026-04-17,0
ck_5d765c4d38112f0b,2026-04-13 05:44:39,2026-04-16,2026-04-17,0
ck_0a12b6eeacd04fec,2026-03-07 05:16:19,2026-04-16,2026-04-17,0
ck_4b6ea213a8b2d656,2026-01-29 01:15:02,2026-04-16,2026-04-17,0
ck_799e9ad64b0a84fa,2025-10-29 12:50:16,2026-04-16,2026-04-17,0
ck_c0833681f366aa7f,2026-02-16 16:17:06,2026-04-16,2026-04-17,0
ck_ec4d67f094ad7eac,2025-08-08 19:12:28,2026-04-16,2026-04-17,0
ck_d9381fecab012fc8,2025-11-30 16:28:53,2026-04-16,2026-04-17,0
ck_8457c11a72693b50,2026-03-10 16:45:01,2026-04-16,2026-04-17,0
ck_d25bb03cec3ff1a0,2025-12-25 20:07:15,2026-04-16,2026-04-17,0
ck_cd572ca63756ad48,2025-09-20 06:44:04,2026-04-16,2026-04-17,0
ck_d37314b957b13829,2026-03-09 02:03:59,2026-04-16,2026-04-17,0
ck_0567a36a42f09e92,2026-03-07 17:08:24,2026-04-16,2026-04-17,0
ck_0739a55256698bb0,2026-04-13 21:11:32,2026-04-16,2026-04-17,0
ck_0512303bf95c7d36,2026-03-19 03:57:26,2026-04-16,2026-04-17,0
ck_004ea2031eb47626,2026-04-14 22:24:02,2026-04-16,2026-04-17,0
ck_c0932cbd77e50395,2025-11-25 21:21:30,2026-04-16,2026-04-17,0
ck_d8ce5b8e09f07914,2025-11-12 13:40:38,2026-04-16,2026-04-17,0
ck_90354fb779dc344c,2026-03-03 14:07:43,2026-04-16,2026-04-17,0
ck_86458c11bed79785,2026-03-01 14:45:01,2026-04-16,2026-04-17,0
ck_c093fbe4e6d907b9,2026-02-19 12:58:49,2026-04-16,2026-04-17,0
ck_37d44ec457a9a95d,2026-03-01 04:38:22,2026-04-17,2026-04-18,0
ck_7c70c5a33c3ca6e0,2025-10-17 10:25:05,2026-04-17,2026-04-18,0
ck_af7c6d40a87a42c5,2026-02-04 18:20:55,2026-04-17,2026-04-18,0
ck_39f4206fe2490eee,2026-01-20 03:35:26,2026-04-17,2026-04-18,0
ck_3acb72cb1354c082,2026-02-13 05:00:16,2026-04-17,2026-04-18,0
ck_90117408096a2fc8,2025-11-23 02:31:28,2026-04-17,2026-04-18,0
ck_9afefa2e1278ab3a,2026-03-11 13:05:29,2026-04-17,2026-04-18,0
ck_8fbac74980c53364,2026-04-16 20:33:01,2026-04-17,2026-04-18,0
ck_318ed05c6ee14c4b,2026-03-25 23:46:30,2026-04-17,2026-04-18,0
ck_6f5e262feb3a009b,2026-04-16 19:32:38,2026-04-17,2026-04-18,1
ck_f326c38e1996a909,2026-04-16 08:50:53,2026-04-17,2026-04-18,0
ck_e2a6fa5b9290acc3,2026-04-16 13:37:52,2026-04-17,2026-04-18,0
ck_af3a854a40d79eab,2026-03-24 00:04:32,2026-04-17,2026-04-18,0
ck_d116aa516515a079,2026-02-26 12:14:41,2026-04-17,2026-04-18,1
ck_5d746ba53ab28586,2026-01-14 22:57:11,2026-04-17,2026-04-18,0
ck_5592f83a91ab63c0,2026-04-16 11:49:56,2026-04-17,2026-04-18,0
ck_f8abfd2981ace5bc,2026-01-01 05:15:07,2026-04-17,2026-04-18,0
ck_abcb33d9e334de90,2026-02-15 16:08:52,2026-04-17,2026-04-18,0
ck_d0e4362233cc1602,2026-03-14 08:11:19,2026-04-17,2026-04-18,0
ck_bcb82e74605026e0,2026-04-16 14:08:45,2026-04-17,2026-04-18,1
ck_d4c2a0994d1b34e2,2026-02-21 05:47:48,2026-04-17,2026-04-18,0
ck_df2f216c9f5ee1c3,2025-10-24 01:59:33,2026-04-17,2026-04-18,0
ck_1447749fdc45c5a7,2026-02-14 11:04:28,2026-04-17,2026-04-18,1
ck_e13efb8ec5a9af12,2026-01-08 01:29:56,2026-04-17,2026-04-18,0
ck_22cd6c985e9ca304,2025-12-26 15:05:42,2026-04-17,2026-04-18,0
ck_4d70e8e03b078415,2026-02-24 18:14:14,2026-04-17,2026-04-18,0
ck_39cfbe1933808a99,2026-04-15 09:00:56,2026-04-17,2026-04-18,0
ck_bf49f7e44b3e20c7,2026-01-30 06:16:55,2026-04-17,2026-04-18,0
ck_70435042f6652f4c,2026-04-15 10:08:24,2026-04-17,2026-04-18,0
ck_b440fc20fa90520d,2026-01-16 16:55:00,2026-04-17,2026-04-18,0
ck_cc8ae376443b5896,2026-02-03 10:50:11,2026-04-17,2026-04-18,1
ck_0448c1ed66704109,2025-11-09 17:39:18,2026-04-17,2026-04-18,0
ck_133db011035c94e4,2026-03-29 19:41:11,2026-04-17,2026-04-18,0
ck_9d5612aa95127356,2026-04-16 17:12:32,2026-04-17,2026-04-18,0
ck_20e91b4805b20cbe,2026-03-03 13:59:48,2026-04-17,2026-04-18,0
ck_d485cf00a3760434,2026-01-15 05:10:20,2026-04-17,2026-04-18,1
ck_491599e6793133cb,2025-01-22 17:09:47,2026-04-17,2026-04-18,0
ck_dc35008bc9673e6c,2026-02-01 15:26:46,2026-04-17,2026-04-18,0
ck_b8568c2cb718f6f0,2026-03-17 21:57:11,2026-04-17,2026-04-18,0
ck_45445bb2c5310f36,2026-01-23 12:54:33,2026-04-17,2026-04-18,0
ck_8948f84aa0f27388,2026-04-16 02:01:39,2026-04-17,2026-04-18,0
ck_10aeb919289b4d9f,2025-12-17 10:33:27,2026-04-17,2026-04-18,0
ck_32f93eebe85c0004,2026-02-13 17:12:09,2026-04-17,2026-04-18,0
ck_de3318cb6187cdb0,2026-02-15 12:30:42,2026-04-17,2026-04-18,0
ck_f3a1f100f29ab9c6,2025-10-17 19:45:35,2026-04-17,2026-04-18,0
ck_f20ab77da4471537,2026-03-15 15:48:53,2026-04-17,2026-04-18,0
ck_38a804eb622ab178,2025-12-31 18:50:13,2026-04-17,2026-04-18,0
ck_805e5c12c289840d,2025-10-28 12:08:34,2026-04-17,2026-04-18,0
ck_131fe270ce555917,2026-01-23 01:42:25,2026-04-17,2026-04-18,0
ck_75eeefcb57296cb9,2025-11-30 02:39:34,2026-04-17,2026-04-18,0
ck_47165eab5ddbf175,2026-04-16 17:06:42,2026-04-17,2026-04-18,0
ck_d8a29ff95d7c830a,2025-11-25 07:49:15,2026-04-17,2026-04-18,0
ck_a5fdef5e8647a0dc,2026-01-10 10:08:53,2026-04-17,2026-04-18,0
ck_96ec9983c9d6ad4b,2026-01-09 23:11:44,2026-04-17,2026-04-18,0
ck_8b2c7ab7e6ce4188,2025-11-29 08:35:02,2026-04-17,2026-04-18,0
ck_323942c2612fb547,2026-02-11 20:19:55,2026-04-17,2026-04-18,1
ck_f9bbfe352ee0cd2c,2026-04-05 23:25:16,2026-04-17,2026-04-18,0
ck_7713cde5002edefa,2026-04-16 18:26:03,2026-04-17,2026-04-18,0
ck_35696932aa146f3b,2026-01-25 10:27:45,2026-04-17,2026-04-18,0
ck_ecbd82220e537cd4,2026-03-24 00:40:28,2026-04-17,2026-04-18,0
ck_d68369d57bd827dd,2026-02-17 02:17:23,2026-04-17,2026-04-18,0
ck_f8ed6d73e837e1b9,2026-02-06 10:02:48,2026-04-17,2026-04-18,0
ck_c9b7d3abe8a07ffe,2025-12-27 13:10:02,2026-04-17,2026-04-18,0
ck_c1c36757b46811e3,2026-03-27 13:35:02,2026-04-17,2026-04-18,0
ck_1240d9f099215567,2025-12-04 09:55:17,2026-04-17,2026-04-18,0
ck_1f7f5c5336f5b693,2025-08-21 18:02:48,2026-04-17,2026-04-18,0
ck_01563097de731a96,2026-03-18 03:19:21,2026-04-17,2026-04-18,0
ck_1963255eaee379f7,2026-02-28 19:52:54,2026-04-17,2026-04-18,0
ck_80c743f3ad404ea0,2026-04-14 09:04:06,2026-04-17,2026-04-18,0
ck_57b5c7bd1b0a425f,2026-04-16 21:48:13,2026-04-17,2026-04-18,0
ck_56305198ed661d85,2026-04-05 20:16:51,2026-04-17,2026-04-18,0
ck_7dcbc0e53b47b3da,2026-02-19 21:44:57,2026-04-17,2026-04-18,0
ck_80792149f32bb4c0,2026-04-12 16:33:27,2026-04-17,2026-04-18,0
ck_990b60a2367c22f9,2026-01-03 02:09:05,2026-04-17,2026-04-18,0
ck_1d04942adfef9382,2026-01-19 12:36:47,2026-04-17,2026-04-18,0
ck_88c274fe753313f1,2026-04-16 10:19:14,2026-04-17,2026-04-18,0
ck_b233de47151981ee,2026-04-15 15:02:59,2026-04-17,2026-04-18,0
ck_44354872ee5e00c1,2026-02-12 05:23:34,2026-04-17,2026-04-18,0
ck_c2bac7f08ef5c149,2026-02-12 16:45:57,2026-04-17,2026-04-18,0
ck_df3469823ebd7e37,2025-12-01 12:04:47,2026-04-17,2026-04-18,0
ck_3021f3aea5d975ed,2026-03-29 08:53:28,2026-04-17,2026-04-18,0
ck_43c4e0b4e96ba0fc,2025-12-15 23:38:45,2026-04-17,2026-04-18,0
ck_744b07d4798ff854,2026-02-08 08:58:10,2026-04-17,2026-04-18,0
ck_6984026f4c5a015c,2026-03-12 19:34:53,2026-04-17,2026-04-18,0
ck_ea8fab037609fcf1,2026-01-21 23:28:05,2026-04-17,2026-04-18,0
ck_1571c349130d78d5,2026-04-16 22:25:59,2026-04-17,2026-04-18,0
ck_86a716fc2b61ef57,2026-02-06 18:59:48,2026-04-17,2026-04-18,0
ck_6e5f9928dc9f8748,2026-02-14 06:56:19,2026-04-17,2026-04-18,0
ck_2228bc8bb31b2d36,2025-12-21 20:02:45,2026-04-17,2026-04-18,0
ck_217f9501d71cfd74,2026-02-18 04:29:34,2026-04-17,2026-04-18,0
ck_c648aed42305fd21,2025-11-19 06:20:35,2026-04-17,2026-04-18,0
ck_621d7272f53af443,2026-04-16 18:38:42,2026-04-17,2026-04-18,0
ck_ea9cea58f3b3e987,2026-04-16 14:53:59,2026-04-17,2026-04-18,0
ck_edd37f4c65a00724,2026-01-05 11:06:12,2026-04-17,2026-04-18,0
ck_0a91cdfdcc451f5e,2026-03-10 11:06:22,2026-04-17,2026-04-18,0
ck_5687843ff149a073,2025-07-18 01:48:50,2026-04-17,2026-04-18,0
ck_c83d968a2f5c65e2,2026-01-17 16:42:28,2026-04-17,2026-04-18,0
ck_1dc9a6251387b2c9,2025-12-20 10:17:44,2026-04-17,2026-04-18,0
ck_224f76d36aeecd6d,2026-03-02 01:29:13,2026-04-17,2026-04-18,0
ck_07c0a3c5ac1fa7a3,2026-02-08 21:16:39,2026-04-17,2026-04-18,0
ck_285829eb3995d391,2026-03-11 14:30:13,2026-04-17,2026-04-18,0
ck_0083d83db2fabea1,2025-11-18 02:01:35,2026-04-17,2026-04-18,0
ck_fc72a7e167709a09,2026-03-18 10:42:10,2026-04-17,2026-04-18,0
ck_660ccb531c2cca3b,2025-09-29 20:34:29,2026-04-17,2026-04-18,0
ck_26921b109d12df0b,2026-03-12 07:42:42,2026-04-17,2026-04-18,0
ck_77130037bef38766,2026-01-07 18:43:16,2026-04-17,2026-04-18,0
ck_dffbe7012e5b5682,2026-02-25 18:26:57,2026-04-17,2026-04-18,0
ck_492caaca9d0fc1f4,2026-02-09 14:30:51,2026-04-17,2026-04-18,0
ck_1b1f133b9cc74ad4,2025-11-30 22:46:33,2026-04-17,2026-04-18,0
ck_eec9325873140dbd,2026-04-16 08:37:20,2026-04-17,2026-04-18,0
ck_d15d67b4158442e8,2025-11-09 04:22:18,2026-04-17,2026-04-18,0
ck_5a736a4add733e12,2026-04-15 10:18:27,2026-04-17,2026-04-18,0
ck_60f11be59a644f68,2026-02-02 21:38:42,2026-04-17,2026-04-18,0
ck_fb92f179be683c87,2026-04-16 10:40:32,2026-04-17,2026-04-18,0
ck_f84020106f37b751,2025-12-21 06:45:36,2026-04-17,2026-04-18,0
ck_ed22997779411f22,2025-10-22 07:29:24,2026-04-17,2026-04-18,0
ck_cdd435000c157f3e,2025-10-29 08:34:04,2026-04-17,2026-04-18,0
ck_c01626b3a0357a14,2026-04-15 02:18:34,2026-04-17,2026-04-18,0
ck_a43ad74e52531c0c,2026-02-15 15:20:57,2026-04-17,2026-04-18,0
ck_67ae6116fbafd629,2025-11-21 02:24:16,2026-04-17,2026-04-18,0
ck_d77ecf800320b5d2,2026-02-19 19:45:10,2026-04-17,2026-04-18,0
ck_fbed2d850e7a4359,2025-09-16 00:39:39,2026-04-17,2026-04-18,0
ck_02198cac9e1cc48a,2026-03-11 19:21:56,2026-04-17,2026-04-18,1
ck_cef41230ba94ee28,2026-04-16 12:10:47,2026-04-17,2026-04-18,0
ck_5eb1c40b5f5c1ee8,2025-10-16 01:00:07,2026-04-17,2026-04-18,0
ck_c32fe89a0203f02f,2026-04-09 19:05:50,2026-04-17,2026-04-18,0
ck_e83dc19d828d85dd,2026-01-26 08:07:45,2026-04-17,2026-04-18,0
ck_b841c20bbf7ae005,2026-04-15 03:41:03,2026-04-17,2026-04-18,0
ck_f1311c8df8ff8f23,2026-01-17 14:04:42,2026-04-17,2026-04-18,0
ck_f53e7145c3a02b3f,2026-02-28 21:56:26,2026-04-17,2026-04-18,0
ck_1ca36836a9ddbd32,2025-12-26 02:22:36,2026-04-17,2026-04-18,0
ck_c63138280bf964d7,2025-12-15 00:37:32,2026-04-17,2026-04-18,0
ck_a8cfcee7f92c8d00,2026-01-19 00:16:09,2026-04-17,2026-04-18,0
ck_084fbf95ec59f1cc,2026-04-16 17:34:18,2026-04-17,2026-04-18,0
ck_915c4911f1984e7c,2025-11-09 01:00:09,2026-04-17,2026-04-18,0
ck_a6df1c2ce10f02ba,2025-09-26 06:50:32,2026-04-17,2026-04-18,0
ck_74bead69546c2e71,2026-03-13 11:46:34,2026-04-17,2026-04-18,0
ck_e349b24051123eb8,2026-01-17 04:02:55,2026-04-17,2026-04-18,0
ck_265af1783f0e8aec,2026-02-04 04:17:45,2026-04-17,2026-04-18,0
ck_8d4f2cd5136b4127,2025-06-12 13:54:22,2026-04-17,2026-04-18,0
ck_db73ac719a51ee21,2026-04-16 11:25:28,2026-04-17,2026-04-18,1
ck_8f27e407b5113c32,2026-04-15 18:33:10,2026-04-17,2026-04-18,0
ck_7936c015bcfaa2a4,2025-11-11 03:01:46,2026-04-17,2026-04-18,0
ck_4f00cc49f116aea4,2025-09-30 14:39:30,2026-04-17,2026-04-18,0
ck_b350b8911fc55265,2025-11-15 03:33:19,2026-04-17,2026-04-18,0
ck_c5af226b41d3e852,2025-09-05 17:02:17,2026-04-17,2026-04-18,0
ck_3c93859636bfffba,2026-04-02 02:39:31,2026-04-17,2026-04-18,0
ck_b4c90908ebb57138,2026-02-28 15:30:21,2026-04-17,2026-04-18,0
ck_e0a97847b2533def,2026-04-15 14:07:20,2026-04-17,2026-04-18,0
ck_f924c1d7c7f1fd1c,2026-04-16 21:14:11,2026-04-17,2026-04-18,0
ck_fabd22773385720c,2026-04-14 17:22:43,2026-04-17,2026-04-18,0
ck_b80ee6c8eeb7e50c,2025-05-10 12:22:26,2026-04-17,2026-04-18,0
ck_e1be6a3cb458669e,2026-04-16 00:37:26,2026-04-17,2026-04-18,0
ck_1e3be84191c55b11,2025-09-15 22:08:01,2026-04-17,2026-04-18,0
ck_10dfe45c60292599,2025-12-10 04:56:10,2026-04-17,2026-04-18,1
ck_68c42fa554587bd2,2026-02-01 05:32:35,2026-04-17,2026-04-18,0
ck_2fdddb60f2dd450a,2026-02-11 23:15:35,2026-04-17,2026-04-18,0
ck_39d508312f007759,2026-03-26 18:47:04,2026-04-17,2026-04-18,0
ck_2967fa8fa5bde9ff,2026-03-16 09:04:57,2026-04-17,2026-04-18,0
ck_8fe7914569bef6ab,2026-04-16 02:03:22,2026-04-17,2026-04-18,1
ck_ed85d57b0542b428,2026-04-16 12:23:14,2026-04-17,2026-04-18,0
ck_a2f8e6aab307afe5,2026-01-16 16:50:03,2026-04-17,2026-04-18,0
ck_f854451e2d418545,2026-04-06 13:45:05,2026-04-17,2026-04-18,0
ck_5cdac93d72b73d25,2026-03-09 03:56:39,2026-04-17,2026-04-18,0
ck_4e0e9d6efdd1b772,2026-04-15 11:14:42,2026-04-17,2026-04-18,0
ck_0976d0fbc6ee6569,2026-04-16 02:49:42,2026-04-17,2026-04-18,0
ck_b609711e310af3f8,2026-02-20 12:27:02,2026-04-17,2026-04-18,0
ck_e03a364f8423623f,2026-02-06 16:57:00,2026-04-17,2026-04-18,0
ck_0f94bd15255d0a1a,2026-04-15 18:59:20,2026-04-17,2026-04-18,0
ck_168a6e6a5291a369,2026-04-16 02:04:29,2026-04-17,2026-04-18,1
ck_41f3e3774988fe6e,2025-12-21 21:08:40,2026-04-17,2026-04-18,0
ck_e7fc436ae058e57c,2025-09-23 12:13:01,2026-04-17,2026-04-18,0
ck_dcc5d1bae71e3e67,2025-12-22 05:13:02,2026-04-17,2026-04-18,0
ck_7761fd49fc02f634,2026-02-18 10:58:18,2026-04-17,2026-04-18,0
ck_f5778d08c59bd537,2026-03-25 00:28:27,2026-04-17,2026-04-18,0
ck_2ecce376503d7391,2026-01-12 19:13:19,2026-04-17,2026-04-18,0
ck_fda5a529fb2af432,2026-02-28 06:09:19,2026-04-17,2026-04-18,0
ck_332308fb1b66ea13,2026-04-14 19:11:52,2026-04-17,2026-04-18,0
ck_5c12edc59bd4557a,2026-01-18 22:02:36,2026-04-17,2026-04-18,0
ck_5d30b3ecc4fd291d,2026-01-28 06:31:17,2026-04-17,2026-04-18,0
ck_ff5ff4693d8786c9,2026-02-25 10:40:09,2026-04-17,2026-04-18,0
ck_cfa52d412cf9e3d9,2025-07-27 11:53:27,2026-04-17,2026-04-18,0
ck_3f35693aa5081ad6,2026-04-16 20:10:34,2026-04-17,2026-04-18,0
ck_8de9feaf8f6ec48f,2026-04-16 20:24:41,2026-04-17,2026-04-18,0
ck_117576184558749d,2026-04-15 06:44:24,2026-04-17,2026-04-18,1
ck_e3ba9281c5220c26,2026-02-11 19:45:39,2026-04-17,2026-04-18,0
ck_bda76b4d59879ca3,2026-04-14 05:37:55,2026-04-17,2026-04-18,0
ck_4ec3d9b361e7eb5a,2026-04-16 05:13:39,2026-04-17,2026-04-18,0
ck_e82573d69a50fb53,2026-04-16 11:49:05,2026-04-17,2026-04-18,0
ck_f2cb58dc95d83a29,2025-12-07 13:07:43,2026-04-17,2026-04-18,1
ck_418dc2e7fe20048f,2026-03-08 18:25:00,2026-04-17,2026-04-18,0
ck_2f5c56f7104bb642,2025-09-15 00:26:28,2026-04-17,2026-04-18,0
ck_614f5fd9d8bf8772,2025-12-16 05:51:57,2026-04-17,2026-04-18,0
ck_79e6d356c98cd4e8,2026-02-02 05:34:12,2026-04-17,2026-04-18,1
ck_9379ce9c7aaebd74,2026-03-16 07:27:37,2026-04-17,2026-04-18,0
ck_e86612d1f966cb53,2026-03-14 17:30:03,2026-04-17,2026-04-18,0
ck_9f76996137b03343,2026-03-16 04:50:25,2026-04-17,2026-04-18,0
ck_53e11beeb653c7e4,2026-03-07 10:19:24,2026-04-17,2026-04-18,0
ck_1b82a8109b3ebd24,2026-04-15 00:11:31,2026-04-17,2026-04-18,0
ck_d6e0cd93b8d1565c,2025-01-28 06:44:42,2026-04-17,2026-04-18,0
ck_e756209d407a39e5,2026-02-18 14:03:02,2026-04-17,2026-04-18,0
ck_ddc229df8e675b6c,2025-07-07 11:43:59,2026-04-17,2026-04-18,0
ck_c375c0c755738871,2026-02-11 09:46:31,2026-04-17,2026-04-18,0
ck_b8351ac3e829be0c,2026-02-02 22:26:53,2026-04-17,2026-04-18,0
ck_f7379afae6aa176b,2026-03-25 01:09:34,2026-04-17,2026-04-18,0
ck_a9c0851b37e3ff09,2026-04-15 13:23:17,2026-04-17,2026-04-18,0
ck_e8fdc50bcd1f62f1,2026-03-03 19:33:05,2026-04-17,2026-04-18,0
ck_7c6a33b775818bc2,2025-11-04 04:48:12,2026-04-17,2026-04-18,0
ck_3bd09b9d83213fdc,2025-09-30 05:49:18,2026-04-17,2026-04-18,0
ck_5f804d38a744fb3f,2026-01-03 19:15:45,2026-04-17,2026-04-18,0
ck_c0e6bb24b41ca649,2026-02-02 12:18:57,2026-04-17,2026-04-18,1
ck_85f1f9afa9f0bb10,2026-02-22 03:29:03,2026-04-17,2026-04-18,0
ck_0d7e121f3f699cab,2026-02-25 09:39:35,2026-04-17,2026-04-18,0
ck_dde080162c74ce75,2026-03-05 07:44:25,2026-04-17,2026-04-18,0
ck_a532b62b024afe78,2026-04-14 23:48:46,2026-04-17,2026-04-18,0
ck_a276c3111b1b33f1,2026-02-10 01:44:59,2026-04-17,2026-04-18,0
ck_f326a4cf8ed9cc50,2026-04-15 07:57:55,2026-04-17,2026-04-18,0
ck_bb4ebc25a8f3db4e,2026-03-07 08:40:30,2026-04-17,2026-04-18,0
ck_1559aeb18ce29912,2025-12-15 04:30:53,2026-04-17,2026-04-18,0
ck_9fe6c8ee79beb043,2026-01-17 03:39:55,2026-04-17,2026-04-18,0
ck_13f913b6be555a29,2025-08-24 12:13:04,2026-04-17,2026-04-18,0
ck_5905314511c362f6,2026-02-28 18:32:37,2026-04-17,2026-04-18,0
ck_495ea069f43d3a14,2026-04-14 18:48:21,2026-04-17,2026-04-18,0
ck_381728c8d11ed2f1,2025-12-18 23:36:40,2026-04-17,2026-04-18,1
ck_498722f464cbb737,2026-04-16 18:41:13,2026-04-17,2026-04-18,1
ck_aab61af8875c9300,2025-12-12 12:07:38,2026-04-17,2026-04-18,0
ck_eaf14b83394a6758,2026-04-14 21:04:32,2026-04-17,2026-04-18,0
ck_95aac7224ecb8f47,2026-02-12 15:47:30,2026-04-17,2026-04-18,0
ck_b52dc944482402d3,2025-11-27 01:26:34,2026-04-17,2026-04-18,0
ck_c4f5d7d3b97ca6d4,2026-04-01 21:17:48,2026-04-17,2026-04-18,0
ck_0878306c77d589a3,2026-01-07 20:24:47,2026-04-17,2026-04-18,0
ck_455dc40e3ef0d89a,2026-04-13 12:05:18,2026-04-17,2026-04-18,0
ck_5e2cddf9f39a0203,2026-01-06 22:11:12,2026-04-17,2026-04-18,0
ck_80304e94785bd573,2026-03-04 05:39:21,2026-04-17,2026-04-18,0
ck_9bb498ded5bc997f,2026-02-10 21:16:17,2026-04-17,2026-04-18,0
ck_27c49ce6a70db588,2026-02-26 20:26:43,2026-04-17,2026-04-18,0
ck_663ae9fbd4204640,2026-03-08 07:43:09,2026-04-17,2026-04-18,0
ck_d507e821322e7d10,2026-04-03 20:16:37,2026-04-17,2026-04-18,0
ck_166c9635324fcd2f,2025-07-07 16:20:34,2026-04-17,2026-04-18,0
ck_731ec1f751fb8ba8,2025-11-18 13:45:38,2026-04-17,2026-04-18,0
ck_a216dbeae7034b8a,2025-12-16 05:31:15,2026-04-17,2026-04-18,0
ck_7cce1494b756693e,2026-02-26 02:45:08,2026-04-17,2026-04-18,0
ck_e3009c0fc132cfcd,2026-03-15 19:07:16,2026-04-17,2026-04-18,0
ck_e5790560f695af8d,2026-04-16 05:14:29,2026-04-17,2026-04-18,0
ck_0b9be06f106ab080,2026-04-16 14:52:55,2026-04-17,2026-04-18,0
ck_ddda5cb48cd31185,2026-03-04 03:11:35,2026-04-17,2026-04-18,0
ck_454d3dbf39a0142c,2026-03-14 02:01:18,2026-04-17,2026-04-18,0
ck_a6fc89e2bf6bdb84,2026-04-16 16:59:05,2026-04-17,2026-04-18,0
ck_27d64d0126e7b405,2025-10-29 02:41:40,2026-04-17,2026-04-18,0
ck_77e47bc3e44cad05,2026-02-20 18:40:24,2026-04-17,2026-04-18,0
ck_b95bb10f3c61c1ba,2026-04-16 16:41:14,2026-04-17,2026-04-18,0
ck_7868bb90e685cb7c,2025-10-08 02:59:51,2026-04-17,2026-04-18,0
ck_91bfa20d68b21766,2025-09-02 03:20:55,2026-04-17,2026-04-18,0
ck_9e47147ccfde7949,2025-11-22 23:38:35,2026-04-17,2026-04-18,0
ck_c18b0c28ee8e9a21,2025-08-14 00:24:36,2026-04-17,2026-04-18,0
ck_6c873c2e5e910ace,2026-01-06 16:14:39,2026-04-17,2026-04-18,0
ck_ca8903fea9d42b45,2026-01-25 12:23:51,2026-04-17,2026-04-18,0
ck_e3f94603658f5630,2026-03-14 02:20:20,2026-04-17,2026-04-18,0
ck_4218268b15729151,2026-03-31 09:12:36,2026-04-17,2026-04-18,0
ck_457f22491bb14fff,2025-08-06 13:30:41,2026-04-17,2026-04-18,0
ck_9c64127667080270,2026-04-16 13:48:13,2026-04-17,2026-04-18,1
ck_85de9f9380f791e8,2025-10-27 10:21:15,2026-04-17,2026-04-18,0
ck_4f5e35a77e2c9454,2025-12-25 10:29:36,2026-04-17,2026-04-18,0
ck_2388a6cd4f542860,2026-01-18 21:32:56,2026-04-17,2026-04-18,0
ck_068852d898e5dbb5,2026-04-16 02:26:04,2026-04-17,2026-04-18,0
ck_190ea666bb40a9d3,2026-03-19 05:32:00,2026-04-17,2026-04-18,0
ck_53bdb1544c4db845,2026-04-09 15:09:33,2026-04-17,2026-04-18,0
ck_9c57c9e97f373e1c,2026-04-15 18:29:17,2026-04-17,2026-04-18,1
ck_ffc78b3c4904b08d,2026-03-30 18:52:24,2026-04-17,2026-04-18,0
ck_daeef9fbe17d6145,2026-01-05 21:53:51,2026-04-17,2026-04-18,0
ck_34c12d4dcc54956f,2026-02-20 02:08:47,2026-04-17,2026-04-18,1
ck_c3e89677e5c4cac0,2025-12-31 19:50:33,2026-04-17,2026-04-18,0
ck_de8a6c6a3023b4ee,2026-04-16 17:33:06,2026-04-17,2026-04-18,0
ck_b158a374f2b3aac4,2026-02-11 16:21:32,2026-04-17,2026-04-18,0
ck_e9b52d096dfcf3da,2026-03-06 01:08:04,2026-04-17,2026-04-18,1
ck_7cf66c9d3e32624c,2026-04-14 06:49:53,2026-04-17,2026-04-18,1
ck_6a9e3a2d4fbabcc6,2026-04-16 00:42:27,2026-04-17,2026-04-18,1
ck_0611c69e66ae4df3,2026-02-24 04:49:50,2026-04-17,2026-04-18,0
ck_d276021da44caced,2025-11-07 17:33:09,2026-04-17,2026-04-18,0
ck_0b03c71b8935f086,2025-12-20 11:21:01,2026-04-17,2026-04-18,0
ck_131b7787453b28a7,2025-11-16 14:59:23,2026-04-17,2026-04-18,0
ck_f65220877934e815,2026-03-14 04:29:25,2026-04-17,2026-04-18,0
ck_87a3f468a86898b1,2026-02-13 17:07:18,2026-04-17,2026-04-18,0
ck_e4e6cd2e1bbd0e8c,2026-04-16 11:02:50,2026-04-17,2026-04-18,0
ck_45ae7df559cf757c,2026-02-20 18:26:53,2026-04-17,2026-04-18,0
ck_3f7825233479fb54,2025-11-13 14:27:40,2026-04-17,2026-04-18,0
ck_8e3d0302c3e8ae5d,2026-04-12 19:51:26,2026-04-17,2026-04-18,0
ck_c803c88d0e5e3bb1,2025-11-26 18:18:42,2026-04-17,2026-04-18,0
ck_b06a4bff7c754581,2026-02-09 08:03:47,2026-04-17,2026-04-18,0
ck_2288e80d016a583d,2025-10-16 07:55:08,2026-04-17,2026-04-18,0
ck_e18d107001f819e9,2026-04-14 01:38:30,2026-04-17,2026-04-18,0
ck_2d9b1786ab73d9ae,2026-02-21 10:29:38,2026-04-17,2026-04-18,1
ck_c3f2e581b2d302c3,2025-09-25 21:43:05,2026-04-17,2026-04-18,0
ck_5e3f72ca51f78822,2026-04-16 13:49:52,2026-04-17,2026-04-18,1
ck_ef3051fb4862499f,2025-12-09 22:32:33,2026-04-17,2026-04-18,0
ck_0fb4869b8db5b3a2,2026-04-03 02:05:44,2026-04-17,2026-04-18,0
ck_5280ce384f94ed2d,2026-03-19 04:44:45,2026-04-17,2026-04-18,1
ck_32ab5e462d1b927b,2026-04-16 13:34:37,2026-04-17,2026-04-18,0
ck_c6844fec3de250fc,2026-04-03 20:25:47,2026-04-17,2026-04-18,0
ck_cb2af0ac20ec304a,2026-03-18 13:00:04,2026-04-17,2026-04-18,0
ck_a8a85b8df5c831ee,2026-01-06 21:00:05,2026-04-17,2026-04-18,0
ck_73956accab20d095,2026-02-16 10:14:05,2026-04-17,2026-04-18,0
ck_d5fa66b256177448,2026-01-26 16:00:10,2026-04-17,2026-04-18,0
ck_885672afb4401d8d,2026-01-23 09:18:39,2026-04-17,2026-04-18,0
ck_c47e1a4dd4ee5f78,2025-09-28 23:47:38,2026-04-17,2026-04-18,0
ck_e12e7445a5e785dc,2026-04-10 15:44:20,2026-04-17,2026-04-18,0
ck_9d7865246dc41d03,2026-01-08 21:42:58,2026-04-17,2026-04-18,0
ck_6b8c4b5c4b2bdbb5,2026-02-23 20:00:49,2026-04-17,2026-04-18,0
ck_c8dec2c5e46df27b,2026-04-16 18:14:12,2026-04-17,2026-04-18,0
ck_1e79326ac97a6156,2026-04-15 22:15:17,2026-04-17,2026-04-18,0
ck_cd87f99c7566d018,2026-03-11 20:37:38,2026-04-17,2026-04-18,0
ck_d59901f79fb2b19f,2026-02-23 06:29:08,2026-04-17,2026-04-18,0
ck_a8956dc5c5bbadda,2026-04-16 11:58:04,2026-04-17,2026-04-18,0
ck_b05785b12646e907,2026-02-21 00:47:30,2026-04-17,2026-04-18,0
ck_d7b5f08b55b393a2,2025-12-06 14:33:53,2026-04-17,2026-04-18,0
ck_eb2eef155d250f01,2025-10-12 11:40:02,2026-04-17,2026-04-18,0
ck_f4b7a7721a7ccf70,2026-02-12 01:40:53,2026-04-17,2026-04-18,0
ck_14cc50bfc2b0b512,2026-04-16 15:11:20,2026-04-17,2026-04-18,0
ck_cf1ab305f08ba376,2026-04-16 16:36:21,2026-04-17,2026-04-18,0
ck_f72dd377134d07fc,2026-03-22 23:37:23,2026-04-17,2026-04-18,0
ck_fff88a7920fd0fb6,2026-02-17 12:05:26,2026-04-17,2026-04-18,0
ck_1f28a75d0131d534,2025-08-18 04:39:15,2026-04-17,2026-04-18,1
ck_a27b5b8d0f6f722e,2025-08-25 06:09:19,2026-04-17,2026-04-18,0
ck_516a76c80530affb,2026-04-16 17:32:23,2026-04-17,2026-04-18,0
ck_b3636721d0430be4,2026-04-16 18:20:09,2026-04-17,2026-04-18,1
ck_10ad7d7880e11518,2026-04-15 17:58:53,2026-04-17,2026-04-18,0
ck_70eabc2541eb25cd,2026-04-16 17:49:03,2026-04-17,2026-04-18,0
ck_9c9059800a7eb72c,2026-02-15 01:00:06,2026-04-17,2026-04-18,0
ck_df4135dc22b23895,2026-01-25 19:12:33,2026-04-17,2026-04-18,0
ck_862e23da466fb105,2026-01-08 08:30:11,2026-04-17,2026-04-18,0
ck_8f50631f6d592576,2026-04-13 03:44:14,2026-04-17,2026-04-18,0
ck_ce95f09722357600,2026-04-14 04:37:45,2026-04-17,2026-04-18,0
ck_d3069d19ca14edb5,2026-04-16 13:13:47,2026-04-17,2026-04-18,0
ck_c849a8e0eecc90d3,2026-01-20 22:56:48,2026-04-17,2026-04-18,0
ck_f30fbbe95006b4a1,2026-04-16 14:06:00,2026-04-17,2026-04-18,0
ck_08b13a59803f63d3,2026-03-28 18:53:56,2026-04-17,2026-04-18,0
ck_a52dc4386638ae3e,2026-01-13 16:15:55,2026-04-17,2026-04-18,0
ck_15b6de619fdcc608,2025-12-19 22:47:09,2026-04-17,2026-04-18,0
ck_318d5b1e9566d572,2025-11-28 18:30:23,2026-04-17,2026-04-18,0
ck_67f256b3e7ed9271,2025-07-17 19:40:34,2026-04-17,2026-04-18,0
ck_bfcc8625a4f43525,2025-07-03 12:31:09,2026-04-17,2026-04-18,0
ck_547b7afaaeba99e0,2025-12-19 21:14:15,2026-04-17,2026-04-18,0
ck_d85dcd5873a285db,2026-04-16 07:28:03,2026-04-17,2026-04-18,0
ck_c806b065e9a34de0,2026-04-12 23:53:04,2026-04-17,2026-04-18,0
ck_8123e9aae639ae49,2026-01-19 03:12:03,2026-04-17,2026-04-18,0
ck_c003bf808744555c,2025-12-16 22:42:53,2026-04-17,2026-04-18,0
ck_75d8c8710c15793b,2026-01-20 06:35:00,2026-04-17,2026-04-18,0
ck_4e2fca91212d3634,2025-12-10 02:42:54,2026-04-17,2026-04-18,0
ck_54539e498d5bce38,2026-01-02 01:54:38,2026-04-17,2026-04-18,1
ck_bf75fd142d280d1f,2026-04-16 15:59:15,2026-04-17,2026-04-18,0
ck_404c7de4619a722b,2026-02-01 12:31:24,2026-04-17,2026-04-18,0
ck_096ba2b1890b8de8,2026-04-16 00:35:04,2026-04-17,2026-04-18,0
ck_2d2dd3f309b49f6e,2026-04-13 19:16:24,2026-04-17,2026-04-18,0
ck_0b050e8d6adc22d2,2026-04-15 10:01:09,2026-04-17,2026-04-18,0
ck_cc31776a89811ad5,2026-03-02 15:18:31,2026-04-17,2026-04-18,0
ck_e0a9cf4a0f7ff47d,2026-02-14 17:46:06,2026-04-17,2026-04-18,0
ck_0ad24a6e3748a760,2026-02-13 21:32:05,2026-04-17,2026-04-18,1
ck_f3f8c6474f8bc327,2026-01-13 05:58:56,2026-04-17,2026-04-18,0
ck_4d0eb820b163ed8e,2026-01-07 21:42:49,2026-04-17,2026-04-18,1
ck_69202517c9ca608f,2025-08-08 16:18:38,2026-04-17,2026-04-18,0
ck_eeb29101015f19d2,2026-03-11 13:48:24,2026-04-17,2026-04-18,0
ck_da53c4d0086824fc,2025-09-27 23:07:19,2026-04-17,2026-04-18,0
ck_1265c7321672ac77,2025-12-28 08:56:47,2026-04-17,2026-04-18,0
ck_078d74873f7e24c9,2026-02-13 16:58:08,2026-04-17,2026-04-18,0
ck_b0cf72d42576875a,2025-11-24 21:15:46,2026-04-17,2026-04-18,0
ck_4933721e18d399ed,2026-03-07 00:00:30,2026-04-17,2026-04-18,0
ck_590d143618287449,2025-10-12 08:36:07,2026-04-17,2026-04-18,0
ck_a946ef0e4e1ffdf5,2025-10-26 07:56:48,2026-04-17,2026-04-18,0
ck_4941c2737e34999d,2026-04-15 07:04:58,2026-04-17,2026-04-18,0
ck_38468d8316b0953c,2025-11-07 00:38:58,2026-04-17,2026-04-18,1
ck_9839de517c1351f0,2026-04-15 23:20:45,2026-04-17,2026-04-18,0
ck_f13df9f4def3a21e,2026-02-07 17:49:02,2026-04-17,2026-04-18,0
ck_b5585811a4fbec7b,2026-01-01 12:44:13,2026-04-17,2026-04-18,0
ck_1c93a17f3e3a0e06,2026-04-16 07:32:44,2026-04-17,2026-04-18,0
ck_5310122e6f4404e4,2026-04-16 03:00:02,2026-04-17,2026-04-18,0
ck_22c066abae38cc05,2026-04-16 21:44:01,2026-04-17,2026-04-18,0
ck_543748f91c3a011c,2026-04-16 04:20:12,2026-04-17,2026-04-18,0
ck_4400f9253344062a,2026-01-21 20:58:50,2026-04-17,2026-04-18,0
ck_9cd055d14c8f3011,2025-12-30 00:39:11,2026-04-17,2026-04-18,0
ck_b11bbdec8a676cd7,2025-12-27 18:34:50,2026-04-17,2026-04-18,0
ck_12914b8fe434ef24,2026-04-15 12:55:09,2026-04-17,2026-04-18,0
ck_4aa9857739877f60,2026-03-11 08:52:02,2026-04-17,2026-04-18,0
ck_308d37633d0a48ba,2026-04-14 05:44:20,2026-04-17,2026-04-18,0
ck_db6d41cb1eb7ef88,2025-08-26 07:05:55,2026-04-17,2026-04-18,0
ck_294d92ea1fbfdaaf,2026-01-02 20:38:48,2026-04-17,2026-04-18,0
ck_f9d4d99d6c11cc1b,2026-02-13 05:25:02,2026-04-17,2026-04-18,0
ck_6923d53c16683171,2026-03-09 07:04:49,2026-04-17,2026-04-18,0
ck_c7cfb7c565cae773,2026-03-03 05:09:25,2026-04-17,2026-04-18,0
ck_ff68533f5787ec2e,2026-01-14 21:16:00,2026-04-17,2026-04-18,1
ck_f18cabc96cc2477f,2026-04-16 06:39:18,2026-04-17,2026-04-18,0
ck_0799698e48333f17,2025-10-07 12:58:04,2026-04-17,2026-04-18,0
ck_dea6861668f1674f,2025-11-08 10:36:37,2026-04-17,2026-04-18,0
ck_12595c7d5fff93aa,2026-04-15 15:57:58,2026-04-17,2026-04-18,0
ck_217cbadfdb1918f2,2026-04-16 04:49:24,2026-04-17,2026-04-18,0
ck_3d67d602c34be512,2026-02-10 14:09:39,2026-04-17,2026-04-18,0
ck_947a9c170786e028,2025-08-09 18:54:28,2026-04-17,2026-04-18,0
ck_355867804c06ea27,2026-04-14 16:39:50,2026-04-17,2026-04-18,0
ck_1ea7c4065bdbe453,2025-12-31 03:24:25,2026-04-17,2026-04-18,0
ck_4360ebe4429643dc,2026-03-16 18:04:04,2026-04-17,2026-04-18,0
ck_85248c8fd121282b,2026-03-09 03:59:27,2026-04-17,2026-04-18,1
ck_7ab511822d1e8904,2026-02-01 16:23:57,2026-04-17,2026-04-18,1
ck_9dcd862b7f143735,2026-04-15 13:42:03,2026-04-17,2026-04-18,1
ck_59a6ea35f3bb5834,2025-11-11 19:17:41,2026-04-17,2026-04-18,0
ck_426a8884fa7c8229,2026-03-01 14:01:48,2026-04-17,2026-04-18,0
ck_ac0ed1b7246633a1,2026-02-27 02:59:07,2026-04-17,2026-04-18,0
ck_4db391d52f0b0e8e,2026-03-05 08:09:56,2026-04-17,2026-04-18,0
ck_46698762ef843385,2026-03-29 05:18:53,2026-04-17,2026-04-18,0
ck_067254f3230084da,2025-11-23 20:36:55,2026-04-17,2026-04-18,0
ck_f814f2fa07b63fd9,2026-03-24 22:17:34,2026-04-17,2026-04-18,0
ck_83a3ec2e2ce16595,2026-03-17 21:49:10,2026-04-17,2026-04-18,0
ck_1e4097b1df91233b,2025-08-16 10:20:51,2026-04-17,2026-04-18,0
ck_cc6cdb2b78741f50,2026-02-28 11:53:09,2026-04-17,2026-04-18,0
ck_31fb2edfce7ff9a9,2026-02-22 07:46:57,2026-04-17,2026-04-18,0
ck_5ec0d8cdb9391b2e,2025-11-29 04:28:03,2026-04-17,2026-04-18,0
ck_fba9fd332fcc3356,2026-04-15 02:41:38,2026-04-17,2026-04-18,0
ck_5e2910ddd2967e1a,2025-12-09 23:41:56,2026-04-17,2026-04-18,0
ck_a98d57d0feb6af60,2026-03-06 19:33:32,2026-04-17,2026-04-18,0
ck_9e6961d9ecce8e39,2026-01-31 01:57:12,2026-04-17,2026-04-18,0
ck_99dfd9c8b1ef960b,2026-01-02 01:51:03,2026-04-17,2026-04-18,0
ck_3d686f65a1fb76ed,2025-12-14 03:05:03,2026-04-17,2026-04-18,0
ck_4d3eb288be380971,2025-12-19 14:31:31,2026-04-17,2026-04-18,0
ck_f9143f66cc39fba0,2025-08-01 17:13:27,2026-04-17,2026-04-18,0
ck_c83a6c480763928e,2026-04-13 19:10:01,2026-04-17,2026-04-18,1
ck_a76602fd0b3d8aaa,2026-02-11 07:59:58,2026-04-17,2026-04-18,0
ck_431c03e8d372540c,2025-12-28 21:49:36,2026-04-17,2026-04-18,0
ck_37c02d66d221645b,2026-03-06 21:17:10,2026-04-17,2026-04-18,0
ck_b5a8248ac1fcbfa3,2026-01-05 21:10:27,2026-04-17,2026-04-18,0
ck_57d914d9ebfe57ed,2026-03-19 19:17:17,2026-04-17,2026-04-18,0
ck_93ed0340d9813411,2026-02-14 02:48:10,2026-04-17,2026-04-18,0
ck_397532d5398020f8,2026-03-13 08:53:34,2026-04-17,2026-04-18,0
ck_f85bf243ce07c788,2025-12-07 08:07:46,2026-04-17,2026-04-18,0
ck_71bf19c32e232ff5,2025-10-10 16:16:26,2026-04-17,2026-04-18,0
ck_4dfc788dbc95e242,2026-02-10 11:19:13,2026-04-17,2026-04-18,0
ck_e4fb0223e635080a,2026-04-16 09:11:30,2026-04-17,2026-04-18,0
ck_d0c3f2821df89770,2026-04-16 12:42:25,2026-04-17,2026-04-18,0
ck_dce4f06bed01b961,2025-12-23 07:40:16,2026-04-17,2026-04-18,0
ck_33cae864a1c779ab,2026-01-12 17:43:01,2026-04-17,2026-04-18,0
ck_98d7fd1c3cc199ed,2025-09-13 23:05:48,2026-04-17,2026-04-18,0
ck_92b6cdb286349983,2026-01-14 17:47:21,2026-04-17,2026-04-18,0
ck_3c9a5960f13eb7e4,2026-04-16 15:17:30,2026-04-17,2026-04-18,1
ck_9adf3a980b3a5d89,2026-01-10 17:05:01,2026-04-17,2026-04-18,0
ck_19fc80860d18454f,2025-12-20 20:54:45,2026-04-17,2026-04-18,0
ck_141b6eefcc7315a1,2026-02-04 14:34:48,2026-04-17,2026-04-18,0
ck_455d06f107d25fd3,2026-03-30 06:52:42,2026-04-17,2026-04-18,1
ck_c644dc43c4291ecc,2026-01-29 01:21:03,2026-04-17,2026-04-18,0
ck_260175934430b8d8,2025-09-29 09:24:55,2026-04-17,2026-04-18,0
ck_dabf5f538f631a87,2025-10-16 05:48:19,2026-04-17,2026-04-18,0
ck_85753c8c5fe369c8,2026-03-09 20:14:15,2026-04-17,2026-04-18,0
ck_1ae4223703fd11bf,2026-04-04 07:55:14,2026-04-17,2026-04-18,0
ck_f448a14a82375c55,2026-03-02 21:29:49,2026-04-17,2026-04-18,0
ck_bf8d5e94c79b51bf,2026-02-27 16:54:16,2026-04-17,2026-04-18,0
ck_129255257bc76a34,2025-10-31 04:31:12,2026-04-17,2026-04-18,0
ck_3a2505ac70685314,2026-04-15 22:38:43,2026-04-17,2026-04-18,0
ck_8afe7990471e02c9,2026-03-09 03:14:43,2026-04-17,2026-04-18,0
ck_bfaa363e190fd4c7,2026-04-16 21:06:17,2026-04-17,2026-04-18,0
ck_7b746aad00f1a015,2026-04-15 22:05:48,2026-04-17,2026-04-18,0
ck_41cdc23667e3be28,2026-01-29 21:24:24,2026-04-17,2026-04-18,0
ck_6f578356d30f0bf9,2025-10-15 21:17:52,2026-04-17,2026-04-18,0
ck_4099731c9f205e89,2025-12-29 01:56:44,2026-04-17,2026-04-18,0
ck_e905259a7a52db73,2026-02-20 18:47:46,2026-04-17,2026-04-18,0
ck_e3a5d57a57288169,2026-02-19 20:32:06,2026-04-17,2026-04-18,0
ck_3423f07ffe337b9e,2026-01-17 19:47:54,2026-04-17,2026-04-18,0
ck_9782a7a504d78a2a,2026-04-01 20:04:54,2026-04-17,2026-04-18,0
ck_e80a5e6d9cbb9144,2026-03-13 21:20:35,2026-04-17,2026-04-18,0
ck_06ad60cf3aa94ba5,2026-01-13 16:27:43,2026-04-17,2026-04-18,0
ck_9ff85782d428e4bc,2026-03-08 20:03:58,2026-04-17,2026-04-18,0
ck_14e591ee0fb4efc5,2026-02-24 07:31:49,2026-04-17,2026-04-18,0
ck_4fdb29f4b4fd6f6a,2026-03-15 23:20:07,2026-04-17,2026-04-18,0
ck_4929ee469e2029af,2026-02-14 09:05:56,2026-04-17,2026-04-18,0
ck_3ad15d52508c0e0b,2026-02-16 14:22:03,2026-04-17,2026-04-18,0
ck_153ab349debf9909,2025-12-31 06:17:57,2026-04-17,2026-04-18,0
ck_96fe6a0559fa22f3,2026-02-02 11:28:19,2026-04-17,2026-04-18,0
ck_d8d9e5e7ecfd8de5,2026-03-06 15:48:56,2026-04-17,2026-04-18,0
ck_e9b204bb3f64aaaa,2025-12-25 10:05:59,2026-04-17,2026-04-18,0
ck_10d53666889bd006,2025-11-30 06:33:48,2026-04-17,2026-04-18,0
ck_1d5ba2845ee5a34a,2026-04-14 21:03:34,2026-04-17,2026-04-18,0
ck_5d639cae346070b6,2026-01-12 01:50:11,2026-04-17,2026-04-18,0
ck_a1b186e33e8924c8,2026-01-12 04:12:06,2026-04-17,2026-04-18,0
ck_e8e96ce2a2a592fa,2026-04-13 17:39:19,2026-04-17,2026-04-18,0
ck_46811db41a93d646,2026-04-16 16:41:18,2026-04-17,2026-04-18,0
ck_b9025d2401937896,2026-02-17 11:49:53,2026-04-17,2026-04-18,1
ck_cfd4d77f8158baed,2026-01-20 01:32:27,2026-04-17,2026-04-18,0
ck_6952522d51d3a4a2,2026-02-01 17:14:34,2026-04-17,2026-04-18,0
ck_e972cd56064a33d9,2026-03-14 03:17:14,2026-04-17,2026-04-18,0
ck_b9567822e33e726a,2026-04-14 03:26:06,2026-04-17,2026-04-18,0
ck_cf29c448323b28e7,2026-02-24 11:31:38,2026-04-17,2026-04-18,0
ck_e2ee99a5026f0ce5,2026-03-03 10:56:14,2026-04-17,2026-04-18,0
ck_bacc7682eb3b5fd1,2026-02-15 21:43:13,2026-04-17,2026-04-18,0
ck_b201eb4fa54ca7d3,2026-01-16 22:25:36,2026-04-17,2026-04-18,0
ck_bfa1b3698ce673f7,2026-04-03 17:25:21,2026-04-17,2026-04-18,0
ck_a706d89aa7b404da,2026-04-16 20:49:56,2026-04-17,2026-04-18,0
ck_d3a89d688b98fd14,2025-08-23 03:03:45,2026-04-17,2026-04-18,1
ck_8c65e586cd0e6fcc,2026-01-23 15:54:28,2026-04-17,2026-04-18,0
ck_5fa4247bef6ed9c1,2026-03-17 04:35:37,2026-04-17,2026-04-18,0
ck_5268f563727ba734,2026-01-18 17:07:32,2026-04-17,2026-04-18,0
ck_e905345daa9d831e,2026-01-24 18:24:45,2026-04-17,2026-04-18,0
ck_906236d6522f2349,2026-03-27 22:16:35,2026-04-17,2026-04-18,0
ck_3e8dd4f84e910da8,2026-02-17 14:10:41,2026-04-17,2026-04-18,0
ck_944e0bba8bf8c492,2026-04-09 18:34:26,2026-04-17,2026-04-18,0
ck_a86f2346f855f3d0,2026-04-16 21:30:39,2026-04-17,2026-04-18,1
ck_5a34de8ebfedeae2,2025-11-28 12:41:58,2026-04-17,2026-04-18,0
ck_a13d6cbfadedecf6,2026-03-13 17:48:24,2026-04-17,2026-04-18,0
ck_16ffe695eedc9bc1,2026-04-01 02:26:30,2026-04-17,2026-04-18,0
ck_afa1b1d9e272cea2,2026-03-22 15:34:08,2026-04-17,2026-04-18,0
ck_ad1a0131663f5759,2026-03-20 09:21:20,2026-04-17,2026-04-18,0
ck_4844dc959829cca3,2026-03-15 08:29:08,2026-04-17,2026-04-18,0
ck_5648af8fb8068717,2026-04-15 16:38:33,2026-04-17,2026-04-18,0
ck_7ad603f0573ded7d,2026-04-15 20:02:56,2026-04-17,2026-04-18,0
ck_49c59b1330de0112,2025-11-14 17:37:01,2026-04-17,2026-04-18,0
ck_7769e24738ed5840,2026-02-08 13:06:52,2026-04-17,2026-04-18,0
ck_b555a6a02f9576e0,2026-01-22 04:53:38,2026-04-17,2026-04-18,0
ck_c40db162f1e1c6ce,2026-04-15 03:17:56,2026-04-17,2026-04-18,1
ck_1a8ed46b021c25c5,2026-04-14 12:22:39,2026-04-17,2026-04-18,0
ck_8071e6f1aebf2a93,2026-03-15 01:21:11,2026-04-17,2026-04-18,0
ck_148db57fef5a4dd0,2025-10-10 04:04:11,2026-04-17,2026-04-18,0
ck_55cbaae6a01e62e3,2026-01-08 00:14:20,2026-04-17,2026-04-18,1
ck_5c9bc9c61e905a50,2025-12-12 23:21:45,2026-04-17,2026-04-18,0
ck_68699ced2682f0a8,2025-09-24 21:12:32,2026-04-17,2026-04-18,0
ck_aee6d782887a49d3,2026-04-16 03:43:27,2026-04-17,2026-04-18,0
ck_b4323a3ce0f3adb1,2026-01-20 22:28:33,2026-04-17,2026-04-18,0
ck_dcddf4a83c9e51df,2026-01-16 15:22:52,2026-04-17,2026-04-18,0
ck_4d0a4574c99e5405,2026-04-16 19:39:48,2026-04-17,2026-04-18,0
ck_1b6fa0528f048caa,2026-04-16 14:47:01,2026-04-17,2026-04-18,1
ck_fdf0c27f2f048068,2026-04-16 16:47:03,2026-04-17,2026-04-18,0
ck_15a4112b5daa8036,2026-04-16 23:04:46,2026-04-17,2026-04-18,0
ck_0e26e9a405cc3e06,2026-01-24 21:50:02,2026-04-17,2026-04-18,0
ck_d4adc713c048165a,2026-04-16 07:06:56,2026-04-17,2026-04-18,0
ck_a0a91ba8ff021229,2026-02-01 02:32:43,2026-04-17,2026-04-18,0
ck_20174d2bf87269b3,2026-03-12 23:29:45,2026-04-17,2026-04-18,0
ck_c7f8ef3c39d3f415,2026-01-28 18:49:56,2026-04-17,2026-04-18,0
ck_171fe7f58c48e32f,2025-12-05 23:49:03,2026-04-17,2026-04-18,0
ck_8d6104d4a49d5633,2025-12-08 13:37:17,2026-04-17,2026-04-18,1
ck_09d4ffc4d92be0c0,2026-04-14 18:36:26,2026-04-17,2026-04-18,0
ck_ee51c4a66fc42413,2026-04-16 18:20:50,2026-04-17,2026-04-18,0
ck_d8c1ab1939f8c5f3,2025-09-13 11:11:28,2026-04-17,2026-04-18,0
ck_9eef1053070f20f5,2025-12-11 00:57:49,2026-04-17,2026-04-18,0
ck_0efde34402d8f488,2026-02-18 05:33:44,2026-04-17,2026-04-18,0
ck_68e7b7e214a4eff8,2026-02-14 01:01:54,2026-04-17,2026-04-18,0
ck_e739670fc801a0d7,2026-04-16 12:54:44,2026-04-17,2026-04-18,0
ck_f3dbdfb3a09462cc,2025-12-31 19:47:25,2026-04-17,2026-04-18,0
ck_14780164e145f748,2025-11-06 00:18:54,2026-04-17,2026-04-18,0
ck_6de652145233ba06,2026-02-08 06:29:24,2026-04-17,2026-04-18,0
ck_cb592727ee810ee0,2026-03-07 06:47:58,2026-04-17,2026-04-18,0
ck_b4d8cbb34560ba10,2026-03-05 09:10:53,2026-04-17,2026-04-18,1
ck_ed0ff418a6044121,2026-04-15 22:31:01,2026-04-17,2026-04-18,0
ck_1d0677c0836131b5,2026-03-25 03:34:17,2026-04-17,2026-04-18,0
ck_797a3b188b64edea,2026-03-30 15:33:08,2026-04-17,2026-04-18,0
ck_ffadc09ec8592752,2026-03-11 08:50:08,2026-04-17,2026-04-18,0
ck_3ec258e4a927ee96,2026-02-01 08:53:22,2026-04-17,2026-04-18,0
ck_e8e1867846b8522f,2025-11-24 23:12:36,2026-04-17,2026-04-18,0
ck_8519320aceea9bd5,2026-01-05 20:19:34,2026-04-17,2026-04-18,0
ck_f36de3878ff44a38,2026-04-15 16:02:50,2026-04-17,2026-04-18,1
ck_1ae44326b07f26bd,2026-03-23 12:43:38,2026-04-17,2026-04-18,0
ck_3236f241bb60fbcc,2026-03-26 23:55:25,2026-04-17,2026-04-18,0
ck_7138e78f7ad4c2b5,2026-01-31 09:40:46,2026-04-17,2026-04-18,0
ck_af712c7f6797afcb,2026-02-28 07:22:51,2026-04-17,2026-04-18,0
ck_b99e035e45bd0cfe,2026-04-14 15:50:25,2026-04-17,2026-04-18,1
ck_eec60728b6c8604a,2026-02-05 12:18:14,2026-04-17,2026-04-18,0
ck_09c0cf8905d75fe6,2025-12-27 15:58:18,2026-04-17,2026-04-18,0
ck_c55e322b5e641a22,2026-03-03 13:44:15,2026-04-17,2026-04-18,0
ck_31bcac004cff0bda,2025-09-27 17:54:07,2026-04-17,2026-04-18,0
ck_2aa0b5d2024a0a9f,2025-09-13 05:23:28,2026-04-17,2026-04-18,0
ck_c60512ff4c35dd5c,2026-04-14 23:27:50,2026-04-17,2026-04-18,0
ck_72f683b50fe45112,2026-04-16 06:06:22,2026-04-17,2026-04-18,0
ck_7e7b2b4f66f460c8,2025-12-19 17:03:28,2026-04-17,2026-04-18,0
ck_2eb5949b7d6e7333,2025-09-08 21:40:33,2026-04-17,2026-04-18,0
ck_d8f57d6a8116213e,2026-03-28 00:43:28,2026-04-17,2026-04-18,0
ck_7927bf55a9252eba,2026-04-15 17:38:49,2026-04-17,2026-04-18,0
ck_03ce65cbb2ccbc78,2026-03-05 00:30:53,2026-04-17,2026-04-18,1
ck_3b221207af8d015e,2025-12-19 13:31:13,2026-04-17,2026-04-18,0
ck_a0f1b46afa004187,2026-02-28 20:50:07,2026-04-17,2026-04-18,0
ck_19b03adbe00ad052,2026-02-11 08:17:35,2026-04-17,2026-04-18,0
ck_0eeca0c9333b86e8,2026-02-19 22:24:54,2026-04-17,2026-04-18,0
ck_76e19b18b99b7e1c,2026-04-16 15:42:12,2026-04-17,2026-04-18,1
ck_e6fb49b083167811,2026-03-09 19:59:50,2026-04-17,2026-04-18,0
ck_d7218a6e9f64986c,2026-02-04 11:08:13,2026-04-17,2026-04-18,0
ck_f83b91302d1c2c80,2026-01-20 22:58:24,2026-04-17,2026-04-18,0
ck_4c526db751d158d0,2026-01-30 15:10:36,2026-04-17,2026-04-18,0
ck_a0c3d48534d0833a,2026-04-16 12:56:36,2026-04-17,2026-04-18,0
ck_e758decdab747ae1,2025-11-30 04:46:40,2026-04-17,2026-04-18,0
ck_6ee3e028b5263482,2026-01-04 14:30:56,2026-04-17,2026-04-18,0
ck_1de391a38121214b,2026-01-04 01:29:48,2026-04-17,2026-04-18,0
ck_929d77cd606a49d5,2026-04-15 21:01:46,2026-04-17,2026-04-18,0
ck_fc7ce2b8ee7a466c,2026-01-26 09:26:03,2026-04-17,2026-04-18,0
ck_63a9a3eb1417595a,2026-04-15 11:53:03,2026-04-17,2026-04-18,0
ck_ebd1a4ddb0ee6790,2026-04-07 02:11:49,2026-04-17,2026-04-18,0
ck_c49af520716e180c,2026-04-13 19:06:15,2026-04-17,2026-04-18,0
ck_d7ef07d570fec1f2,2026-02-12 07:20:31,2026-04-17,2026-04-18,0
ck_ea4122674ab25b2e,2026-04-16 18:37:23,2026-04-17,2026-04-18,0
ck_7717bacb4691bab8,2026-04-16 01:08:17,2026-04-17,2026-04-18,0
ck_1fe7d9130439b116,2026-03-04 15:22:00,2026-04-17,2026-04-18,0
ck_ac038937b2df8293,2026-04-16 17:27:01,2026-04-17,2026-04-18,0
ck_b1ea74ef74ff0bcc,2025-12-30 16:58:53,2026-04-17,2026-04-18,1
ck_91f2cf2dc8e1c6ac,2026-01-18 06:43:08,2026-04-17,2026-04-18,0
ck_2f767360fa775969,2026-04-15 14:36:44,2026-04-17,2026-04-18,0
ck_a2aa8e2958e23a3b,2025-09-11 15:03:18,2026-04-17,2026-04-18,0
ck_86748642682642ee,2026-03-14 08:48:11,2026-04-17,2026-04-18,0
ck_d3c92c28e4f5a147,2026-01-03 10:38:11,2026-04-17,2026-04-18,0
ck_723e121af181f0fd,2026-04-15 07:24:41,2026-04-17,2026-04-18,0
ck_ddeb016052dabcde,2026-02-01 02:56:21,2026-04-17,2026-04-18,0
ck_0d4f5d3ea890e666,2026-04-15 13:35:19,2026-04-17,2026-04-18,1
ck_0c0704c6dc8b4878,2026-03-13 03:07:01,2026-04-17,2026-04-18,0
ck_2275049b1e074786,2025-08-03 17:10:08,2026-04-17,2026-04-18,0
ck_fca54cdb7de479f7,2026-02-20 15:45:26,2026-04-17,2026-04-18,0
ck_2c2447f2950787e3,2025-12-18 16:03:45,2026-04-17,2026-04-18,0
ck_766bc202cd06a342,2026-02-06 14:57:30,2026-04-17,2026-04-18,0
ck_8c087c31ff2b84cf,2026-01-09 23:28:07,2026-04-17,2026-04-18,0
ck_90b64daa5203c795,2026-02-20 07:39:43,2026-04-17,2026-04-18,0
ck_058b7333b5c9381e,2026-04-15 17:14:38,2026-04-17,2026-04-18,0
ck_70dea6890ce2712f,2026-03-08 07:35:18,2026-04-17,2026-04-18,0
ck_a12c1bc26c318880,2026-01-18 21:47:43,2026-04-17,2026-04-18,0
ck_b79d6356466eb16e,2026-01-20 11:42:12,2026-04-17,2026-04-18,0
ck_d4509714f25ee868,2025-09-23 21:40:16,2026-04-17,2026-04-18,0
ck_890724de0bd5e3a0,2026-03-01 06:34:01,2026-04-17,2026-04-18,0
ck_2946b48a8796002f,2026-04-15 18:29:44,2026-04-17,2026-04-18,1
ck_68ef3ffd15dd3dc9,2026-03-12 20:47:42,2026-04-17,2026-04-18,0
ck_bde42646238595ac,2025-12-08 15:49:38,2026-04-17,2026-04-18,0
ck_e861f76cb684e680,2025-12-13 09:33:40,2026-04-17,2026-04-18,0
ck_5e657ad2e6bb7168,2026-02-09 21:01:51,2026-04-17,2026-04-18,0
ck_6d722aecbebbdfd1,2026-03-03 21:31:56,2026-04-17,2026-04-18,1
ck_c292158f01fc2713,2026-02-23 09:54:41,2026-04-17,2026-04-18,0
ck_be855a1c12b6db95,2026-04-12 22:43:25,2026-04-17,2026-04-18,0
ck_fbd3636f59db8d74,2026-04-15 16:55:48,2026-04-17,2026-04-18,0
ck_34433ac56c21e488,2026-03-03 01:59:54,2026-04-17,2026-04-18,0
ck_7f23a2c70e9332f6,2026-02-05 12:15:46,2026-04-17,2026-04-18,0
ck_b2f334abdfae7c29,2026-02-27 02:37:54,2026-04-17,2026-04-18,0
ck_f97f50445faa27ae,2026-03-18 17:51:40,2026-04-17,2026-04-18,0
ck_cfd8c77d7291ff1a,2026-04-16 15:05:55,2026-04-17,2026-04-18,0
ck_723c7d6d286a5b40,2026-03-13 12:23:12,2026-04-17,2026-04-18,0
ck_03169734a39dff3e,2026-01-11 07:21:38,2026-04-17,2026-04-18,0
ck_a32cefae5eec9be7,2026-02-18 10:19:22,2026-04-17,2026-04-18,0
ck_e47c44756b571054,2026-04-12 23:41:24,2026-04-17,2026-04-18,0
ck_cfcb0af18bcf9cab,2026-01-23 11:27:28,2026-04-17,2026-04-18,1
ck_7872364078bc2104,2026-04-16 09:06:55,2026-04-17,2026-04-18,0
ck_e37c72498e8965a6,2026-03-27 20:30:28,2026-04-17,2026-04-18,0
ck_dae6dd44b47e2ce1,2025-10-14 07:27:02,2026-04-17,2026-04-18,1
ck_91eb00aeed60648b,2026-04-11 05:07:14,2026-04-17,2026-04-18,0
ck_724caddb879126a7,2026-04-14 21:22:29,2026-04-17,2026-04-18,1
ck_f15eedeaa8e99df8,2025-11-30 23:08:51,2026-04-17,2026-04-18,0
ck_e90af91fe58814bb,2026-04-16 07:19:29,2026-04-17,2026-04-18,0
ck_21dccf0199957b33,2026-01-09 09:14:51,2026-04-17,2026-04-18,0
ck_46eaf94f142b98f7,2026-03-22 08:41:11,2026-04-17,2026-04-18,0
ck_28f4f3d3ffafd819,2025-09-07 13:22:56,2026-04-17,2026-04-18,0
ck_16c9b12c2561cab9,2026-01-29 14:20:39,2026-04-17,2026-04-18,0
ck_73fe9c55e9a067d2,2026-01-17 17:12:30,2026-04-17,2026-04-18,0
ck_61aefb508bbc1a6e,2025-12-27 23:37:33,2026-04-17,2026-04-18,0
ck_a73180df71c38a7c,2026-02-09 22:50:03,2026-04-17,2026-04-18,0
ck_609d9fb2ea32535c,2026-04-15 18:29:50,2026-04-17,2026-04-18,1
ck_3633886c90af1891,2025-12-10 22:06:57,2026-04-17,2026-04-18,0
ck_326f3d823f746d70,2025-12-26 12:32:10,2026-04-17,2026-04-18,0
ck_ae24094c5f5ab041,2026-04-16 01:50:44,2026-04-17,2026-04-18,1
ck_4b849867f5150a2a,2026-04-13 17:10:45,2026-04-17,2026-04-18,0
ck_e1070bf286c1e09b,2026-03-22 17:54:47,2026-04-17,2026-04-18,0
ck_e519684ed6ef5013,2026-01-01 06:36:34,2026-04-17,2026-04-18,0
ck_8954877431c052e8,2025-08-23 11:13:59,2026-04-17,2026-04-18,0
ck_b9e71cce9cb8d188,2026-04-15 04:24:30,2026-04-17,2026-04-18,0
ck_b5584928f442cefb,2026-01-12 08:38:20,2026-04-17,2026-04-18,1
ck_9c3040a490004590,2026-04-16 08:47:47,2026-04-17,2026-04-18,1
ck_e13d5596b3884443,2025-07-15 01:34:17,2026-04-17,2026-04-18,0
ck_042f67200c6a5b4f,2025-12-17 19:11:06,2026-04-17,2026-04-18,0
ck_346fb6d35c2383b7,2026-03-12 12:47:46,2026-04-17,2026-04-18,0
ck_4882da5e27d25539,2025-12-01 19:52:23,2026-04-17,2026-04-18,0
ck_19fd8ea33deda17f,2025-11-30 00:58:48,2026-04-17,2026-04-18,0
ck_2a923a68de5b056a,2026-04-16 07:33:34,2026-04-17,2026-04-18,0
ck_c139479a1b1cbcb5,2026-03-06 12:49:01,2026-04-17,2026-04-18,0
ck_e863d558f10d4665,2026-02-24 03:32:04,2026-04-17,2026-04-18,0
ck_8de2499a0f6c9726,2025-12-14 16:43:32,2026-04-17,2026-04-18,0
ck_63a9fa66ad2c2bcc,2025-12-02 13:39:18,2026-04-17,2026-04-18,0
ck_273a7f31aa1ef0fc,2026-04-15 13:26:44,2026-04-17,2026-04-18,0
ck_e7ecf08c6184b8ac,2026-02-06 23:39:20,2026-04-17,2026-04-18,0
ck_b2e22846e10fc073,2026-02-19 18:31:02,2026-04-17,2026-04-18,0
ck_32806789bdf9926b,2026-04-16 03:01:39,2026-04-17,2026-04-18,1
ck_b077e1772adcab63,2026-03-05 02:40:54,2026-04-17,2026-04-18,0
ck_67f1e67975a2a45d,2026-03-27 06:54:40,2026-04-17,2026-04-18,0
ck_2fcc6988d4424646,2025-11-09 03:13:55,2026-04-17,2026-04-18,0
ck_527acf98f4d22dc5,2026-03-03 03:43:32,2026-04-17,2026-04-18,0
ck_ef6ddbc61b3d32ba,2026-04-16 15:54:33,2026-04-17,2026-04-18,0
ck_c4d225fd6391ef4b,2026-04-14 02:18:58,2026-04-17,2026-04-18,0
ck_f37a71faeae80a9f,2026-04-16 14:07:14,2026-04-17,2026-04-18,0
ck_7df69de5bf8f3879,2026-03-05 13:20:34,2026-04-17,2026-04-18,0
ck_03cca56bd654c1fc,2026-03-02 16:57:32,2026-04-17,2026-04-18,0
ck_052e6c01d289afd3,2026-04-15 06:35:09,2026-04-17,2026-04-18,0
ck_f13908fd949d5972,2025-12-25 07:24:54,2026-04-17,2026-04-18,0
ck_b2349b5a6d26b485,2026-02-26 09:20:52,2026-04-17,2026-04-18,0
ck_f66b7f37ddce9f09,2026-02-24 16:01:38,2026-04-17,2026-04-18,0
ck_611cf92cb852ecb3,2026-04-14 23:01:37,2026-04-17,2026-04-18,0
ck_c6911f35fcef18d9,2026-03-24 15:28:10,2026-04-17,2026-04-18,0
ck_aa612b14ed08f292,2026-02-14 07:52:32,2026-04-17,2026-04-18,0
ck_3167fd6e49cfd7e7,2025-12-31 04:49:22,2026-04-17,2026-04-18,1
ck_a6e7897b528fc7e6,2026-01-02 16:02:33,2026-04-17,2026-04-18,0
ck_4b0401cefab961c8,2026-03-22 22:53:40,2026-04-17,2026-04-18,0
ck_e71d4358ea2ad590,2026-01-22 02:07:20,2026-04-17,2026-04-18,0
ck_5056e9b41ff708da,2026-04-16 15:07:58,2026-04-17,2026-04-18,1
ck_dd618cc8bba7be81,2026-02-01 12:53:18,2026-04-17,2026-04-18,0
ck_84dc57539f39ee0e,2026-04-15 15:07:37,2026-04-17,2026-04-18,0
ck_97197c0993debe62,2026-01-04 06:52:58,2026-04-17,2026-04-18,0
ck_1e18ecee217250d5,2026-02-15 19:36:06,2026-04-17,2026-04-18,0
ck_87a61a16e640ac0d,2026-01-29 23:22:06,2026-04-17,2026-04-18,0
ck_37c6b61fa5871395,2026-01-30 21:39:05,2026-04-17,2026-04-18,0
ck_963ca4e47dc69f21,2026-04-11 16:16:41,2026-04-17,2026-04-18,0
ck_c818769b3b47dcca,2026-04-16 01:44:30,2026-04-17,2026-04-18,0
ck_c993eedb1ca50e8e,2026-03-06 00:46:27,2026-04-17,2026-04-18,0
ck_281477f93ca6d873,2026-03-10 18:40:35,2026-04-17,2026-04-18,0
ck_5206475876dceef0,2025-08-30 20:32:31,2026-04-17,2026-04-18,0
ck_dbcabcee8eb9d9d3,2026-04-15 22:33:00,2026-04-17,2026-04-18,0
ck_4476152d147c2664,2025-12-14 10:56:00,2026-04-17,2026-04-18,0
ck_2dfd1a27b5d7d4ee,2026-04-12 09:17:00,2026-04-17,2026-04-18,0
ck_e56b0c3b88a0e35c,2025-12-26 19:09:32,2026-04-17,2026-04-18,0
ck_ce7878f056cf3b8a,2026-02-02 22:37:33,2026-04-17,2026-04-18,0
ck_11ea4f81d2d977d5,2025-11-15 20:59:14,2026-04-17,2026-04-18,0
ck_d934ccb32eddbe12,2026-02-12 13:06:58,2026-04-17,2026-04-18,0
ck_ebb8bbdc47c29186,2026-04-14 18:24:15,2026-04-17,2026-04-18,0
ck_d34fa008805331ef,2026-04-14 16:12:59,2026-04-17,2026-04-18,0
ck_bbc3b410daa7fdef,2026-04-16 11:04:57,2026-04-18,2026-04-19,1
ck_90e9fbd844b02f84,2025-11-10 08:15:01,2026-04-18,2026-04-19,0
ck_18b6e2f63a8ef233,2026-04-17 11:26:57,2026-04-18,2026-04-19,1
ck_2b6ca1da12786fcb,2026-01-12 12:27:20,2026-04-18,2026-04-19,0
ck_e64bc7e48e112b98,2026-01-29 08:46:20,2026-04-18,2026-04-19,0
ck_9dfa661f94fb5199,2026-01-24 21:58:39,2026-04-18,2026-04-19,0
ck_5d4e71a873fdb63f,2026-02-28 12:56:04,2026-04-18,2026-04-19,0
ck_5792ed7de804453f,2026-02-19 07:32:49,2026-04-18,2026-04-19,0
ck_ecad402b41381248,2025-11-29 18:21:41,2026-04-18,2026-04-19,0
ck_a55bf19e8b19f08f,2026-04-15 23:48:36,2026-04-18,2026-04-19,0
ck_d834713d6cd6c8fe,2025-10-04 01:10:33,2026-04-18,2026-04-19,0
ck_f2943bf559f33b2d,2026-03-01 00:31:01,2026-04-18,2026-04-19,0
ck_af4fc1def548014c,2026-04-16 23:11:41,2026-04-18,2026-04-19,0
ck_3abada54d3af9e1a,2026-04-17 08:57:53,2026-04-18,2026-04-19,0
ck_2429c36204a3cf00,2025-12-25 09:12:39,2026-04-18,2026-04-19,0
ck_bc59c7da97884378,2026-04-17 02:51:33,2026-04-18,2026-04-19,0
ck_014db4f6010cac2b,2026-04-17 03:12:37,2026-04-18,2026-04-19,1
ck_3afcaab1866d41de,2026-04-13 22:08:41,2026-04-18,2026-04-19,0
ck_a2c0fd31bb5ad31b,2025-07-28 00:34:12,2026-04-18,2026-04-19,0
ck_8d7d008cc271bff6,2026-04-16 16:42:58,2026-04-18,2026-04-19,0
ck_a2c3019116326ea0,2026-01-29 16:23:16,2026-04-18,2026-04-19,0
ck_a556abc470047a5e,2026-02-12 15:16:47,2026-04-18,2026-04-19,0
ck_dc6b118cdb246a47,2026-01-02 10:29:32,2026-04-18,2026-04-19,0
ck_642e541f9c299baf,2026-04-12 13:39:50,2026-04-18,2026-04-19,0
ck_d671b673f2e7a9ef,2026-04-16 07:16:24,2026-04-18,2026-04-19,0
ck_012bd4d6342849b9,2025-12-23 18:16:26,2026-04-18,2026-04-19,0
ck_256d467aa6dffca7,2026-01-17 21:56:57,2026-04-18,2026-04-19,0
ck_f153d9d932f96ab3,2026-03-05 04:21:50,2026-04-18,2026-04-19,0
ck_9fcd896dfa480a44,2025-04-01 18:39:00,2026-04-18,2026-04-19,0
ck_6d4f346092e15f5c,2026-04-16 11:03:56,2026-04-18,2026-04-19,0
ck_f7ad716b4d2f8bd1,2026-02-22 01:32:52,2026-04-18,2026-04-19,0
ck_a500ada3871d1e63,2026-04-16 05:04:44,2026-04-18,2026-04-19,1
ck_ee852d5031674935,2026-03-31 19:55:33,2026-04-18,2026-04-19,0
ck_1c0733a10f2ae3c4,2026-02-13 18:39:27,2026-04-18,2026-04-19,0
ck_22ddc6ec4ed74e71,2026-01-03 12:03:02,2026-04-18,2026-04-19,0
ck_4ebc4696a98715b8,2026-04-17 13:32:28,2026-04-18,2026-04-19,0
ck_e269d4618062ba33,2026-01-15 02:02:58,2026-04-18,2026-04-19,0
ck_dd45d42c12fe1719,2025-10-26 19:38:31,2026-04-18,2026-04-19,0
ck_283a0a5b9cfc33e1,2026-02-28 16:05:44,2026-04-18,2026-04-19,0
ck_a7a1a09aa9fd8cfa,2025-10-31 13:17:31,2026-04-18,2026-04-19,0
ck_f25e175167c59c7a,2026-02-18 21:26:13,2026-04-18,2026-04-19,0
ck_bc3a9deda5d3c589,2026-01-18 16:06:16,2026-04-18,2026-04-19,0
ck_4d1a0fadcaa1b971,2026-02-03 12:14:50,2026-04-18,2026-04-19,0
ck_544439dddcdf75b8,2026-02-22 21:23:54,2026-04-18,2026-04-19,0
ck_cb383aea8ea12a64,2026-04-15 18:12:52,2026-04-18,2026-04-19,0
ck_21f5439344781d6a,2026-02-26 14:45:35,2026-04-18,2026-04-19,0
ck_a0d800d42f1d9851,2026-03-12 04:06:42,2026-04-18,2026-04-19,0
ck_8f17eb725748430c,2026-03-17 00:11:47,2026-04-18,2026-04-19,1
ck_707d70853474f65a,2026-02-21 14:27:56,2026-04-18,2026-04-19,0
ck_3ae5915a56af699b,2026-01-20 21:09:00,2026-04-18,2026-04-19,0
ck_06235cb07e6175d1,2025-12-08 09:06:40,2026-04-18,2026-04-19,0
ck_35f7637ae3896ff4,2026-02-03 02:28:39,2026-04-18,2026-04-19,0
ck_94d72361b7f275b8,2026-03-25 20:21:48,2026-04-18,2026-04-19,0
ck_5588003bd5c88556,2026-03-28 20:07:44,2026-04-18,2026-04-19,0
ck_2d9edec9fd3ceafc,2026-02-08 05:48:17,2026-04-18,2026-04-19,1
ck_f74e494e7595015d,2025-12-19 15:02:20,2026-04-18,2026-04-19,0
ck_147d2fdfe21309f2,2026-04-02 10:08:45,2026-04-18,2026-04-19,0
ck_21f7bcb3c57e0d8f,2026-04-17 06:01:26,2026-04-18,2026-04-19,0
ck_0193bb031088c78f,2026-01-06 00:03:27,2026-04-18,2026-04-19,0
ck_114b0e69d12ecdd2,2026-02-08 10:24:40,2026-04-18,2026-04-19,0
ck_dbd9cf4be419144e,2026-04-16 22:02:27,2026-04-18,2026-04-19,0
ck_8665a371c861a521,2026-04-14 19:40:20,2026-04-18,2026-04-19,0
ck_ac77c1416eb61584,2026-02-12 10:31:21,2026-04-18,2026-04-19,0
ck_71c6a10da40609f2,2026-03-27 15:48:06,2026-04-18,2026-04-19,0
ck_28dc15d2c8086869,2026-02-28 20:54:51,2026-04-18,2026-04-19,0
ck_911f1f9dc0e200df,2026-04-17 22:52:52,2026-04-18,2026-04-19,0
ck_52e02712db8632da,2026-01-02 15:49:31,2026-04-18,2026-04-19,0
ck_ebd2e84211275648,2026-04-13 05:53:42,2026-04-18,2026-04-19,0
ck_d3ce1b92b56be466,2026-04-17 20:30:44,2026-04-18,2026-04-19,0
ck_5b75350e8779a461,2026-03-20 19:37:02,2026-04-18,2026-04-19,0
ck_cd9c3a71800b057c,2025-09-08 10:24:02,2026-04-18,2026-04-19,0
ck_93141d5c15e88446,2025-10-13 20:57:25,2026-04-18,2026-04-19,0
ck_f0df934ad46d2493,2026-04-17 05:29:18,2026-04-18,2026-04-19,0
ck_32fd80360d96732f,2026-04-14 04:44:09,2026-04-18,2026-04-19,0
ck_4da0fa9c8893cbd6,2025-12-12 06:48:11,2026-04-18,2026-04-19,0
ck_085c2aa98fca8875,2026-01-10 04:32:52,2026-04-18,2026-04-19,0
ck_2e1e9ccb7e56a5e9,2026-01-11 01:37:27,2026-04-18,2026-04-19,0
ck_59cf02990e9c9b11,2026-04-11 14:00:44,2026-04-18,2026-04-19,0
ck_f957a06e57ea9799,2025-11-03 08:34:45,2026-04-18,2026-04-19,0
ck_eda06b60fade1879,2025-12-04 13:27:36,2026-04-18,2026-04-19,0
ck_aa02ac0bf4f4ca54,2026-04-16 03:48:28,2026-04-18,2026-04-19,0
ck_5e8db455a0b68ec8,2026-04-17 18:34:42,2026-04-18,2026-04-19,0
ck_7b2b0478f1e06453,2025-11-19 10:38:11,2026-04-18,2026-04-19,0
ck_51f1f93f88b5c554,2025-11-05 14:55:17,2026-04-18,2026-04-19,0
ck_d48e2531458f01de,2026-04-17 15:50:51,2026-04-18,2026-04-19,1
ck_9b8b61caa6461972,2026-04-15 11:32:02,2026-04-18,2026-04-19,0
ck_12bb5d8e4a5e9ffc,2025-06-18 00:21:47,2026-04-18,2026-04-19,0
ck_e869868ab042a873,2026-02-17 15:10:09,2026-04-18,2026-04-19,0
ck_5eda3cdd7c01f5e5,2025-12-02 20:08:53,2026-04-18,2026-04-19,0
ck_1fa06442ab2eb212,2026-01-04 00:03:07,2026-04-18,2026-04-19,1
ck_7d24b4df0bc3df8e,2026-04-16 21:59:20,2026-04-18,2026-04-19,0
ck_7db8123a4cc8866d,2026-02-02 20:39:01,2026-04-18,2026-04-19,0
ck_1fc83ed0e8619f31,2026-04-16 00:12:44,2026-04-18,2026-04-19,0
ck_ce3b39e02583399a,2026-04-13 02:15:21,2026-04-18,2026-04-19,0
ck_37e1879475e15374,2025-08-15 05:40:11,2026-04-18,2026-04-19,0
ck_3d644e62b3ca003f,2026-04-17 07:01:41,2026-04-18,2026-04-19,0
ck_6e9969367c204cb7,2026-04-17 04:16:56,2026-04-18,2026-04-19,1
ck_dcea76779450ac8f,2025-12-25 16:55:55,2026-04-18,2026-04-19,0
ck_409af7c2e4a5df49,2026-02-06 19:43:35,2026-04-18,2026-04-19,0
ck_208fa371ab0b91ec,2025-12-19 05:48:58,2026-04-18,2026-04-19,0
ck_8530d5a2c6410dee,2026-04-02 10:49:44,2026-04-18,2026-04-19,0
ck_373a375e5b6f9a8c,2025-09-11 14:14:14,2026-04-18,2026-04-19,0
ck_28c1e36d03b0c7ab,2026-04-05 22:49:16,2026-04-18,2026-04-19,0
ck_8e9ce83fc204131b,2026-01-06 06:47:18,2026-04-18,2026-04-19,0
ck_c74810dae6b0c464,2026-03-22 00:26:49,2026-04-18,2026-04-19,0
ck_1373c75095318231,2026-01-29 05:20:33,2026-04-18,2026-04-19,0
ck_82763eb145931472,2026-01-26 14:05:29,2026-04-18,2026-04-19,0
ck_7e3e790561141d84,2025-12-06 21:29:42,2026-04-18,2026-04-19,0
ck_0e23163d99665c1c,2025-11-30 00:37:58,2026-04-18,2026-04-19,0
ck_f46f0556e7475458,2026-02-06 17:58:06,2026-04-18,2026-04-19,0
ck_b55d363ea5981838,2026-02-08 13:17:04,2026-04-18,2026-04-19,0
ck_f9a44cc3704c4812,2026-04-15 12:39:48,2026-04-18,2026-04-19,0
ck_cf3c6634e44b2de1,2026-02-07 06:27:09,2026-04-18,2026-04-19,0
ck_88eb2d99750e37e5,2026-04-17 18:51:05,2026-04-18,2026-04-19,0
ck_3b838114203f1552,2025-12-10 17:22:12,2026-04-18,2026-04-19,0
ck_b8bc862d38bfb25d,2026-04-15 20:24:18,2026-04-18,2026-04-19,0
ck_e7496f1e389d43c9,2026-04-16 23:56:12,2026-04-18,2026-04-19,0
ck_dd92ceefcbff591d,2026-03-08 01:29:04,2026-04-18,2026-04-19,1
ck_76feffc268de67f7,2026-04-14 21:38:01,2026-04-18,2026-04-19,0
ck_03d967db78c60b50,2026-04-17 02:57:10,2026-04-18,2026-04-19,0
ck_f7fef92ea9a832e1,2026-01-15 05:27:11,2026-04-18,2026-04-19,0
ck_26535395427df656,2025-12-19 16:42:14,2026-04-18,2026-04-19,0
ck_124ebd55b38f2acd,2025-11-09 06:17:25,2026-04-18,2026-04-19,0
ck_2e489d0077875415,2025-11-09 19:31:20,2026-04-18,2026-04-19,0
ck_788a0c63c93503b0,2026-02-13 20:31:39,2026-04-18,2026-04-19,0
ck_7e354460b461818f,2026-03-01 22:42:00,2026-04-18,2026-04-19,0
ck_64717d73e728b540,2026-04-17 00:29:29,2026-04-18,2026-04-19,0
ck_2e588fa3b6741eba,2026-04-17 06:26:45,2026-04-18,2026-04-19,0
ck_b8f096c829823343,2026-04-02 08:06:39,2026-04-18,2026-04-19,0
ck_71c977d2f66040ad,2026-04-15 19:25:44,2026-04-18,2026-04-19,0
ck_48fa237fc1e87db2,2026-04-16 01:05:24,2026-04-18,2026-04-19,0
ck_2a8dda18e3f4674e,2026-01-08 01:55:41,2026-04-18,2026-04-19,0
ck_d41875c4b42258c8,2026-03-07 04:11:59,2026-04-18,2026-04-19,0
ck_93f49447ff47d85b,2025-12-03 12:43:55,2026-04-18,2026-04-19,0
ck_e20e740e95765d7d,2025-12-10 20:00:31,2026-04-18,2026-04-19,0
ck_823455d0ffe5e66d,2026-04-17 03:55:26,2026-04-18,2026-04-19,1
ck_5b7c4094ae0b981e,2025-12-13 05:22:10,2026-04-18,2026-04-19,0
ck_b65cda8eb7230b08,2025-08-25 11:18:05,2026-04-18,2026-04-19,0
ck_b39a9eec9e7781b6,2025-12-21 05:28:58,2026-04-18,2026-04-19,0
ck_6f727a55656a88f5,2026-02-21 10:39:51,2026-04-18,2026-04-19,0
ck_39ec721be15eb6d3,2026-02-03 04:34:01,2026-04-18,2026-04-19,0
ck_3cbcab3ff382b166,2026-03-30 15:50:32,2026-04-18,2026-04-19,0
ck_555413ccf686dd49,2026-01-22 11:59:03,2026-04-18,2026-04-19,0
ck_68cb182a65f444ac,2026-04-14 01:15:57,2026-04-18,2026-04-19,1
ck_5c9ae98265f1cb6f,2026-04-11 21:24:38,2026-04-18,2026-04-19,0
ck_35453dad005c4d3b,2026-01-08 18:38:51,2026-04-18,2026-04-19,0
ck_78512e05690a509d,2026-04-17 12:08:47,2026-04-18,2026-04-19,0
ck_d94893c758c772d7,2026-04-16 16:19:43,2026-04-18,2026-04-19,0
ck_f098a8479452c7ef,2026-02-02 20:32:12,2026-04-18,2026-04-19,0
ck_1a6fde5a53924551,2026-01-25 00:17:39,2026-04-18,2026-04-19,0
ck_5317cfa8fb3ef0a6,2026-02-17 09:19:38,2026-04-18,2026-04-19,0
ck_3426d079747793dd,2025-08-26 06:16:00,2026-04-18,2026-04-19,1
ck_80c69e8ec222dbc8,2026-04-17 16:13:33,2026-04-18,2026-04-19,0
ck_762c00ce9c0df43d,2026-01-23 19:42:11,2026-04-18,2026-04-19,0
ck_cad9175692e70991,2025-11-23 13:44:10,2026-04-18,2026-04-19,0
ck_1f5314036aa26e74,2025-12-08 17:50:51,2026-04-18,2026-04-19,0
ck_f8063804aa41139b,2026-02-09 14:48:26,2026-04-18,2026-04-19,0
ck_5d845cc4a29bfc9a,2026-01-01 08:57:47,2026-04-18,2026-04-19,0
ck_98b3253ab1cd2739,2026-01-31 02:13:36,2026-04-18,2026-04-19,0
ck_aa90bdc7223266b9,2025-12-15 02:15:19,2026-04-18,2026-04-19,0
ck_de3431345e13c24c,2025-12-20 07:13:29,2026-04-18,2026-04-19,0
ck_2ab9e4404abd35f6,2026-01-29 13:33:33,2026-04-18,2026-04-19,0
ck_4192c080898bff62,2026-04-17 09:30:51,2026-04-18,2026-04-19,1
ck_621def2bf202bae3,2026-04-17 10:42:36,2026-04-18,2026-04-19,0
ck_2edc2c271acc65f4,2025-12-24 12:20:25,2026-04-18,2026-04-19,0
ck_cd6dba58a70a85c1,2026-03-16 09:21:47,2026-04-18,2026-04-19,0
ck_388e959ca5721aa3,2026-03-03 17:30:35,2026-04-18,2026-04-19,0
ck_ad349ee40077dbe1,2026-04-16 12:32:40,2026-04-18,2026-04-19,0
ck_9fa1680552ecd6f1,2025-07-28 23:29:47,2026-04-18,2026-04-19,0
ck_8c9ac55e01ecaecc,2026-02-22 00:43:56,2026-04-18,2026-04-19,0
ck_1d93e12f21b3fd46,2026-04-16 22:31:37,2026-04-18,2026-04-19,0
ck_084410cb1ee76076,2026-03-07 02:36:45,2026-04-18,2026-04-19,0
ck_c5dc11ad8ced761f,2026-03-11 21:32:04,2026-04-18,2026-04-19,0
ck_5c69adb8637c6948,2026-01-17 08:34:37,2026-04-18,2026-04-19,0
ck_6b2884014a57a552,2026-04-17 09:26:33,2026-04-18,2026-04-19,0
ck_3f923aff76c8f866,2025-07-16 17:04:00,2026-04-18,2026-04-19,0
ck_fa1e1540f1eeac8b,2026-02-01 08:40:34,2026-04-18,2026-04-19,0
ck_b384ef8762928fca,2026-02-26 18:58:44,2026-04-18,2026-04-19,1
ck_23880e16a3988680,2025-12-29 05:29:06,2026-04-18,2026-04-19,0
ck_4d3dff33acadc926,2025-11-24 01:55:46,2026-04-18,2026-04-19,0
ck_4baaa6193d0b0646,2026-03-23 19:46:51,2026-04-18,2026-04-19,0
ck_490e035e48555175,2026-04-03 12:15:49,2026-04-18,2026-04-19,0
ck_b5a7d1e86847617e,2026-03-09 14:47:06,2026-04-18,2026-04-19,0
ck_a2fe5cf574f99374,2026-01-31 00:37:08,2026-04-18,2026-04-19,0
ck_efd014ca50ba981d,2025-12-23 04:45:19,2026-04-18,2026-04-19,0
ck_f73810768ec89762,2026-04-16 08:57:00,2026-04-18,2026-04-19,0
ck_48942f9735dadd28,2025-12-21 01:38:09,2026-04-18,2026-04-19,0
ck_15ff9fa74985952a,2026-03-09 09:32:07,2026-04-18,2026-04-19,0
ck_5886b0cb7de1462b,2025-12-02 10:11:10,2026-04-18,2026-04-19,0
ck_c99ccb90fa8a9bfe,2026-01-06 05:46:31,2026-04-18,2026-04-19,0
ck_dc4e4780b966a986,2026-02-10 02:20:21,2026-04-18,2026-04-19,0
ck_43f90eb636df6c86,2026-01-29 02:57:44,2026-04-18,2026-04-19,0
ck_81078980b62d57e4,2026-03-23 03:14:16,2026-04-18,2026-04-19,0
ck_a0c70bc9d1de14d0,2026-02-26 09:14:24,2026-04-18,2026-04-19,0
ck_b5c8a0d97f79aaba,2026-02-24 16:59:24,2026-04-18,2026-04-19,1
ck_4f2e7727ee53670e,2026-01-12 09:03:26,2026-04-18,2026-04-19,0
ck_67ccb402646309f1,2026-01-28 02:54:47,2026-04-18,2026-04-19,0
ck_36b3e3e04ca9a73e,2026-01-30 19:17:19,2026-04-18,2026-04-19,0
ck_60b90ef08c98a8c9,2026-01-04 05:00:28,2026-04-18,2026-04-19,0
ck_8d7b0c976bd2131b,2026-03-27 12:44:29,2026-04-18,2026-04-19,0
ck_661c51e6a5578264,2026-04-15 15:06:27,2026-04-18,2026-04-19,0
ck_5e514be310520d2f,2026-01-05 12:05:08,2026-04-18,2026-04-19,0
ck_723793ab0d3968d5,2026-02-04 06:08:53,2026-04-18,2026-04-19,0
ck_f64f14fcf35dfe49,2026-03-19 07:32:44,2026-04-18,2026-04-19,0
ck_5847d90e66ab5443,2026-04-16 22:16:19,2026-04-18,2026-04-19,1
ck_3b08bbea5b4c62c8,2025-09-29 08:11:24,2026-04-18,2026-04-19,0
ck_0b8e69aa4e025386,2025-11-09 17:53:10,2026-04-18,2026-04-19,0
ck_4c662ef8444d527b,2026-04-17 10:53:17,2026-04-18,2026-04-19,0
ck_42a20c512956b68a,2026-03-08 08:07:59,2026-04-18,2026-04-19,1
ck_7669760a307370d3,2025-11-27 14:58:31,2026-04-18,2026-04-19,0
ck_a5c395bcdde1a940,2026-03-05 17:35:11,2026-04-18,2026-04-19,0
ck_2a6cad46cf04b606,2025-11-18 23:31:12,2026-04-18,2026-04-19,0
ck_3fbca87f98c2466f,2026-04-17 22:28:38,2026-04-18,2026-04-19,1
ck_a781b1f9bcfffa3a,2026-03-20 18:22:28,2026-04-18,2026-04-19,0
ck_5f33a335aaffbc2e,2026-03-09 05:58:04,2026-04-18,2026-04-19,0
ck_2d3b95c2da7e06df,2026-04-16 17:57:22,2026-04-18,2026-04-19,1
ck_215897f16e3580d7,2025-11-13 08:14:43,2026-04-18,2026-04-19,0
ck_36e51ad18892547a,2026-04-14 17:33:02,2026-04-18,2026-04-19,0
ck_02963c863c996cb0,2026-01-01 18:43:20,2026-04-18,2026-04-19,0
ck_9e833b56352301d6,2026-03-01 01:45:06,2026-04-18,2026-04-19,0
ck_b966a0841bcd8a25,2026-04-04 08:24:57,2026-04-18,2026-04-19,0
ck_f00a7e05291dd2c9,2026-02-05 11:25:33,2026-04-18,2026-04-19,0
ck_dcd5842a9276552f,2026-02-14 03:39:58,2026-04-18,2026-04-19,0
ck_7aecea08c4ff8c8d,2026-02-01 07:20:17,2026-04-18,2026-04-19,0
ck_e36a05ee48aaf4a3,2026-02-15 22:06:12,2026-04-18,2026-04-19,0
ck_782f4205a94dd5a4,2026-04-17 17:30:36,2026-04-18,2026-04-19,1
ck_e58d662521387f19,2026-02-09 15:06:57,2026-04-18,2026-04-19,0
ck_9a23bb7c09c9d14a,2025-12-25 07:35:33,2026-04-18,2026-04-19,0
ck_00fcd0b49cf5d1d1,2026-03-04 08:03:00,2026-04-18,2026-04-19,0
ck_b145bd7ba616d061,2026-04-17 17:21:16,2026-04-18,2026-04-19,0
ck_0188c8f631dde46d,2025-12-07 03:39:48,2026-04-18,2026-04-19,0
ck_88abca7fd35348e6,2026-02-24 18:50:10,2026-04-18,2026-04-19,0
ck_2fdc72d45df064e6,2026-02-07 15:25:10,2026-04-18,2026-04-19,0
ck_b56e64274933941b,2025-11-05 10:54:30,2026-04-18,2026-04-19,0
ck_73bd21777f00a733,2026-04-16 11:10:33,2026-04-18,2026-04-19,1
ck_b1011b5e3f50b161,2025-08-03 01:50:02,2026-04-18,2026-04-19,0
ck_46e4b0c9f58e5aa2,2026-01-22 16:53:26,2026-04-18,2026-04-19,0
ck_1ec1fd1659b6220e,2026-04-17 21:19:58,2026-04-18,2026-04-19,0
ck_84da223acd4b5ae3,2026-03-27 00:12:00,2026-04-18,2026-04-19,0
ck_867bce400a0bbd39,2026-04-17 14:04:23,2026-04-18,2026-04-19,0
ck_cbfe0f21df750772,2026-03-07 14:14:59,2026-04-18,2026-04-19,0
ck_1f9b1983e657d463,2026-04-17 17:28:44,2026-04-18,2026-04-19,0
ck_4abf1f7f7626ccc4,2026-02-14 13:52:25,2026-04-18,2026-04-19,0
ck_a6eccb82d5baf2fa,2026-04-16 02:29:16,2026-04-18,2026-04-19,0
ck_3554a72b0c3944fc,2026-01-01 07:32:01,2026-04-18,2026-04-19,0
ck_766fab807e286a76,2026-03-05 09:11:02,2026-04-18,2026-04-19,1
ck_8c7e99f6f2faef52,2025-05-08 20:10:28,2026-04-18,2026-04-19,0
ck_acda0fb3827ce1de,2026-04-06 05:24:05,2026-04-18,2026-04-19,1
ck_298c6704a8a788e0,2026-04-17 17:15:12,2026-04-18,2026-04-19,0
ck_6e01b140c7323e8d,2026-02-05 22:13:38,2026-04-18,2026-04-19,0
ck_ef01a4163c51f108,2026-04-17 20:08:34,2026-04-18,2026-04-19,0
ck_744fe9f9ff597e52,2026-04-16 08:08:47,2026-04-18,2026-04-19,0
ck_f35e13936d54a7d6,2026-03-23 18:25:14,2026-04-18,2026-04-19,1
ck_60f31cbfc1848883,2026-03-16 10:51:26,2026-04-18,2026-04-19,0
ck_68bd383161b415cf,2025-12-31 02:46:51,2026-04-18,2026-04-19,1
ck_3dedfb9ef5c60c1f,2026-02-12 22:31:34,2026-04-18,2026-04-19,0
ck_f39926d7df748830,2025-08-03 05:29:41,2026-04-18,2026-04-19,0
ck_6efc7f4b5a79dfa9,2026-02-11 23:57:41,2026-04-18,2026-04-19,0
ck_589815c0dd6670c2,2026-03-25 04:43:13,2026-04-18,2026-04-19,0
ck_3ff9022c139efc76,2025-11-11 03:22:36,2026-04-18,2026-04-19,0
ck_2ca5832ade8f260e,2026-02-05 04:14:29,2026-04-18,2026-04-19,1
ck_e20df27134fa12d6,2025-12-20 15:52:18,2026-04-18,2026-04-19,0
ck_247ef5d806e35d76,2025-10-31 22:19:29,2026-04-18,2026-04-19,0
ck_2b0075d4978a4d65,2025-09-30 16:40:35,2026-04-18,2026-04-19,0
ck_dd2e2d038b592a2a,2026-03-28 05:40:49,2026-04-18,2026-04-19,0
ck_24dbcd67cab777e4,2026-04-16 20:18:56,2026-04-18,2026-04-19,0
ck_d22e95d49e97594d,2025-12-01 16:07:46,2026-04-18,2026-04-19,0
ck_9ceb511454314005,2026-04-17 09:49:54,2026-04-18,2026-04-19,1
ck_d6f1326876f21472,2025-12-25 04:51:39,2026-04-18,2026-04-19,0
ck_03b044bc65ac509c,2026-04-17 09:32:28,2026-04-18,2026-04-19,0
ck_283872591a00d657,2026-03-19 04:47:21,2026-04-18,2026-04-19,0
ck_8f6222825e5abaff,2026-03-20 20:46:50,2026-04-18,2026-04-19,0
ck_ffb8061911f7b71b,2025-12-03 13:29:13,2026-04-18,2026-04-19,0
ck_88486f01ec83ae1f,2026-02-26 05:49:43,2026-04-18,2026-04-19,0
ck_2db4ee809797edbb,2026-01-13 21:14:02,2026-04-18,2026-04-19,0
ck_834f27ec88736e3a,2026-02-23 01:49:30,2026-04-18,2026-04-19,0
ck_faf43a68eb7fa173,2026-04-17 16:06:56,2026-04-18,2026-04-19,0
ck_77cf6b293ffaef50,2025-11-24 13:47:30,2026-04-18,2026-04-19,0
ck_2c7b0a369fa8c5e3,2025-12-22 02:45:58,2026-04-18,2026-04-19,0
ck_bdb28f3bcd3d9208,2026-01-26 18:05:06,2026-04-18,2026-04-19,0
ck_4b7b52e0a6ccd7fd,2025-11-29 03:28:19,2026-04-18,2026-04-19,0
ck_1139b99fb86d2bfe,2026-03-27 11:46:21,2026-04-18,2026-04-19,0
ck_e8b364b9ce3dcc78,2026-04-16 13:44:04,2026-04-18,2026-04-19,0
ck_c8bb3a40d05e13b1,2025-12-13 20:56:11,2026-04-18,2026-04-19,0
ck_37d4845789cbb148,2026-02-20 15:42:16,2026-04-18,2026-04-19,0
ck_98fffc1df14a0c0a,2026-03-07 06:58:23,2026-04-18,2026-04-19,0
ck_75cd1b8dbe2664c0,2025-12-18 02:48:31,2026-04-18,2026-04-19,0
ck_4c6b0bc47a34900b,2026-04-16 04:59:13,2026-04-18,2026-04-19,0
ck_a231931aa6909d71,2026-04-17 03:20:11,2026-04-18,2026-04-19,0
ck_f02ac7e8e2306334,2025-11-21 16:33:27,2026-04-18,2026-04-19,0
ck_02b83c883b646daa,2026-01-30 21:57:54,2026-04-18,2026-04-19,0
ck_49ff49c5af288eff,2026-01-02 05:28:30,2026-04-18,2026-04-19,0
ck_9a7939b6a9147f4b,2025-12-31 11:45:45,2026-04-18,2026-04-19,0
ck_4969694adf2f0d56,2025-07-22 13:02:58,2026-04-18,2026-04-19,0
ck_ab31c1ef45747467,2026-03-19 17:28:48,2026-04-18,2026-04-19,0
ck_4b80cdfe4f079a1b,2026-03-23 12:51:15,2026-04-18,2026-04-19,0
ck_e9ed95edb6b7bbf0,2026-04-17 13:45:11,2026-04-18,2026-04-19,0
ck_707b9094df9fc2ab,2025-12-07 20:11:11,2026-04-18,2026-04-19,0
ck_1eb9880e9658a693,2026-04-02 11:20:32,2026-04-18,2026-04-19,0
ck_eeb51ca2ad455142,2026-04-16 14:20:44,2026-04-18,2026-04-19,0
ck_7b17140b1d683c84,2026-04-16 14:36:53,2026-04-18,2026-04-19,0
ck_fc80f8e28ba9c60a,2025-12-05 21:48:14,2026-04-18,2026-04-19,0
ck_9b41ac5cb4444dd7,2026-04-17 17:41:02,2026-04-18,2026-04-19,1
ck_e4afb8497586908c,2026-04-16 05:34:10,2026-04-18,2026-04-19,0
ck_c4a1ecc17e28a5bf,2025-12-31 07:58:36,2026-04-18,2026-04-19,1
ck_3d6eb68a62ebaf9b,2026-03-13 16:46:39,2026-04-18,2026-04-19,0
ck_3ae873f25731b129,2026-04-16 22:03:20,2026-04-18,2026-04-19,0
ck_9b710e062fa13da3,2026-04-16 20:09:42,2026-04-18,2026-04-19,0
ck_8664c4e1a0cb7619,2026-03-12 09:18:14,2026-04-18,2026-04-19,0
ck_0a0fb8354cfff828,2026-03-28 08:14:51,2026-04-18,2026-04-19,0
ck_92190a0c2eedeab8,2026-03-19 09:56:02,2026-04-18,2026-04-19,0
ck_2488bf95b0ee46f6,2026-02-23 05:30:50,2026-04-18,2026-04-19,0
ck_b9f9510caf29a340,2025-11-30 01:03:10,2026-04-18,2026-04-19,0
ck_c240aa58f12ad990,2026-01-29 14:44:53,2026-04-18,2026-04-19,0
ck_fa6d71a89bef656b,2026-04-17 10:11:12,2026-04-18,2026-04-19,0
ck_28f80d49da25cf8d,2025-10-30 01:11:08,2026-04-18,2026-04-19,0
ck_fd1f9880d5400a2b,2026-04-17 22:22:08,2026-04-18,2026-04-19,0
ck_178fbf35e5e23b21,2026-02-23 10:19:58,2026-04-18,2026-04-19,0
ck_a850b1ba27bbb19b,2025-12-12 15:47:25,2026-04-18,2026-04-19,0
ck_c247cac207550b79,2026-04-16 16:47:55,2026-04-18,2026-04-19,0
ck_57077fc3c2750174,2026-03-18 22:31:53,2026-04-18,2026-04-19,0
ck_d291698d2ed39548,2025-11-10 03:28:22,2026-04-18,2026-04-19,0
ck_03a58abff3e3cb4a,2026-04-04 05:01:13,2026-04-18,2026-04-19,0
ck_28d9facdac3e0ac2,2026-02-27 11:03:04,2026-04-18,2026-04-19,1
ck_6c30ee6b7b6d3691,2026-01-11 17:10:13,2026-04-18,2026-04-19,0
ck_20e73979aad10e73,2026-02-02 01:54:01,2026-04-18,2026-04-19,0
ck_7c4b2b7a2a3a7b32,2026-04-15 23:29:35,2026-04-18,2026-04-19,0
ck_f9e9311865e96e83,2026-01-30 22:01:07,2026-04-18,2026-04-19,0
ck_1d57ad5491654695,2026-03-03 17:58:01,2026-04-18,2026-04-19,0
ck_d75154ea73f1bf5b,2026-01-24 05:27:35,2026-04-18,2026-04-19,0
ck_328f6540f2fd691d,2026-04-01 20:19:43,2026-04-18,2026-04-19,0
ck_e2b7840a0be1510d,2026-01-17 16:01:46,2026-04-18,2026-04-19,0
ck_e8301736dccd1028,2025-12-23 23:21:58,2026-04-18,2026-04-19,0
ck_d7025f2203c0ab27,2025-10-17 04:34:11,2026-04-18,2026-04-19,0
ck_687fa66118147c28,2026-04-04 23:07:24,2026-04-18,2026-04-19,0
ck_e9a224d9ac46bd96,2025-10-11 04:37:56,2026-04-18,2026-04-19,0
ck_bcf1d0439df819d1,2025-12-10 16:48:36,2026-04-18,2026-04-19,0
ck_5503be3cf62072b1,2026-04-13 00:44:51,2026-04-18,2026-04-19,1
ck_30303a39854f0d0c,2026-03-07 15:33:54,2026-04-18,2026-04-19,0
ck_7b73adcc1d867b01,2026-02-12 00:39:54,2026-04-18,2026-04-19,0
ck_1f9c59c2eadccbdb,2026-03-23 22:13:03,2026-04-18,2026-04-19,0
ck_a42fd7f682198998,2026-01-05 07:48:31,2026-04-18,2026-04-19,0
ck_f5bc058b18cb2fda,2026-02-11 05:06:15,2026-04-18,2026-04-19,0
ck_0bb26795b08d3976,2026-04-15 06:47:48,2026-04-18,2026-04-19,0
ck_ad70501eff088f60,2026-03-08 23:34:13,2026-04-18,2026-04-19,0
ck_795a33f87f4423d2,2026-04-17 03:45:32,2026-04-18,2026-04-19,0
ck_8fe85530dc944a93,2025-11-26 06:03:58,2026-04-18,2026-04-19,0
ck_6cadbcafb8a20b69,2026-04-16 22:14:16,2026-04-18,2026-04-19,0
ck_ec7d4073f4abe75b,2025-11-23 23:35:04,2026-04-18,2026-04-19,0
ck_a99f9e510cefd39b,2026-03-20 16:09:07,2026-04-18,2026-04-19,0
ck_2b688d361f184168,2026-04-16 05:28:21,2026-04-18,2026-04-19,0
ck_a2a5bf9546dd96b1,2026-01-31 15:41:04,2026-04-18,2026-04-19,0
ck_07df485800f24755,2025-11-18 09:58:44,2026-04-18,2026-04-19,0
ck_d4357622c3669ece,2026-04-17 13:35:19,2026-04-18,2026-04-19,0
ck_f4df2eb062ad1913,2025-10-19 06:45:42,2026-04-18,2026-04-19,0
ck_f1a0eb5132b686ab,2026-01-04 11:46:27,2026-04-18,2026-04-19,1
ck_790d5f3599a08f0f,2025-11-24 13:01:41,2026-04-18,2026-04-19,0
ck_18a248c70aeeabc9,2026-03-07 16:29:08,2026-04-18,2026-04-19,0
ck_92ec62e9d408c7bc,2026-04-15 19:59:31,2026-04-18,2026-04-19,0
ck_369f23433a4b97a3,2026-02-28 05:28:28,2026-04-18,2026-04-19,0
ck_1388b91f875a4fe2,2025-10-25 21:40:01,2026-04-18,2026-04-19,0
ck_c6ee0bc35c00bae7,2026-04-16 07:45:16,2026-04-18,2026-04-19,0
ck_678e237b7af3aa67,2026-04-17 03:51:12,2026-04-18,2026-04-19,0
ck_e0af6634f1480f3d,2026-01-23 15:14:34,2026-04-18,2026-04-19,0
ck_cbd9ff2a59dbc675,2026-02-13 02:36:34,2026-04-18,2026-04-19,0
ck_03d984aa7e45064f,2026-04-12 19:02:23,2026-04-18,2026-04-19,0
ck_9feb4e2687e9375a,2026-03-04 12:20:31,2026-04-18,2026-04-19,0
ck_39a7aa3867f67c78,2026-03-31 22:49:09,2026-04-18,2026-04-19,0
ck_987552a9907fcdcc,2026-02-05 15:49:45,2026-04-18,2026-04-19,0
ck_cd8e61d0fe6fe787,2025-11-27 15:09:33,2026-04-18,2026-04-19,0
ck_0ab2e5b257690980,2026-03-16 10:18:52,2026-04-18,2026-04-19,0
ck_a423f872d612a0b6,2025-12-27 19:29:16,2026-04-18,2026-04-19,0
ck_56dcb4115e6a2abc,2025-11-05 03:46:53,2026-04-18,2026-04-19,0
ck_5cb0154760d140f4,2026-04-17 04:34:55,2026-04-18,2026-04-19,0
ck_abac2708d27f5c6f,2026-03-13 23:11:51,2026-04-18,2026-04-19,0
ck_a0a454eae1f0122d,2026-02-18 06:22:45,2026-04-18,2026-04-19,0
ck_69e4a26a1d5a7604,2026-04-16 05:41:05,2026-04-18,2026-04-19,1
ck_312d3a8593dfb45e,2025-11-16 06:22:52,2026-04-18,2026-04-19,0
ck_067e661e6216bdc0,2026-03-07 05:18:17,2026-04-18,2026-04-19,1
ck_72658fd133a360fe,2025-11-29 07:31:42,2026-04-18,2026-04-19,0
ck_19a6bc0294b6d7f6,2026-01-21 15:42:50,2026-04-18,2026-04-19,1
ck_edd3d399621b35a7,2026-02-17 21:55:00,2026-04-18,2026-04-19,0
ck_287187374bd47bfc,2026-04-17 18:27:38,2026-04-18,2026-04-19,0
ck_3c40d715bc97750b,2026-02-04 07:09:21,2026-04-18,2026-04-19,0
ck_b592eb511ef9936d,2026-04-17 11:12:39,2026-04-18,2026-04-19,0
ck_0b16e0887876a7cb,2026-01-01 07:19:01,2026-04-18,2026-04-19,0
ck_eeb30b265d1e7bad,2026-04-17 18:01:13,2026-04-18,2026-04-19,0
ck_8018ada22b3814a6,2026-02-14 05:00:19,2026-04-18,2026-04-19,0
ck_ad6676dcbc183317,2026-04-16 17:14:43,2026-04-18,2026-04-19,0
ck_2e180d89a14b269e,2026-01-07 10:00:02,2026-04-18,2026-04-19,0
ck_2f82b784929d9d4d,2026-04-14 09:03:35,2026-04-18,2026-04-19,0
ck_7a0bb9cd9ebbf1fc,2026-03-04 19:22:06,2026-04-18,2026-04-19,0
ck_1944ae7ac6cae10b,2026-04-16 11:25:33,2026-04-18,2026-04-19,0
ck_9200b35094637eb8,2025-10-10 20:27:32,2026-04-18,2026-04-19,0
ck_7bd55a327ef174f1,2026-02-08 19:25:07,2026-04-18,2026-04-19,0
ck_7b334f71f523280f,2026-02-25 08:45:36,2026-04-18,2026-04-19,0
ck_3bd88a0d52681351,2025-07-11 00:40:11,2026-04-18,2026-04-19,0
ck_cdecc0bffa854b08,2025-08-10 07:18:11,2026-04-18,2026-04-19,0
ck_4d15eaf24cfb41ed,2026-04-11 09:24:57,2026-04-18,2026-04-19,0
ck_ca5858b7d70c5431,2026-04-16 07:55:47,2026-04-18,2026-04-19,0
ck_f25fc72ee48356ee,2026-02-22 10:13:27,2026-04-18,2026-04-19,0
ck_37c5f947b5a4a399,2026-04-16 15:39:25,2026-04-18,2026-04-19,0
ck_c6487639875a4098,2026-04-15 15:50:31,2026-04-18,2026-04-19,0
ck_f411eff35c0eed39,2026-04-17 12:17:47,2026-04-18,2026-04-19,0
ck_8a7036d90a0e6ff5,2026-01-17 21:39:37,2026-04-18,2026-04-19,1
ck_b04c8fa905d255a6,2026-03-29 07:55:21,2026-04-18,2026-04-19,0
ck_b572e2be1e06cafd,2026-02-12 08:27:58,2026-04-18,2026-04-19,0
ck_43cee5effe01111d,2026-03-09 04:38:16,2026-04-18,2026-04-19,0
ck_93ff1705dbeea9e2,2025-11-19 21:00:02,2026-04-18,2026-04-19,0
ck_ab660419232af508,2026-04-17 02:47:00,2026-04-18,2026-04-19,0
ck_7fcd61d5bf816bc2,2025-12-26 21:43:32,2026-04-18,2026-04-19,0
ck_e391140fb2a2ba92,2026-01-30 17:19:22,2026-04-18,2026-04-19,0
ck_0da26a65d403a3f3,2025-12-08 11:37:23,2026-04-18,2026-04-19,0
ck_d637ad364f0f7e0e,2026-04-16 22:21:11,2026-04-18,2026-04-19,0
ck_644452d3cbb757a9,2026-02-14 03:02:36,2026-04-18,2026-04-19,0
ck_aacbc651091796bd,2026-02-04 23:12:30,2026-04-18,2026-04-19,0
ck_aad54137f7e8de31,2026-02-24 00:57:03,2026-04-18,2026-04-19,0
ck_6824bd4b3c05cef7,2026-04-16 14:31:04,2026-04-18,2026-04-19,0
ck_3cc2fff34a23afe4,2025-12-12 11:11:41,2026-04-18,2026-04-19,0
ck_ac6701db25d82d69,2026-01-02 06:29:13,2026-04-18,2026-04-19,0
ck_13c4066abe9d9975,2026-01-27 06:48:29,2026-04-18,2026-04-19,0
ck_945ac72f5a55f38c,2025-11-11 08:56:34,2026-04-18,2026-04-19,0
ck_54bc2374f94831cd,2026-01-11 06:11:04,2026-04-18,2026-04-19,0
ck_e8819ea21f708b53,2026-04-15 07:43:04,2026-04-18,2026-04-19,0
ck_ee75475cec9f761a,2025-11-18 03:52:44,2026-04-18,2026-04-19,0
ck_775f92f761a2c1ce,2026-03-13 05:31:13,2026-04-18,2026-04-19,0
ck_81f362be8d8a66f2,2026-02-16 08:54:08,2026-04-18,2026-04-19,0
ck_21d8b66e1cc9d7ba,2025-12-09 05:16:07,2026-04-18,2026-04-19,0
ck_01455395e7cbe7da,2026-03-18 19:19:42,2026-04-18,2026-04-19,0
ck_934a3a0399573a69,2025-12-09 02:13:26,2026-04-18,2026-04-19,0
ck_d18423600b4c657d,2026-03-20 15:18:13,2026-04-18,2026-04-19,0
ck_152166e3765fa01f,2026-02-27 16:43:22,2026-04-18,2026-04-19,0
ck_ccd7a5d129dc4343,2025-12-02 12:39:11,2026-04-18,2026-04-19,0
ck_a8ef18dac91f6c37,2026-03-20 21:29:09,2026-04-18,2026-04-19,0
ck_419fdbf530ab8a74,2025-08-19 12:19:13,2026-04-18,2026-04-19,0
ck_ebf64e0184a718c2,2026-02-02 04:38:35,2026-04-18,2026-04-19,0
ck_c3932d2871e4c7e7,2026-02-22 11:01:02,2026-04-18,2026-04-19,0
ck_64191b936ad0e9d0,2026-04-17 12:48:44,2026-04-18,2026-04-19,1
ck_e6f6130b4d1fe868,2026-04-16 05:12:22,2026-04-18,2026-04-19,0
ck_f478c84839e87cc6,2025-10-21 12:51:24,2026-04-18,2026-04-19,0
ck_37e141264989559b,2025-10-17 04:27:47,2026-04-18,2026-04-19,0
ck_8f10610c72edb475,2026-04-16 22:37:04,2026-04-18,2026-04-19,0
ck_45075e1bd38a023e,2026-04-12 10:49:20,2026-04-18,2026-04-19,0
ck_74138ef43742596d,2025-12-29 23:53:33,2026-04-18,2026-04-19,0
ck_088ec9f727e7d1dd,2026-01-25 05:53:04,2026-04-18,2026-04-19,0
ck_961f815e381bfee7,2026-03-02 03:48:18,2026-04-18,2026-04-19,0
ck_524997203402b27f,2025-12-24 17:30:54,2026-04-18,2026-04-19,0
ck_c8a1e1e72fb334f1,2026-04-16 05:44:18,2026-04-18,2026-04-19,0
ck_4005659e33e84a85,2025-09-08 06:43:36,2026-04-18,2026-04-19,0
ck_8dd890355257ee05,2026-02-13 14:41:06,2026-04-18,2026-04-19,0
ck_b224c369343d7a13,2026-04-15 22:54:49,2026-04-18,2026-04-19,0
ck_f5aabd8b0a50cba0,2025-10-19 16:53:50,2026-04-18,2026-04-19,0
ck_d639c2b46dbc2ffc,2026-01-08 09:48:21,2026-04-18,2026-04-19,0
ck_0de8237e267673c7,2026-02-01 15:49:11,2026-04-18,2026-04-19,0
ck_a8141b9e0b589f7c,2026-04-02 02:29:44,2026-04-18,2026-04-19,0
ck_b2f754b8720797ea,2026-02-25 11:38:24,2026-04-18,2026-04-19,0
ck_2d924e9efa5fd416,2026-04-17 13:31:48,2026-04-18,2026-04-19,0
ck_36a0c0507075b7cb,2025-11-26 01:59:48,2026-04-18,2026-04-19,0
ck_ee0cefb79220a326,2026-03-02 15:59:40,2026-04-18,2026-04-19,0
ck_8c05e4571614aae2,2025-12-11 14:15:07,2026-04-18,2026-04-19,0
ck_189a40586961f2a4,2026-02-06 08:28:18,2026-04-18,2026-04-19,0
ck_d73831063724494d,2026-04-16 18:01:10,2026-04-18,2026-04-19,0
ck_1817da6a052aa516,2026-03-23 18:16:02,2026-04-18,2026-04-19,0
ck_21f37c3331ff0145,2026-02-04 14:45:12,2026-04-18,2026-04-19,0
ck_8aeed565d0be7bc2,2025-12-01 07:15:13,2026-04-18,2026-04-19,0
ck_e02ac1441af3fa59,2025-12-31 21:21:20,2026-04-18,2026-04-19,0
ck_07bea26db1fd7219,2026-04-16 20:17:24,2026-04-18,2026-04-19,0
ck_e62ebceb34ce76d0,2026-04-17 09:05:03,2026-04-18,2026-04-19,0
ck_5d0b84e0679e41e1,2026-02-25 17:21:15,2026-04-18,2026-04-19,0
ck_1a42a0415a1d7cef,2026-04-17 03:57:24,2026-04-18,2026-04-19,0
ck_37a75a395694ed16,2026-03-07 05:23:15,2026-04-18,2026-04-19,0
ck_f1d3b365c3ac1a13,2025-05-03 18:43:17,2026-04-18,2026-04-19,1
ck_6f855050462c4a0f,2026-03-16 07:34:41,2026-04-18,2026-04-19,0
ck_5782d91b37e49469,2026-03-19 08:54:13,2026-04-18,2026-04-19,0
ck_a1696cc25af91527,2026-04-17 16:17:20,2026-04-18,2026-04-19,0
ck_756bce467742d933,2026-04-17 05:07:19,2026-04-18,2026-04-19,1
ck_ee4be85c9cec0ff4,2025-07-31 04:15:47,2026-04-18,2026-04-19,0
ck_5509d59bae7e494c,2026-01-08 15:04:58,2026-04-18,2026-04-19,0
ck_f57921c43fafbe93,2026-04-16 07:50:02,2026-04-18,2026-04-19,0
ck_2e3e2813eb34981b,2025-12-02 01:36:29,2026-04-18,2026-04-19,0
ck_92819ececca6e11b,2026-01-20 00:58:09,2026-04-18,2026-04-19,0
ck_7025fb6c3ba229cb,2026-03-01 00:06:12,2026-04-18,2026-04-19,1
ck_87a7a879de42b80c,2026-02-23 18:54:21,2026-04-18,2026-04-19,0
ck_1a1f88c684db73b4,2026-03-01 14:54:40,2026-04-18,2026-04-19,0
ck_717e31dbd357771f,2025-12-01 16:06:55,2026-04-18,2026-04-19,0
ck_28f067603bf53370,2026-03-23 12:29:28,2026-04-18,2026-04-19,0
ck_f1306a5bb6e6fca7,2026-04-16 22:37:43,2026-04-18,2026-04-19,0
ck_89017e9c62fbe7d6,2026-03-10 10:05:08,2026-04-18,2026-04-19,0
ck_8d339a174f3424ff,2026-04-16 20:42:48,2026-04-18,2026-04-19,1
ck_601118815ce05855,2026-04-03 07:05:47,2026-04-18,2026-04-19,0
ck_85e8a9862caced22,2026-03-03 00:33:05,2026-04-18,2026-04-19,0
ck_6d3cad7c41e76daf,2026-04-07 15:18:59,2026-04-18,2026-04-19,0
ck_34e8b0f40aa89790,2026-02-26 00:23:18,2026-04-18,2026-04-19,0
ck_abffc7b2ab94349d,2025-11-04 05:20:53,2026-04-18,2026-04-19,0
ck_2292e721d245f3fa,2026-02-23 15:15:33,2026-04-18,2026-04-19,0
ck_55547f915faf99a6,2026-04-17 13:22:22,2026-04-18,2026-04-19,0
ck_d7daf4b569c44636,2026-01-20 14:50:42,2026-04-18,2026-04-19,0
ck_027dd50cc6d1c649,2026-04-15 23:44:02,2026-04-18,2026-04-19,0
ck_f3f38b57ceed5ad5,2025-12-25 14:17:31,2026-04-18,2026-04-19,0
ck_2acbe2b063b5b3c5,2026-03-29 04:42:23,2026-04-18,2026-04-19,0
ck_b02b0cbb83d6e9be,2026-04-15 08:55:20,2026-04-18,2026-04-19,0
ck_1874c281082f4807,2026-02-01 18:10:00,2026-04-18,2026-04-19,0
ck_fc8c53ef3047f23c,2026-01-31 03:46:49,2026-04-18,2026-04-19,0
ck_bfde361a65f1ae68,2026-03-07 23:45:21,2026-04-18,2026-04-19,0
ck_7234c250dcb22886,2025-09-16 23:42:08,2026-04-18,2026-04-19,0
ck_7d525373eb96dec0,2026-03-19 17:05:05,2026-04-18,2026-04-19,0
ck_25163ffe63a6b342,2026-03-24 23:52:57,2026-04-18,2026-04-19,0
ck_b81194f8a3d4b40d,2025-12-18 19:52:16,2026-04-18,2026-04-19,0
ck_5e2da7307f280977,2025-12-26 15:57:57,2026-04-18,2026-04-19,0
ck_906eb72b7c24f458,2026-04-14 23:16:34,2026-04-18,2026-04-19,1
ck_a0173a9dfa239db4,2026-03-06 08:44:30,2026-04-18,2026-04-19,0
ck_c3257536f1e6f9ec,2026-02-28 08:55:26,2026-04-18,2026-04-19,0
ck_7b50a17c0dda97f1,2026-04-17 18:02:58,2026-04-18,2026-04-19,0
ck_ac030f91f95d9bf2,2026-01-01 13:47:04,2026-04-18,2026-04-19,0
ck_4f8e6d21df8836e7,2026-03-14 03:03:06,2026-04-18,2026-04-19,0
ck_1ce4228aa31887be,2026-02-01 04:09:23,2026-04-18,2026-04-19,0
ck_006056759164739d,2025-12-30 04:14:11,2026-04-18,2026-04-19,0
ck_8f21f4d91dd87252,2026-04-17 00:09:04,2026-04-18,2026-04-19,0
ck_fda46ff6680174b6,2026-04-17 19:46:41,2026-04-18,2026-04-19,0
ck_9a05ac4ceed7da8c,2026-04-17 22:17:34,2026-04-18,2026-04-19,0
ck_531e8e6ac81b82d6,2026-03-26 21:50:34,2026-04-18,2026-04-19,0
ck_0b50083b9ba210be,2026-04-16 18:12:03,2026-04-18,2026-04-19,0
ck_2e01122ea3b7b287,2026-02-06 09:16:57,2026-04-18,2026-04-19,0
ck_eccd1a6ee878c170,2026-01-07 15:21:57,2026-04-18,2026-04-19,0
ck_116ac0c45cef5058,2025-12-17 20:12:47,2026-04-18,2026-04-19,0
ck_e8f8074479ce61c1,2025-10-06 01:17:27,2026-04-18,2026-04-19,0
ck_3bdbc44a5e3580a1,2025-10-29 06:18:26,2026-04-18,2026-04-19,0
ck_78531fdd628c8fd0,2026-01-22 11:32:33,2026-04-18,2026-04-19,0
ck_cc33a9b4f6674fda,2026-03-19 11:43:23,2026-04-18,2026-04-19,0
ck_2c02b9f2d979a838,2026-04-17 15:55:30,2026-04-18,2026-04-19,1
ck_daa022b230eb5533,2026-04-16 12:44:17,2026-04-18,2026-04-19,0
ck_a9717ff36135b2f4,2026-02-15 22:51:43,2026-04-18,2026-04-19,0
ck_b793c195c5fd3e2d,2025-12-22 09:30:53,2026-04-18,2026-04-19,0
ck_b71dbd77506c3531,2026-04-17 08:15:48,2026-04-18,2026-04-19,0
ck_fced98cc43240540,2026-02-16 14:24:08,2026-04-18,2026-04-19,0
ck_0b63618f6fd5745b,2025-11-26 03:43:43,2026-04-18,2026-04-19,0
ck_fc984c02ead6f6ef,2025-07-17 15:05:34,2026-04-18,2026-04-19,0
ck_ea37b84b16e8cfcd,2026-03-01 10:47:16,2026-04-18,2026-04-19,0
ck_309940428cc2554f,2026-03-23 16:30:09,2026-04-18,2026-04-19,0
ck_95ea6dd0702fde8a,2026-03-17 15:08:24,2026-04-18,2026-04-19,0
ck_6d78cf4b47b8a333,2026-03-20 08:15:54,2026-04-18,2026-04-19,0
ck_5150667372b3431f,2026-04-17 07:37:04,2026-04-18,2026-04-19,0
ck_89282f767375a959,2025-11-23 22:44:30,2026-04-18,2026-04-19,0
ck_291004c88fd09a33,2025-08-24 23:54:35,2026-04-18,2026-04-19,0
ck_c1f6c5a502ab2ea7,2026-03-24 11:42:37,2026-04-18,2026-04-19,0
ck_c80cabc9fa755c87,2026-04-17 17:47:20,2026-04-18,2026-04-19,0
ck_4d3eed4d59e51c96,2026-01-11 08:14:07,2026-04-18,2026-04-19,0
ck_415ce4d2af4ea33d,2026-03-24 14:55:19,2026-04-18,2026-04-19,0
ck_a703519cd60a30e7,2026-01-29 04:42:17,2026-04-18,2026-04-19,0
ck_f8b586652a82821b,2026-02-17 05:13:26,2026-04-18,2026-04-19,0
ck_16047881a2f816e8,2026-04-17 04:34:44,2026-04-18,2026-04-19,1
ck_3c3f66e641f76914,2025-12-25 23:41:45,2026-04-18,2026-04-19,0
ck_3f344dda6267b0c2,2026-04-14 14:52:27,2026-04-18,2026-04-19,0
ck_31448876671e5522,2026-01-06 20:07:40,2026-04-18,2026-04-19,0
ck_836cda523961f302,2025-12-16 01:58:24,2026-04-18,2026-04-19,0
ck_56b95c7f8277d860,2026-03-30 10:01:44,2026-04-18,2026-04-19,0
ck_56dfa6742b800abb,2026-04-15 03:46:50,2026-04-18,2026-04-19,0
ck_ba76f1c5c6c8e95d,2025-10-24 00:56:57,2026-04-18,2026-04-19,0
ck_df69102ffc4f8686,2026-04-17 15:29:19,2026-04-18,2026-04-19,1
ck_bd640f354644c84d,2025-11-14 21:35:45,2026-04-18,2026-04-19,0
ck_d471fccb1d48c891,2026-03-07 10:22:05,2026-04-18,2026-04-19,0
ck_9b6c253b10c48446,2026-03-10 05:09:38,2026-04-18,2026-04-19,0
ck_a7ef7b529d0a5ec8,2026-02-09 11:02:03,2026-04-18,2026-04-19,0
ck_1786275d4d6fe03d,2025-11-30 15:13:34,2026-04-18,2026-04-19,0
ck_87277ca8d7a9eaa0,2026-02-10 04:36:33,2026-04-18,2026-04-19,0
ck_144793b4c7aa021c,2025-12-10 08:24:48,2026-04-18,2026-04-19,0
ck_a0f40b106fbf42e9,2025-12-29 09:11:18,2026-04-18,2026-04-19,0
ck_d8a84678c64e9250,2026-04-01 19:19:58,2026-04-18,2026-04-19,0
ck_a1829c665e34486d,2026-02-24 00:00:37,2026-04-18,2026-04-19,0
ck_73fb125d4122f37e,2026-04-17 15:35:30,2026-04-18,2026-04-19,0
ck_78b6e87b441314f0,2026-04-17 05:53:59,2026-04-18,2026-04-19,0
ck_4b54b41ffb0e12e1,2025-11-30 15:21:09,2026-04-18,2026-04-19,0
ck_ef88d56527bfc6ec,2025-11-15 16:03:30,2026-04-18,2026-04-19,1
ck_a259804dccdd770d,2026-03-30 23:24:12,2026-04-18,2026-04-19,0
ck_0877ed476859b042,2026-01-26 12:18:44,2026-04-18,2026-04-19,0
ck_e5b58a66a39a22f6,2026-04-17 19:01:13,2026-04-18,2026-04-19,0
ck_bddcc9081bc8c819,2026-01-27 13:01:23,2026-04-18,2026-04-19,0
ck_4a35437a91457b9f,2026-04-16 23:27:40,2026-04-18,2026-04-19,1
ck_d497eb1bdb2c8b36,2026-04-16 05:39:38,2026-04-18,2026-04-19,0
ck_251d640d3b1c573b,2025-11-06 10:22:25,2026-04-18,2026-04-19,0
ck_e0232d4c7cc6b0b2,2026-03-10 19:19:43,2026-04-18,2026-04-19,0
ck_ed1f608ace9cd559,2026-04-02 05:01:03,2026-04-18,2026-04-19,0
ck_1b9d12a06d0d1867,2026-04-04 16:50:09,2026-04-18,2026-04-19,0
ck_01d563a6a5518324,2026-04-17 20:43:16,2026-04-18,2026-04-19,0
ck_76f9036807d81e30,2026-03-19 22:47:02,2026-04-18,2026-04-19,0
ck_17b4141a970988c1,2025-12-29 16:20:39,2026-04-18,2026-04-19,0
ck_5390966a755f55d5,2026-03-28 16:33:13,2026-04-18,2026-04-19,0
ck_1d697400f53622e0,2026-03-03 03:49:15,2026-04-18,2026-04-19,0
ck_d7f9fbaf89b4ef6a,2026-04-15 22:47:43,2026-04-18,2026-04-19,1
ck_f89ba9637a1a118d,2026-03-01 09:29:34,2026-04-18,2026-04-19,0
ck_6c71e0c734254713,2026-04-17 03:01:03,2026-04-18,2026-04-19,1
ck_24dab913cce26186,2025-08-04 07:35:09,2026-04-18,2026-04-19,0
ck_1416b6d07c0d4029,2026-02-17 13:02:29,2026-04-18,2026-04-19,0
ck_3928916746e8484b,2025-12-13 14:52:40,2026-04-18,2026-04-19,0
ck_784d2e6360121c65,2026-04-17 16:12:48,2026-04-18,2026-04-19,0
ck_41454909da072be0,2026-04-13 20:21:39,2026-04-18,2026-04-19,0
ck_d108f3992341fd58,2026-03-16 03:58:07,2026-04-18,2026-04-19,0
ck_8cb65f3448a09f89,2026-04-17 08:43:53,2026-04-18,2026-04-19,0
ck_9c9604af8b0bd5fc,2026-03-18 00:06:01,2026-04-18,2026-04-19,1
ck_74a189fc8b35950a,2026-04-17 17:39:29,2026-04-18,2026-04-19,0
ck_45b7e32346184295,2026-02-16 03:53:45,2026-04-18,2026-04-19,0
ck_756dbfaf8393c0c7,2026-02-09 03:39:53,2026-04-18,2026-04-19,0
ck_a2da8451b556d8b8,2026-04-17 21:37:21,2026-04-18,2026-04-19,0
ck_d76f72d71ee83952,2026-03-21 15:51:11,2026-04-18,2026-04-19,0
ck_15f6d0c48e385805,2026-04-16 09:43:32,2026-04-18,2026-04-19,1
ck_15152e503a6435e7,2026-02-03 23:07:02,2026-04-18,2026-04-19,0
ck_238a78128252869b,2026-04-17 00:55:37,2026-04-19,2026-04-20,0
ck_173e42f9167e7f7e,2026-03-04 18:33:33,2026-04-19,2026-04-20,0
ck_3664ad57291f8f90,2026-04-05 20:31:31,2026-04-19,2026-04-20,0
ck_1fe61d7369c5853c,2026-04-03 05:31:54,2026-04-19,2026-04-20,0
ck_40714b4e9d67567f,2026-02-06 05:40:04,2026-04-19,2026-04-20,0
ck_bb30266469ecc180,2026-04-18 13:42:16,2026-04-19,2026-04-20,0
ck_e56b5c9e17af9164,2025-12-12 02:17:42,2026-04-19,2026-04-20,0
ck_d378860102bbeba9,2026-03-10 00:38:58,2026-04-19,2026-04-20,1
ck_1eb975f7134bd124,2025-12-22 20:58:19,2026-04-19,2026-04-20,0
ck_b1c22758aae2ee4d,2026-01-22 15:35:23,2026-04-19,2026-04-20,0
ck_78f89569f8234908,2025-09-27 05:01:59,2026-04-19,2026-04-20,0
ck_725c75a4728e4743,2026-02-01 16:36:49,2026-04-19,2026-04-20,0
ck_ed249dea99b29678,2026-04-16 14:23:57,2026-04-19,2026-04-20,0
ck_06e30efcb89eb19f,2026-04-18 11:03:23,2026-04-19,2026-04-20,0
ck_3518d2f523fb2651,2026-04-17 23:03:10,2026-04-19,2026-04-20,0
ck_f73eb321e8d0d973,2026-04-18 18:53:23,2026-04-19,2026-04-20,0
ck_323fb90f8f1bb402,2026-03-24 01:17:44,2026-04-19,2026-04-20,0
ck_0edc6a63a9a7c55b,2026-02-02 10:22:30,2026-04-19,2026-04-20,0
ck_4f7147d613a0cc1c,2026-01-19 22:53:42,2026-04-19,2026-04-20,0
ck_8cc1b54cfa7d6394,2025-12-28 12:21:29,2026-04-19,2026-04-20,0
ck_0e4c69f5e556f4dc,2025-12-13 16:54:55,2026-04-19,2026-04-20,0
ck_75308987582f992e,2026-04-18 11:47:05,2026-04-19,2026-04-20,0
ck_42ab1b544c03cad2,2026-04-16 06:31:21,2026-04-19,2026-04-20,0
ck_8152fa6f46ad74ee,2026-02-22 10:37:16,2026-04-19,2026-04-20,0
ck_c2849915412ff0dc,2026-04-18 18:51:34,2026-04-19,2026-04-20,0
ck_a59ea2756253b61e,2026-03-20 10:07:17,2026-04-19,2026-04-20,0
ck_ae40fa0f032ac089,2026-03-16 04:10:41,2026-04-19,2026-04-20,0
ck_5fee27f028094a0e,2026-03-13 06:59:06,2026-04-19,2026-04-20,0
ck_108cce31dfaa8e1b,2025-12-26 02:18:02,2026-04-19,2026-04-20,0
ck_230a1f32747216c9,2025-12-09 10:44:16,2026-04-19,2026-04-20,0
ck_51c5dce8530b9c52,2026-02-23 18:19:01,2026-04-19,2026-04-20,0
ck_8d2db609a22dcf26,2026-01-31 22:40:43,2026-04-19,2026-04-20,0
ck_c9d37aaa1ccebf67,2026-02-01 11:30:11,2026-04-19,2026-04-20,0
ck_aae21681a09ebf47,2026-04-15 14:33:23,2026-04-19,2026-04-20,1
ck_202705881e64a702,2026-03-01 05:13:25,2026-04-19,2026-04-20,0
ck_86ffdd95d91d7ff0,2025-10-28 03:23:14,2026-04-19,2026-04-20,0
ck_612f03e9cd1abf90,2026-02-22 07:37:56,2026-04-19,2026-04-20,0
ck_21ff53e7194a31cb,2026-04-18 21:19:51,2026-04-19,2026-04-20,0
ck_431953e2c1f9c04c,2026-01-07 15:40:38,2026-04-19,2026-04-20,0
ck_69f0bb204be990fb,2026-03-22 14:17:45,2026-04-19,2026-04-20,0
ck_7a458ab8d439efd9,2026-04-08 08:32:32,2026-04-19,2026-04-20,0
ck_1e42b8ec4d4f45c5,2026-02-05 16:05:54,2026-04-19,2026-04-20,0
ck_870b6e30acc6ece0,2026-02-01 17:54:01,2026-04-19,2026-04-20,0
ck_c7d428355ba46241,2025-12-10 13:45:46,2026-04-19,2026-04-20,0
ck_248ddba0f3cf3571,2026-01-15 05:27:10,2026-04-19,2026-04-20,0
ck_08e552ff401d372d,2026-03-01 04:33:31,2026-04-19,2026-04-20,0
ck_55b99ec4198ea1d4,2026-03-13 17:49:27,2026-04-19,2026-04-20,0
ck_1e9cd9b3505a22c4,2026-02-04 10:43:01,2026-04-19,2026-04-20,0
ck_edd7da01578fe492,2026-04-18 04:54:21,2026-04-19,2026-04-20,1
ck_6fdf690ee5255e22,2026-02-04 08:02:41,2026-04-19,2026-04-20,0
ck_0930f062b1a448c0,2025-10-18 00:53:34,2026-04-19,2026-04-20,1
ck_2f323405d1cc63bc,2026-04-18 10:55:42,2026-04-19,2026-04-20,1
ck_1226e788ef2a15f7,2025-12-17 16:54:22,2026-04-19,2026-04-20,1
ck_5ba826202756d1a4,2026-02-26 16:40:35,2026-04-19,2026-04-20,0
ck_e97a9e9a0fd4dc8b,2026-04-17 00:15:01,2026-04-19,2026-04-20,0
ck_efdd9a438df50bde,2026-04-18 00:33:02,2026-04-19,2026-04-20,1
ck_1613e665629dbef5,2026-02-26 13:58:41,2026-04-19,2026-04-20,0
ck_a2c4d167228528f0,2026-02-05 09:52:20,2026-04-19,2026-04-20,0
ck_9323822ebb878677,2025-11-08 12:27:40,2026-04-19,2026-04-20,0
ck_1c576a005ecbc36d,2026-04-16 06:18:17,2026-04-19,2026-04-20,0
ck_dc613cf6974ca95a,2025-07-22 15:02:45,2026-04-19,2026-04-20,0
ck_e0ec902b9e9ce693,2026-04-18 07:28:39,2026-04-19,2026-04-20,1
ck_5c22c5ccbdd6edf3,2026-01-21 22:11:24,2026-04-19,2026-04-20,0
ck_14be5292df14bdcc,2026-01-08 08:16:01,2026-04-19,2026-04-20,0
ck_5b4c2cecc042e4af,2026-02-27 02:19:25,2026-04-19,2026-04-20,0
ck_154272eb3de4cc96,2026-04-13 09:12:25,2026-04-19,2026-04-20,0
ck_2488a0ac4cd3625f,2026-04-18 12:12:29,2026-04-19,2026-04-20,0
ck_ce684cd97f9d0436,2025-10-16 10:43:16,2026-04-19,2026-04-20,0
ck_326a00f47fa275ad,2026-04-17 09:32:35,2026-04-19,2026-04-20,0
ck_5fdf4fe2c4cd3836,2025-12-11 10:09:58,2026-04-19,2026-04-20,0
ck_7300d219df06f58a,2026-04-18 20:22:09,2026-04-19,2026-04-20,0
ck_67600b58541da557,2026-04-18 02:05:57,2026-04-19,2026-04-20,1
ck_3d651fb51d601c7f,2025-10-29 15:11:13,2026-04-19,2026-04-20,0
ck_ad0bd2e17249de4a,2025-11-24 07:25:50,2026-04-19,2026-04-20,0
ck_a00b51c32ee5dec4,2025-11-16 05:47:07,2026-04-19,2026-04-20,0
ck_5dd4fc86e1dac54c,2026-02-16 10:24:51,2026-04-19,2026-04-20,0
ck_968637c225e44882,2026-02-03 20:07:31,2026-04-19,2026-04-20,0
ck_8c02cae731a1d1f1,2025-09-20 02:42:55,2026-04-19,2026-04-20,0
ck_f4ba06f2953ff572,2026-02-26 00:08:15,2026-04-19,2026-04-20,0
ck_18090ffba80e7341,2025-12-28 03:22:37,2026-04-19,2026-04-20,0
ck_9796c0809d909a50,2026-03-14 04:10:13,2026-04-19,2026-04-20,0
ck_9977f39dd0e0c8e2,2025-10-22 06:42:02,2026-04-19,2026-04-20,0
ck_92f56e4810e08b94,2026-01-18 12:43:59,2026-04-19,2026-04-20,0
ck_32561535d04851e9,2026-03-09 18:42:21,2026-04-19,2026-04-20,0
ck_3145189a04191e07,2026-02-10 11:38:54,2026-04-19,2026-04-20,0
ck_330dc185d4cfe4ad,2026-01-28 09:41:43,2026-04-19,2026-04-20,0
ck_28ed5d7c07cfb8cf,2025-12-30 07:37:37,2026-04-19,2026-04-20,0
ck_bc38b0f3286eee65,2026-03-10 14:58:22,2026-04-19,2026-04-20,0
ck_8a561821b0bb536b,2026-01-11 03:25:52,2026-04-19,2026-04-20,0
ck_cfeee4016f167cce,2026-01-04 21:34:27,2026-04-19,2026-04-20,0
ck_a32faa2630e5dc0a,2025-12-31 12:05:15,2026-04-19,2026-04-20,0
ck_7494857205d3b1bd,2026-02-23 16:39:47,2026-04-19,2026-04-20,0
ck_66124867c75b6a86,2026-04-18 10:54:56,2026-04-19,2026-04-20,1
ck_7841e5ea9515dc9e,2026-04-09 09:00:17,2026-04-19,2026-04-20,0
ck_daf7e1fd3d95f5af,2026-03-09 04:02:42,2026-04-19,2026-04-20,0
ck_f119dc375ff71e50,2026-04-18 02:47:41,2026-04-19,2026-04-20,0
ck_ebe6e0a16de1f029,2025-10-25 13:04:48,2026-04-19,2026-04-20,0
ck_12baefd1039fd7d3,2025-11-20 07:11:02,2026-04-19,2026-04-20,0
ck_93d03417f4f2cfd7,2025-12-19 16:33:29,2026-04-19,2026-04-20,0
ck_7dbb514513a313da,2026-03-22 21:55:28,2026-04-19,2026-04-20,0
ck_e42e95c0167b667a,2026-04-18 11:18:41,2026-04-19,2026-04-20,0
ck_7f0d6f48a8a3f4dd,2026-01-31 17:40:06,2026-04-19,2026-04-20,0
ck_41b16a01e47461e3,2026-01-29 01:39:07,2026-04-19,2026-04-20,0
ck_e18b54463dca4c02,2026-03-11 19:18:10,2026-04-19,2026-04-20,0
ck_2c5cfa809f22dcda,2026-01-17 11:39:00,2026-04-19,2026-04-20,0
ck_608053ee70783e0b,2026-03-05 11:52:53,2026-04-19,2026-04-20,0
ck_118c858c074b72ae,2025-11-30 04:49:02,2026-04-19,2026-04-20,0
ck_dca0d01e25c6e274,2026-02-27 02:19:21,2026-04-19,2026-04-20,0
ck_6c62119630a2a827,2026-02-01 01:08:22,2026-04-19,2026-04-20,0
ck_7bc0ebe1cb529b67,2026-04-17 11:33:08,2026-04-19,2026-04-20,0
ck_b48bc88b905b2486,2026-04-17 23:02:40,2026-04-19,2026-04-20,0
ck_0d008455d7b2f83c,2026-01-21 07:37:03,2026-04-19,2026-04-20,0
ck_03d8ef3acfa4db47,2026-04-17 07:00:51,2026-04-19,2026-04-20,0
ck_a953b179e252e1be,2026-04-15 22:34:34,2026-04-19,2026-04-20,0
ck_c73cde870a65af3f,2026-03-15 14:26:45,2026-04-19,2026-04-20,0
ck_3ba28ec3de8e3db8,2025-12-24 00:23:54,2026-04-19,2026-04-20,0
ck_1c27fd7cb04ff01e,2026-04-17 06:05:00,2026-04-19,2026-04-20,0
ck_8742cccecb4064f4,2025-11-19 23:04:05,2026-04-19,2026-04-20,0
ck_2bb512b98c5c8599,2026-04-16 13:29:17,2026-04-19,2026-04-20,0
ck_3eeb9276ff4ac9cb,2026-03-11 05:43:07,2026-04-19,2026-04-20,0
ck_75049423ea12a4c3,2026-04-13 20:19:08,2026-04-19,2026-04-20,0
ck_f2ebd07071f53290,2026-01-25 05:11:05,2026-04-19,2026-04-20,0
ck_7b4a05b323da895d,2026-04-18 02:49:30,2026-04-19,2026-04-20,0
ck_7002254c89013b10,2026-03-01 05:25:20,2026-04-19,2026-04-20,0
ck_2e896ba59a7975a2,2026-02-27 03:49:31,2026-04-19,2026-04-20,0
ck_07d8bea9a02d13dc,2025-12-16 10:59:45,2026-04-19,2026-04-20,0
ck_ddafaa7caa2fb676,2026-04-12 18:44:07,2026-04-19,2026-04-20,0
ck_8e3ae0718078f385,2026-02-15 02:18:45,2026-04-19,2026-04-20,0
ck_6ea8c40e1eebc3b3,2026-01-25 18:12:29,2026-04-19,2026-04-20,0
ck_67e7da8fcd75842e,2026-02-10 10:02:48,2026-04-19,2026-04-20,0
ck_2ed7cf7886d28386,2026-03-13 17:34:01,2026-04-19,2026-04-20,0
ck_4aa73e387fc2bf77,2025-12-21 03:59:51,2026-04-19,2026-04-20,0
ck_e5286d8941e5c3f2,2026-01-27 12:52:09,2026-04-19,2026-04-20,0
ck_3b5daa5a0ef094a3,2026-01-28 19:51:27,2026-04-19,2026-04-20,0
ck_1430d5ee8b07ab72,2026-04-18 10:02:00,2026-04-19,2026-04-20,0
ck_d48754ee04f5eb36,2026-03-20 07:43:40,2026-04-19,2026-04-20,0
ck_1f14da2bd96b78b2,2026-04-18 14:48:43,2026-04-19,2026-04-20,0
ck_8bcec0b37a7f01cd,2026-02-25 20:11:35,2026-04-19,2026-04-20,0
ck_071c60dfd9a34f12,2026-02-07 18:54:32,2026-04-19,2026-04-20,0
ck_c8b0dc97a628dae0,2026-01-21 04:31:02,2026-04-19,2026-04-20,1
ck_2142fe1546125af4,2026-02-02 14:25:05,2026-04-19,2026-04-20,0
ck_b6e8643f8e4cb9ee,2025-11-29 13:44:00,2026-04-19,2026-04-20,0
ck_913894e1c8583d02,2026-03-29 23:51:45,2026-04-19,2026-04-20,0
ck_cf861b32a244668e,2026-04-18 18:57:49,2026-04-19,2026-04-20,0
ck_0ccff3e9384d0925,2025-12-07 00:34:19,2026-04-19,2026-04-20,0
ck_52ce44d01366cff9,2026-04-18 02:17:47,2026-04-19,2026-04-20,0
ck_59fe9f9ceb46042a,2025-12-20 03:33:54,2026-04-19,2026-04-20,0
ck_e200f3df4b088a74,2026-01-12 04:44:03,2026-04-19,2026-04-20,0
ck_0f33b60f1fef0db5,2026-04-17 07:50:07,2026-04-19,2026-04-20,0
ck_fb4396c13741e638,2026-01-03 20:01:04,2026-04-19,2026-04-20,0
ck_5cae73cabfa3f6a3,2025-10-18 00:50:40,2026-04-19,2026-04-20,0
ck_0d9a1aa6292cb74e,2026-04-17 03:26:56,2026-04-19,2026-04-20,0
ck_55a0a9628567d236,2026-01-21 03:37:34,2026-04-19,2026-04-20,0
ck_da3377bde2ec9194,2026-04-18 11:36:45,2026-04-19,2026-04-20,0
ck_1b2b5a7321fd96e4,2026-01-10 23:46:25,2026-04-19,2026-04-20,0
ck_9045354f00e92239,2025-10-11 20:30:05,2026-04-19,2026-04-20,0
ck_418e41e2226c7245,2026-01-31 20:27:13,2026-04-19,2026-04-20,0
ck_d5e51a083a0ef3a3,2025-12-15 06:52:41,2026-04-19,2026-04-20,0
ck_586ea27f63bb11f3,2026-02-18 16:32:43,2026-04-19,2026-04-20,0
ck_27ec22b644e3b430,2026-04-16 13:38:06,2026-04-19,2026-04-20,0
ck_7d0df440124c93d1,2026-03-11 11:08:54,2026-04-19,2026-04-20,0
ck_4198d5c61b7609a8,2025-07-09 17:34:19,2026-04-19,2026-04-20,0
ck_17d7081cec0454a5,2026-04-18 16:55:45,2026-04-19,2026-04-20,0
ck_c11d29713f77849e,2026-04-18 16:18:57,2026-04-19,2026-04-20,0
ck_fe895a6d092c2065,2026-04-17 17:20:47,2026-04-19,2026-04-20,0
ck_a3b0d066ad2a58f7,2025-11-20 13:11:31,2026-04-19,2026-04-20,0
ck_a15d43e4067b9799,2026-02-06 00:32:06,2026-04-19,2026-04-20,0
ck_ef22893df0531817,2026-03-12 01:25:13,2026-04-19,2026-04-20,0
ck_480e28987b5372ee,2026-02-05 18:42:22,2026-04-19,2026-04-20,0
ck_0840ca2f4e5d1c4d,2026-03-06 05:11:07,2026-04-19,2026-04-20,0
ck_91f8b7f8353475f9,2026-01-02 15:10:07,2026-04-19,2026-04-20,0
ck_b7b4f4561a6911a0,2026-04-17 14:37:35,2026-04-19,2026-04-20,0
ck_321397933afbca12,2025-11-06 05:35:51,2026-04-19,2026-04-20,0
ck_cd73b9d5f37c8458,2026-01-27 23:42:03,2026-04-19,2026-04-20,0
ck_f5a5cbfaf103b1aa,2026-02-28 09:05:37,2026-04-19,2026-04-20,0
ck_58b51195befdc90a,2026-02-17 10:19:33,2026-04-19,2026-04-20,0
ck_d433646aef1529b5,2026-02-25 19:48:11,2026-04-19,2026-04-20,0
ck_b9079f51903432fd,2025-11-10 00:16:23,2026-04-19,2026-04-20,0
ck_638e61d382989385,2025-12-06 10:22:50,2026-04-19,2026-04-20,0
ck_b2322a25b900f8ef,2026-04-18 15:46:15,2026-04-19,2026-04-20,0
ck_5764b25b905ede53,2026-04-06 13:23:20,2026-04-19,2026-04-20,0
ck_876a7a578958e869,2026-03-02 18:30:07,2026-04-19,2026-04-20,0
ck_8966dda4bb044c2f,2025-11-29 00:57:39,2026-04-19,2026-04-20,0
ck_1bbc809e02fba4b0,2026-04-17 17:39:44,2026-04-19,2026-04-20,0
ck_3d9785858a23d82d,2026-03-16 16:57:21,2026-04-19,2026-04-20,0
ck_8c493437b8dddde9,2025-12-18 21:02:52,2026-04-19,2026-04-20,0
ck_291365116dbcfc0c,2026-03-18 07:58:56,2026-04-19,2026-04-20,0
ck_4d6b07854c1cea1e,2025-11-26 01:37:36,2026-04-19,2026-04-20,0
ck_92c7ba0f8b84e77e,2026-02-05 16:18:53,2026-04-19,2026-04-20,0
ck_095f57b9b97523db,2025-12-31 06:33:00,2026-04-19,2026-04-20,0
ck_323c5c672cc5e926,2026-04-18 13:59:28,2026-04-19,2026-04-20,1
ck_a91800f9f4863561,2025-08-27 18:17:52,2026-04-19,2026-04-20,0
ck_69605007a275459d,2026-04-17 01:44:35,2026-04-19,2026-04-20,0
ck_2559423f37360ac7,2026-01-01 19:52:22,2026-04-19,2026-04-20,0
ck_606bdf9c18b3855d,2026-03-20 10:42:03,2026-04-19,2026-04-20,0
ck_0e5644b6f202c28a,2026-04-12 06:14:51,2026-04-19,2026-04-20,0
ck_bac5845c0e1bf07b,2026-04-17 23:24:28,2026-04-19,2026-04-20,0
ck_0dde5773b7b8126f,2026-01-04 05:37:22,2026-04-19,2026-04-20,0
ck_be1fd29bc93c82e7,2025-12-09 07:21:08,2026-04-19,2026-04-20,0
ck_a4e449ced1212469,2026-03-13 18:40:58,2026-04-19,2026-04-20,0
ck_41200b7ca64be6a7,2026-03-03 08:45:30,2026-04-19,2026-04-20,0
ck_a4a8f0fc98137e11,2025-09-22 00:52:53,2026-04-19,2026-04-20,0
ck_4cd870d1657502a2,2025-11-13 05:39:34,2026-04-19,2026-04-20,0
ck_a5ecad1081bef1e8,2026-03-28 06:22:27,2026-04-19,2026-04-20,0
ck_b46082699a9c9b8e,2026-03-16 08:40:47,2026-04-19,2026-04-20,1
ck_31a17ea420d4644c,2026-03-21 03:05:35,2026-04-19,2026-04-20,0
ck_5202bd69a13fbbc0,2026-04-18 17:57:56,2026-04-19,2026-04-20,1
ck_de7266086ff18a46,2026-01-09 23:27:29,2026-04-19,2026-04-20,0
ck_1eb31ea5200408ba,2026-02-16 05:21:32,2026-04-19,2026-04-20,0
ck_90f36656e3e0a023,2025-12-21 03:50:16,2026-04-19,2026-04-20,0
ck_4895b4794d6e6b31,2026-03-29 12:51:27,2026-04-19,2026-04-20,0
ck_e6028b20bd70c113,2026-04-17 23:30:54,2026-04-19,2026-04-20,0
ck_e958e226a6b8e6dd,2025-12-19 01:28:41,2026-04-19,2026-04-20,0
ck_d44aeaea11262214,2026-04-18 02:11:56,2026-04-19,2026-04-20,1
ck_4524b4f505007ad5,2026-01-10 03:47:13,2026-04-19,2026-04-20,0
ck_104197a3da290530,2025-11-15 16:37:25,2026-04-19,2026-04-20,0
ck_e8c414210ac8ee9d,2026-01-15 02:54:29,2026-04-19,2026-04-20,0
ck_e14e021a2a607abf,2026-03-23 04:34:32,2026-04-19,2026-04-20,0
ck_d3f2bd60ab640e8d,2025-12-30 21:39:45,2026-04-19,2026-04-20,0
ck_ec3d5d188e009f6b,2026-03-27 10:12:31,2026-04-19,2026-04-20,0
ck_f75a0bd5a0f8735f,2026-02-18 12:18:17,2026-04-19,2026-04-20,0
ck_ca4a8e9b76066085,2026-04-05 08:37:44,2026-04-19,2026-04-20,0
ck_8cac146a01259b11,2026-04-18 20:28:06,2026-04-19,2026-04-20,0
ck_544fbcf79e931047,2026-03-17 19:42:28,2026-04-19,2026-04-20,0
ck_6c1c8ec514f9c037,2026-04-18 04:01:37,2026-04-19,2026-04-20,0
ck_76bfae2efb2f2f96,2025-10-05 00:49:58,2026-04-19,2026-04-20,0
ck_3170b36dc6c45996,2026-02-25 00:55:56,2026-04-19,2026-04-20,0
ck_bd799cc37c580461,2026-03-05 10:18:12,2026-04-19,2026-04-20,0
ck_de234c3690213c7e,2026-02-05 20:37:51,2026-04-19,2026-04-20,0
ck_4b1cfc9cb57c5552,2026-04-18 19:58:44,2026-04-19,2026-04-20,0
ck_33cc85eec07bf452,2026-02-14 08:07:15,2026-04-19,2026-04-20,0
ck_2a238ec6dbc3face,2025-12-21 04:06:41,2026-04-19,2026-04-20,0
ck_ed57ddfe616f006b,2026-01-21 11:10:10,2026-04-19,2026-04-20,0
ck_0df4375267d4944c,2026-03-02 20:06:18,2026-04-19,2026-04-20,0
ck_b7723df36e960e88,2025-09-05 16:31:38,2026-04-19,2026-04-20,0
ck_4c8f7c441a9527b6,2025-12-05 15:32:54,2026-04-19,2026-04-20,1
ck_4cafa4a6f2459c50,2025-12-11 18:48:16,2026-04-19,2026-04-20,0
ck_a03514f5252db85d,2025-12-25 00:21:32,2026-04-19,2026-04-20,0
ck_3605e05ea6fee2e7,2026-04-18 06:48:22,2026-04-19,2026-04-20,0
ck_974f7840f01e6f9a,2026-03-25 20:16:06,2026-04-19,2026-04-20,0
ck_b75b92a1db8baee2,2026-02-28 17:32:55,2026-04-19,2026-04-20,0
ck_8e9458586082c582,2026-04-18 22:45:04,2026-04-19,2026-04-20,0
ck_45db7638117b4664,2026-04-05 03:34:56,2026-04-19,2026-04-20,0
ck_1b2588f69b7929c7,2026-04-17 19:33:15,2026-04-19,2026-04-20,0
ck_da7072680037efaa,2026-02-07 13:53:37,2026-04-19,2026-04-20,0
ck_a829e7ac527dc255,2025-11-28 09:49:28,2026-04-19,2026-04-20,0
ck_f20c24996cc80424,2026-01-21 16:18:20,2026-04-19,2026-04-20,0
ck_032f6ea21bcc44d6,2026-01-05 05:24:38,2026-04-19,2026-04-20,0
ck_609a7d1219e47cde,2026-02-14 11:23:21,2026-04-19,2026-04-20,0
ck_6afd3bc7810942af,2026-03-21 12:57:41,2026-04-19,2026-04-20,0
ck_fcd3e15fb5e0f9dc,2026-04-18 15:45:13,2026-04-19,2026-04-20,0
ck_c8d207742181c5d8,2026-01-22 15:07:39,2026-04-19,2026-04-20,0
ck_434870b8a67a8426,2026-01-22 04:07:33,2026-04-19,2026-04-20,0
ck_26acc8be0bb9d8c0,2025-09-22 20:28:48,2026-04-19,2026-04-20,0
ck_dc9ce8cbd305926e,2025-12-15 16:16:23,2026-04-19,2026-04-20,0
ck_79f6ecd48a23545f,2026-03-29 07:57:18,2026-04-19,2026-04-20,0
ck_cf3c430f83e051cc,2025-07-01 06:21:13,2026-04-19,2026-04-20,0
ck_f089cb634e530baa,2026-04-18 03:19:33,2026-04-19,2026-04-20,1
ck_e89696fb084ebc89,2025-12-25 00:33:30,2026-04-19,2026-04-20,0
ck_16660a63b8b36641,2026-03-18 07:56:18,2026-04-19,2026-04-20,0
ck_d3b021c6f9cacb61,2026-01-28 01:26:56,2026-04-19,2026-04-20,0
ck_73dfdb6154749a39,2026-03-27 04:50:29,2026-04-19,2026-04-20,0
ck_6b44ca33e112b1d3,2026-04-18 00:38:47,2026-04-19,2026-04-20,0
ck_13a0fbe666761b49,2026-03-21 12:43:33,2026-04-19,2026-04-20,0
ck_a47df7b6b3b81be9,2026-01-18 11:15:31,2026-04-19,2026-04-20,0
ck_5a22cd36600db67f,2026-02-09 22:09:51,2026-04-19,2026-04-20,0
ck_442aeb8e214c1bb4,2025-11-01 02:08:50,2026-04-19,2026-04-20,0
ck_64e291a95b635809,2025-12-06 01:40:25,2026-04-19,2026-04-20,0
ck_e9ca0bfa99bb4d56,2026-04-15 07:48:02,2026-04-19,2026-04-20,0
ck_74f206fd77e110a3,2025-10-24 08:23:30,2026-04-19,2026-04-20,1
ck_a5a9ed09031d8db4,2026-02-04 02:15:59,2026-04-19,2026-04-20,0
ck_f5cc52e7b83bacde,2026-04-02 19:16:53,2026-04-19,2026-04-20,0
ck_ed00b4ec74ec187b,2025-12-29 23:29:08,2026-04-19,2026-04-20,0
ck_437dd1510f65fde7,2026-04-17 13:57:09,2026-04-19,2026-04-20,0
ck_6c82866bc3d6409c,2026-03-17 05:11:40,2026-04-19,2026-04-20,0
ck_1958ae3202415f42,2026-01-20 12:15:53,2026-04-19,2026-04-20,0
ck_1d6769d356177a03,2026-01-25 16:04:36,2026-04-19,2026-04-20,0
ck_4b1382d876753723,2026-01-31 09:13:03,2026-04-19,2026-04-20,0
ck_b797968fdb6088df,2025-11-27 08:01:10,2026-04-19,2026-04-20,0
ck_1e800a125db5b396,2025-10-23 18:01:58,2026-04-19,2026-04-20,0
ck_21e03894514ac61e,2026-04-14 22:05:50,2026-04-19,2026-04-20,0
ck_24676025d8c65648,2026-04-18 06:43:21,2026-04-19,2026-04-20,1
ck_428ac15f21d49bc1,2026-04-18 15:08:48,2026-04-19,2026-04-20,0
ck_eb390768db44c5c7,2026-02-07 12:56:53,2026-04-19,2026-04-20,0
ck_e4284e0a126035c4,2026-03-19 10:36:53,2026-04-19,2026-04-20,0
ck_7bfbcf7764be5f7d,2026-02-18 11:48:16,2026-04-19,2026-04-20,0
ck_ab529638ba0900f5,2026-04-15 02:44:33,2026-04-19,2026-04-20,0
ck_82b628e294128922,2025-10-15 05:51:20,2026-04-19,2026-04-20,0
ck_6e6f42cc85a02080,2026-02-15 15:13:59,2026-04-19,2026-04-20,0
ck_2bae2abbca3e3999,2026-04-17 13:30:11,2026-04-19,2026-04-20,1
ck_59fd76bf8d3ebd64,2026-02-03 01:23:08,2026-04-19,2026-04-20,0
ck_2452ea04726b8ae1,2026-03-02 22:28:04,2026-04-19,2026-04-20,0
ck_8d7ccaffcb1afaab,2026-01-13 23:32:49,2026-04-19,2026-04-20,0
ck_67b25e9084ebaaf8,2026-04-18 10:20:30,2026-04-19,2026-04-20,0
ck_6609220ada441d88,2026-04-18 02:13:44,2026-04-19,2026-04-20,0
ck_422577508eb774b8,2026-02-03 13:43:58,2026-04-19,2026-04-20,0
ck_10f7bc2278d1b312,2026-02-13 13:15:16,2026-04-19,2026-04-20,0
ck_113c87670a7040f7,2026-02-15 00:53:24,2026-04-19,2026-04-20,0
ck_f7100769b3c1a6c1,2026-03-14 17:31:51,2026-04-19,2026-04-20,0
ck_d1a55c8ae6f4e7ca,2025-11-24 09:46:36,2026-04-19,2026-04-20,0
ck_f3de4378280a7d52,2026-01-30 06:14:33,2026-04-19,2026-04-20,0
ck_2c86d0a3f92dd6f4,2026-01-02 04:58:49,2026-04-19,2026-04-20,0
ck_21895cf22ee983c2,2026-02-22 07:56:18,2026-04-19,2026-04-20,0
ck_05dcde033f6c4af6,2026-02-10 18:04:29,2026-04-19,2026-04-20,0
ck_e33d56cc7cd2a5bb,2025-08-13 07:16:34,2026-04-19,2026-04-20,0
ck_72b064149615efc0,2026-01-24 23:19:01,2026-04-19,2026-04-20,0
ck_0277e18e8035c722,2026-01-29 08:48:19,2026-04-19,2026-04-20,0
ck_876ed074cf7671c6,2026-03-04 10:16:52,2026-04-19,2026-04-20,0
ck_45e553e5b750a705,2026-01-09 06:58:17,2026-04-19,2026-04-20,0
ck_2572425dc385c19e,2026-03-06 05:46:12,2026-04-19,2026-04-20,1
ck_f0df511999cafa6d,2026-04-18 19:47:21,2026-04-19,2026-04-20,0
ck_3fd09b6dac70b370,2025-12-11 10:28:31,2026-04-19,2026-04-20,0
ck_f13e162bf329fb0d,2026-04-12 07:44:17,2026-04-19,2026-04-20,0
ck_72790968b89f5bbf,2026-02-11 18:54:28,2026-04-19,2026-04-20,0
ck_39ffaea293c60efb,2026-03-29 15:26:16,2026-04-19,2026-04-20,0
ck_1834c5d1393b83c5,2026-03-06 15:48:02,2026-04-19,2026-04-20,0
ck_210e8021b93a0c1d,2026-04-06 19:28:39,2026-04-19,2026-04-20,0
ck_5f91cd7554fd1274,2026-04-18 09:47:22,2026-04-19,2026-04-20,0
ck_72f100a3949846ab,2026-02-14 01:16:47,2026-04-19,2026-04-20,0
ck_fb19a747b1ca985f,2026-03-16 20:44:46,2026-04-19,2026-04-20,0
ck_071be00ec0cf7055,2025-12-18 21:18:19,2026-04-19,2026-04-20,0
ck_4427910222925d26,2026-04-18 15:19:07,2026-04-19,2026-04-20,0
ck_29b5d012ae8057dd,2026-02-22 21:03:03,2026-04-19,2026-04-20,0
ck_ec86c87ea3a8fe40,2025-10-15 19:21:41,2026-04-19,2026-04-20,0
ck_fa207ab2a0283947,2026-02-12 07:01:22,2026-04-19,2026-04-20,0
ck_2ac680dddacf0ee3,2026-03-31 09:49:10,2026-04-19,2026-04-20,0
ck_ea76c20f6a5ddf95,2026-04-16 07:13:56,2026-04-19,2026-04-20,0
ck_7ebb51fe91246cf5,2026-03-02 07:01:25,2026-04-19,2026-04-20,0
ck_213fcc239f67793e,2026-03-24 13:30:17,2026-04-19,2026-04-20,0
ck_abfe71734700d953,2026-02-26 02:02:46,2026-04-19,2026-04-20,0
ck_68e57b47691d4191,2026-03-16 13:09:05,2026-04-19,2026-04-20,0
ck_89888ef4cb5ab669,2026-04-05 14:25:52,2026-04-19,2026-04-20,0
ck_6a0a78f19df5ad9a,2026-03-25 19:05:59,2026-04-19,2026-04-20,1
ck_10d3cf78050de7bc,2026-04-17 23:56:32,2026-04-19,2026-04-20,0
ck_c17cc8f969e5ed23,2026-04-18 12:19:02,2026-04-19,2026-04-20,1
ck_4995b926cfe6019a,2025-11-30 10:12:49,2026-04-19,2026-04-20,0
ck_a5e35af1f3d2207b,2026-03-06 19:38:57,2026-04-19,2026-04-20,0
ck_6e9be1a2d0e537a1,2026-03-26 05:59:08,2026-04-19,2026-04-20,0
ck_a4fc6701eceed03e,2026-04-17 13:34:10,2026-04-19,2026-04-20,0
ck_02bec476a4f56ecc,2026-03-02 08:27:16,2026-04-19,2026-04-20,0
ck_fdcfdfd51aaa43d8,2026-04-17 21:11:38,2026-04-19,2026-04-20,0
ck_2ef350b471b298a2,2025-12-28 11:49:23,2026-04-19,2026-04-20,0
ck_4320e105cd53a0bb,2026-02-24 18:22:21,2026-04-19,2026-04-20,0
ck_09e4f2e529f494bf,2025-12-25 15:49:12,2026-04-19,2026-04-20,0
ck_2c310cbe904a50ef,2025-12-20 14:16:23,2026-04-19,2026-04-20,0
ck_7dfbd111aeb6b13d,2026-04-17 19:20:04,2026-04-19,2026-04-20,0
ck_d341613f15354fe7,2025-10-14 21:10:31,2026-04-19,2026-04-20,0
ck_8cd2f960812669cc,2026-03-19 00:29:59,2026-04-19,2026-04-20,0
ck_b2b9a278dbf2d288,2026-02-04 23:22:08,2026-04-19,2026-04-20,0
ck_6ddfe552d4c5e14d,2026-02-27 02:08:34,2026-04-19,2026-04-20,0
ck_667d6c87270e910f,2026-03-09 08:44:23,2026-04-19,2026-04-20,0
ck_248140e42866269f,2026-01-31 08:59:44,2026-04-19,2026-04-20,0
ck_a983a93664ce9ca0,2026-02-10 21:15:32,2026-04-19,2026-04-20,0
ck_c63ce85da5e415e9,2025-12-14 01:26:32,2026-04-19,2026-04-20,0
ck_bb4d83118519fc0d,2025-11-17 23:22:07,2026-04-19,2026-04-20,0
ck_cccd2bfced5710bb,2026-03-19 23:21:33,2026-04-19,2026-04-20,0
ck_81442c7b1ac58cf2,2026-04-17 19:51:25,2026-04-19,2026-04-20,1
ck_2c90cc902bd2b774,2026-01-11 16:47:08,2026-04-19,2026-04-20,0
ck_b35587a12ec43377,2026-03-19 10:59:36,2026-04-19,2026-04-20,0
ck_773fa184affa5680,2026-01-11 05:38:08,2026-04-19,2026-04-20,0
ck_8e05fcbf74ee164e,2025-12-23 17:26:06,2026-04-19,2026-04-20,0
ck_6a9a4713af1cb8bb,2026-04-03 18:16:08,2026-04-19,2026-04-20,0
ck_f93905ee30ed3657,2026-03-31 00:25:56,2026-04-19,2026-04-20,0
ck_d0278e10307410e3,2026-01-21 10:22:58,2026-04-19,2026-04-20,0
ck_7dd25c5cc12e8800,2026-01-06 11:30:48,2026-04-19,2026-04-20,0
ck_57d3f0ebb8fce433,2026-04-18 02:02:04,2026-04-19,2026-04-20,0
ck_82c3462ea50e842f,2026-04-08 17:11:50,2026-04-19,2026-04-20,0
ck_cfb71954aaa20eb2,2025-12-20 23:22:22,2026-04-19,2026-04-20,0
ck_20b362d85cee6758,2026-01-04 05:02:28,2026-04-19,2026-04-20,0
ck_97e6ba4c9e0519c5,2026-04-18 09:18:04,2026-04-19,2026-04-20,0
ck_bd65889c8bcedc62,2026-03-17 00:27:01,2026-04-19,2026-04-20,0
ck_62ac8fa182ef1689,2026-04-18 00:12:01,2026-04-19,2026-04-20,0
ck_2f5359fb0038d677,2026-02-05 19:09:09,2026-04-19,2026-04-20,0
ck_88565ff42dd172ff,2026-04-18 06:56:28,2026-04-19,2026-04-20,0
ck_395ab931cf8766c4,2025-11-27 10:40:48,2026-04-19,2026-04-20,0
ck_ee3117f9deda69af,2026-03-21 20:04:16,2026-04-19,2026-04-20,0
ck_45649ad031b5da3a,2025-10-05 00:30:12,2026-04-19,2026-04-20,0
ck_55f032d6cf18b6e5,2026-03-11 21:25:44,2026-04-19,2026-04-20,0
ck_552033fca89bb79e,2026-03-02 04:31:28,2026-04-19,2026-04-20,0
ck_a404abb0c58382a4,2026-02-14 04:47:49,2026-04-19,2026-04-20,0
ck_8be4011b99bce80b,2026-01-24 12:10:48,2026-04-19,2026-04-20,1
ck_86ad58aebf77b1c6,2026-04-17 06:24:28,2026-04-19,2026-04-20,0
ck_0fdd956021da2ec1,2026-04-16 21:50:32,2026-04-19,2026-04-20,1
ck_e0b028f6c17f31f6,2026-04-18 09:01:20,2026-04-19,2026-04-20,1
ck_5f34b09aca627e8e,2026-01-30 04:26:06,2026-04-19,2026-04-20,0
ck_a4255b9233c7d53d,2025-09-16 17:45:41,2026-04-19,2026-04-20,0
ck_08a3c8e8817c57fd,2025-06-19 19:29:38,2026-04-19,2026-04-20,0
ck_5614c3ccf41d4dac,2026-01-11 23:53:44,2026-04-19,2026-04-20,0
ck_bf26308585ce5fe6,2026-03-08 14:16:48,2026-04-19,2026-04-20,0
ck_b089e5e99aa8752e,2026-01-25 02:02:10,2026-04-19,2026-04-20,0
ck_62b440b2e08e4d18,2026-03-14 08:51:22,2026-04-19,2026-04-20,0
ck_a9cf7323c6d5971b,2026-01-06 20:44:20,2026-04-19,2026-04-20,0
ck_f4c1106cf15527aa,2025-12-17 10:14:51,2026-04-19,2026-04-20,0
ck_737a8386ea3fc093,2026-03-19 11:12:23,2026-04-19,2026-04-20,0
ck_187c4f4721cdecb8,2025-12-03 11:21:58,2026-04-19,2026-04-20,0
ck_062e451348cf832d,2026-04-16 16:32:09,2026-04-19,2026-04-20,0
ck_6a6d26b3ea549a15,2025-11-12 02:49:10,2026-04-19,2026-04-20,0
ck_97feaea2f7f4df95,2026-01-04 06:24:18,2026-04-19,2026-04-20,0
ck_f19d9276bcf45e12,2025-12-31 19:38:50,2026-04-19,2026-04-20,0
ck_5e03da9d300b2a1e,2026-04-18 08:08:28,2026-04-19,2026-04-20,0
ck_828f05336b89a704,2025-10-16 17:54:59,2026-04-19,2026-04-20,0
ck_ddffb1eec901dc74,2026-04-18 21:02:23,2026-04-19,2026-04-20,0
ck_c2616c7e2e45a76f,2025-08-17 09:51:49,2026-04-19,2026-04-20,0
ck_fcc087aba8f6c5ed,2026-04-17 13:52:16,2026-04-19,2026-04-20,0
ck_ec6ce546b54e3a5a,2025-12-27 00:21:24,2026-04-19,2026-04-20,0
ck_0dfcec50656451fc,2025-11-15 12:06:42,2026-04-19,2026-04-20,0
ck_a60dd0b6119bdbbd,2026-04-18 16:08:42,2026-04-19,2026-04-20,0
ck_f02614ab5b26bc24,2026-04-17 19:17:16,2026-04-19,2026-04-20,0
ck_0b3cd75ad25f47f5,2026-04-18 05:00:07,2026-04-19,2026-04-20,1
ck_32afb201fae486d5,2026-01-17 20:08:13,2026-04-19,2026-04-20,0
ck_d7f6e802c8449cbe,2026-01-08 04:24:49,2026-04-19,2026-04-20,0
ck_992b7d88eeb059e3,2025-11-16 05:58:46,2026-04-19,2026-04-20,0
ck_c198d3b66286f7cb,2026-04-05 23:37:58,2026-04-19,2026-04-20,0
ck_87c815704e0d915d,2025-09-13 15:22:11,2026-04-19,2026-04-20,0
ck_43603cfd2dc89092,2025-08-24 20:35:52,2026-04-19,2026-04-20,0
ck_98240eea6fac9433,2026-04-17 06:55:28,2026-04-19,2026-04-20,0
ck_693ce9845e66c6b1,2026-01-11 01:42:48,2026-04-19,2026-04-20,0
ck_2e022287b27c17a9,2025-11-11 21:26:01,2026-04-19,2026-04-20,0
ck_22bfa88d9df1c976,2025-11-14 10:48:07,2026-04-19,2026-04-20,0
ck_4428696549eb3560,2026-04-10 14:49:20,2026-04-19,2026-04-20,0
ck_f88084dfc9ff930f,2026-04-17 14:45:47,2026-04-19,2026-04-20,0
ck_972bc8aded89641d,2026-04-14 22:52:02,2026-04-19,2026-04-20,1
ck_51ce1186923e99df,2026-04-01 01:09:03,2026-04-19,2026-04-20,0
ck_96799b28448faccd,2026-04-05 07:52:23,2026-04-19,2026-04-20,1
ck_d3e953e6243e5014,2025-11-04 03:33:48,2026-04-19,2026-04-20,0
ck_07eba6d8facd5aa3,2025-12-21 11:17:57,2026-04-19,2026-04-20,0
ck_6fa5415692b60d2d,2025-10-31 02:52:13,2026-04-19,2026-04-20,0
ck_dd65d18108010c50,2026-03-15 20:19:13,2026-04-19,2026-04-20,0
ck_0afd0f1c1036d724,2025-12-15 12:51:18,2026-04-19,2026-04-20,0
ck_b96912d83251038c,2025-10-16 14:51:42,2026-04-19,2026-04-20,0
ck_4c9b4d17cd5dbb3e,2026-01-24 05:16:31,2026-04-19,2026-04-20,0
ck_9706a8d42d9be07c,2026-03-20 18:00:40,2026-04-19,2026-04-20,0
ck_5e38ef8aec810154,2025-10-05 05:20:45,2026-04-19,2026-04-20,0
ck_b6e753f302621521,2025-12-11 19:53:14,2026-04-19,2026-04-20,0
ck_8fc315ce96448511,2026-04-01 05:32:49,2026-04-19,2026-04-20,1
ck_450dfe85537cf485,2026-04-18 12:41:44,2026-04-19,2026-04-20,1
ck_a5e7262919e516ce,2025-11-22 06:44:19,2026-04-19,2026-04-20,0
ck_40a4ceb5898da4ac,2026-01-26 23:29:16,2026-04-19,2026-04-20,0
ck_d5e309f7be6c1dee,2026-02-28 01:03:49,2026-04-19,2026-04-20,0
ck_dc423ec19fdd0a50,2025-12-19 16:59:00,2026-04-19,2026-04-20,0
ck_b01294ae1f9dc175,2026-02-08 22:16:33,2026-04-19,2026-04-20,0
ck_34d750e14d2c7082,2026-03-20 16:56:42,2026-04-19,2026-04-20,0
ck_45300261b89d835e,2026-04-17 17:14:41,2026-04-19,2026-04-20,0
ck_ba80a6f2f2eb6e43,2026-03-22 22:17:18,2026-04-19,2026-04-20,0
ck_b5d1a6c893d6188e,2026-02-24 12:28:20,2026-04-19,2026-04-20,0
ck_fb0f04eef8621871,2026-04-18 16:27:53,2026-04-19,2026-04-20,0
ck_9e877d59c5ab5731,2026-02-23 04:23:13,2026-04-19,2026-04-20,0
ck_6451a1d5c78a0291,2025-12-28 22:25:21,2026-04-19,2026-04-20,0
ck_cd61a630ced57fc0,2025-10-23 06:45:06,2026-04-19,2026-04-20,0
ck_747d12c3b54a3d77,2026-04-17 11:57:04,2026-04-19,2026-04-20,0
ck_8625609fb0bcc5e6,2026-03-04 01:40:31,2026-04-19,2026-04-20,0
ck_09be02f27fafdb57,2026-03-30 05:18:14,2026-04-19,2026-04-20,0
ck_02ad591212a619a4,2026-02-25 17:43:28,2026-04-19,2026-04-20,0
ck_7f3c6f083e1fcdb0,2026-01-01 19:25:36,2026-04-19,2026-04-20,0
ck_9cb7c81842c79b28,2026-03-31 16:25:25,2026-04-19,2026-04-20,0
ck_6602079845ac3b7c,2025-11-11 06:00:35,2026-04-19,2026-04-20,0
ck_acd788a2d7d2145d,2026-02-05 03:19:50,2026-04-19,2026-04-20,0
ck_82a0e535108ae469,2026-04-17 06:17:22,2026-04-19,2026-04-20,0
ck_8b7ef3f05b08b126,2026-02-13 19:18:25,2026-04-19,2026-04-20,0
ck_a2d83c60c5b756b9,2025-12-26 12:04:39,2026-04-19,2026-04-20,0
ck_d695c1115c7be8d6,2026-02-09 11:36:11,2026-04-19,2026-04-20,0
ck_21c1879df7b007fd,2026-01-04 12:58:26,2026-04-19,2026-04-20,0
ck_5c399bbc1784a518,2025-10-10 12:14:35,2026-04-19,2026-04-20,0
ck_e92d338b11024bb7,2026-04-18 16:48:16,2026-04-19,2026-04-20,0
ck_f98905dadf0084ef,2026-01-20 03:20:05,2026-04-19,2026-04-20,0
ck_c5fa3a188fd4cdf8,2026-01-17 10:11:21,2026-04-19,2026-04-20,0
ck_ae5717e19521001f,2026-03-23 15:26:41,2026-04-19,2026-04-20,0
ck_9cc4494a0e0dfb34,2026-04-16 15:54:38,2026-04-19,2026-04-20,0
ck_f1da74bc4b22bb36,2026-04-18 22:04:46,2026-04-19,2026-04-20,0
ck_ec05edab5848d2a4,2026-02-09 22:29:52,2026-04-19,2026-04-20,0
ck_623114861066ef7c,2025-12-09 19:00:58,2026-04-19,2026-04-20,0
ck_a00e6e5df926f868,2026-04-09 04:11:05,2026-04-19,2026-04-20,0
ck_5b80013f21eeed2d,2026-02-20 07:21:39,2026-04-19,2026-04-20,0
ck_0d45cc1c43e37563,2026-03-02 23:50:35,2026-04-19,2026-04-20,0
ck_592c413a9ffc32c0,2025-12-01 05:28:46,2026-04-19,2026-04-20,0
ck_877aa738b64147e6,2026-03-16 09:33:16,2026-04-19,2026-04-20,0
ck_38a6d9ab7c6d3c79,2026-03-30 13:24:56,2026-04-19,2026-04-20,0
ck_c71540ae36448de9,2026-04-14 22:26:30,2026-04-19,2026-04-20,0
ck_b4b5cb6a069e20f9,2026-01-04 05:21:16,2026-04-19,2026-04-20,0
ck_e048bf9142162797,2025-11-15 15:34:05,2026-04-19,2026-04-20,0
ck_527c0e09d9eb1b7e,2025-11-02 19:55:18,2026-04-19,2026-04-20,0
ck_119f480b9ad984a6,2025-12-20 18:20:20,2026-04-19,2026-04-20,0
ck_81464bc6b264a69a,2026-04-15 17:04:49,2026-04-19,2026-04-20,0
ck_b20cfad2dcc54206,2025-12-22 03:09:24,2026-04-19,2026-04-20,0
ck_870f6622b3c207b3,2025-08-29 21:38:42,2026-04-19,2026-04-20,0
ck_aa24e2d7dbd6c682,2026-01-19 22:23:21,2026-04-19,2026-04-20,0
ck_2cae8906eb5786e0,2026-03-02 23:46:34,2026-04-19,2026-04-20,1
ck_9993edf5ae3a48b3,2026-03-18 09:00:18,2026-04-19,2026-04-20,0
ck_7111f7df36b4da12,2025-09-25 03:20:46,2026-04-19,2026-04-20,0
ck_b201c3ca5cfe468a,2026-02-26 08:27:13,2026-04-19,2026-04-20,0
ck_2eaed84b56d53875,2025-12-05 19:38:13,2026-04-19,2026-04-20,0
ck_1a4a9d1fa87e464e,2025-12-18 03:18:30,2026-04-19,2026-04-20,0
ck_fa837df917b5af63,2026-04-18 01:23:35,2026-04-19,2026-04-20,0
ck_f5d459d3ed2666f3,2025-12-26 20:16:06,2026-04-19,2026-04-20,0
ck_443ff20a29284ba0,2026-02-04 21:29:55,2026-04-19,2026-04-20,0
ck_f39dc83807f3e59c,2026-01-30 07:39:01,2026-04-19,2026-04-20,0
ck_e3c96edfb5fb44c9,2025-10-23 01:54:10,2026-04-19,2026-04-20,0
ck_6036560d1bec3e87,2026-04-01 12:20:51,2026-04-19,2026-04-20,0
ck_94801cfc75343eaa,2026-03-14 07:31:54,2026-04-19,2026-04-20,0
ck_a2019907b85e6d7a,2026-03-08 01:31:14,2026-04-19,2026-04-20,0
ck_ebe425a7fad825ca,2026-02-11 18:59:30,2026-04-19,2026-04-20,1
ck_000c95f1408dcb00,2025-08-29 00:56:58,2026-04-19,2026-04-20,0
ck_e6c88373e461fe9e,2026-02-16 02:42:27,2026-04-19,2026-04-20,1
ck_43caa5b6c042f104,2026-01-13 22:32:44,2026-04-19,2026-04-20,0
ck_07ddf044e280435d,2026-04-17 19:54:05,2026-04-19,2026-04-20,1
ck_2561c4dcd53ab64c,2025-11-21 14:45:58,2026-04-19,2026-04-20,0
ck_ceb30816cc77c385,2026-04-18 07:44:08,2026-04-19,2026-04-20,0
ck_8b8bfe364346c634,2025-08-10 12:34:29,2026-04-19,2026-04-20,0
ck_deb8cbc61b4ac3c4,2026-02-14 13:02:13,2026-04-19,2026-04-20,0
ck_45556515e5688bed,2026-02-03 08:03:14,2026-04-19,2026-04-20,0
ck_5f45ea9d40cb058c,2026-03-13 22:13:02,2026-04-19,2026-04-20,0
ck_fcaed6ef823b0b11,2026-04-13 11:23:14,2026-04-19,2026-04-20,1
ck_ac9d45a618a372c2,2026-03-22 05:25:59,2026-04-19,2026-04-20,0
ck_9f945a094486169b,2026-01-14 08:14:54,2026-04-19,2026-04-20,0
ck_2a80b3decab8506b,2026-02-26 13:31:13,2026-04-19,2026-04-20,0
ck_ddc42f5f13f3ebf7,2026-04-17 13:20:08,2026-04-19,2026-04-20,0
ck_1ff972630dfe7861,2026-02-18 09:55:30,2026-04-19,2026-04-20,0
ck_2aa15120831b87bb,2026-01-29 14:39:44,2026-04-19,2026-04-20,0
ck_12b427b6ec458d3e,2025-11-02 16:11:56,2026-04-19,2026-04-20,0
ck_fffa4b3ab0203fcf,2026-03-14 15:48:22,2026-04-19,2026-04-20,0
ck_539b027733171c8b,2026-02-18 05:48:26,2026-04-19,2026-04-20,0
ck_b0ecd17c1dbb4c6c,2026-04-16 10:38:19,2026-04-19,2026-04-20,0
ck_99ba4e28d5fab13d,2026-04-06 05:20:16,2026-04-19,2026-04-20,0
ck_cd6fd7813a575724,2026-02-28 15:36:34,2026-04-19,2026-04-20,0
ck_61b9724dd16a5fe3,2026-04-12 21:01:32,2026-04-19,2026-04-20,0
ck_f0d17e9dafc613d7,2026-03-17 12:06:57,2026-04-19,2026-04-20,0
ck_08ec3f702dfd03a5,2026-04-18 17:51:18,2026-04-19,2026-04-20,0
ck_d9b99e011e12e995,2026-02-25 17:06:51,2026-04-19,2026-04-20,0
ck_23c1e6ef95c432a9,2026-01-25 17:05:41,2026-04-19,2026-04-20,0
ck_37f9a406eb425871,2025-09-21 03:53:27,2026-04-19,2026-04-20,1
ck_4f461a7f21c880f4,2026-03-03 05:37:22,2026-04-19,2026-04-20,0
ck_f8e73849a0747d00,2026-04-16 20:50:25,2026-04-19,2026-04-20,0
ck_224fe5c266947066,2026-02-15 08:35:31,2026-04-19,2026-04-20,0
ck_b1618a4472f01188,2025-10-25 21:48:51,2026-04-19,2026-04-20,0
ck_53b800c88c3f05df,2026-01-22 22:30:09,2026-04-19,2026-04-20,0
ck_976a6a8b96ce8f76,2026-01-24 16:03:48,2026-04-19,2026-04-20,0
ck_4a12aa108435ae96,2026-02-24 12:35:46,2026-04-19,2026-04-20,0
ck_4ffa914ff08f7706,2026-02-18 08:37:34,2026-04-19,2026-04-20,0
ck_bebc408bc4c5534b,2025-11-30 05:48:56,2026-04-19,2026-04-20,0
ck_109dbc6ee888d8eb,2026-02-06 23:02:23,2026-04-19,2026-04-20,0
ck_f7d0e4f9bd08387f,2026-03-12 04:38:39,2026-04-19,2026-04-20,0
ck_780737392fe1f6c1,2025-11-24 13:07:12,2026-04-19,2026-04-20,0
ck_0cae95b72240f6f3,2026-04-18 09:08:30,2026-04-19,2026-04-20,0
ck_d1cb157c2d62bf73,2026-01-31 16:23:57,2026-04-19,2026-04-20,0
ck_57bd8c3cb2086cdf,2026-02-19 03:07:32,2026-04-19,2026-04-20,0
ck_8a8f847145f2f51e,2026-04-18 05:17:16,2026-04-19,2026-04-20,0
ck_229762b41b16de03,2025-11-16 21:27:51,2026-04-19,2026-04-20,0
ck_6fbccdd386eaed79,2025-09-19 21:47:28,2026-04-19,2026-04-20,1
ck_4ef5725cf8b7080b,2026-03-01 23:17:44,2026-04-19,2026-04-20,0
ck_8a43c0d117170c8c,2026-04-14 07:18:07,2026-04-19,2026-04-20,0
ck_97571edd22bbae45,2025-11-23 08:15:32,2026-04-19,2026-04-20,0
ck_e6fc29c1080cca64,2026-03-10 10:33:53,2026-04-19,2026-04-20,0
ck_e7c8f7ef4b49b5fa,2025-11-16 13:09:45,2026-04-19,2026-04-20,0
ck_af7cad6094d79d34,2026-01-19 13:47:41,2026-04-19,2026-04-20,0
ck_6b5244d9689f4055,2026-03-12 00:42:49,2026-04-19,2026-04-20,0
ck_832378b5052fefe0,2026-04-15 22:43:04,2026-04-19,2026-04-20,0
ck_5ed0a50e49b22ef0,2026-03-02 21:36:17,2026-04-19,2026-04-20,0
ck_2f9c4515ac59186c,2025-12-14 12:41:01,2026-04-19,2026-04-20,0
ck_22521bf721fad49a,2026-04-18 12:35:10,2026-04-19,2026-04-20,1
ck_85c1bc5b7075bcb6,2025-11-14 09:39:24,2026-04-19,2026-04-20,0
ck_b1a3845428c26fdd,2026-01-15 17:10:25,2026-04-19,2026-04-20,0
ck_644bdc7500d8d58a,2026-04-18 15:04:50,2026-04-19,2026-04-20,0
ck_947b3f25868ea86e,2026-03-16 03:50:23,2026-04-19,2026-04-20,0
ck_f26f4867f86e4740,2026-01-20 05:57:20,2026-04-19,2026-04-20,0
ck_c90ff7275aa3eee3,2026-04-18 09:12:05,2026-04-19,2026-04-20,0
ck_c20f63da2a0ac6ee,2026-03-02 08:30:00,2026-04-19,2026-04-20,0
ck_4384a0df263e686a,2026-02-18 02:17:13,2026-04-19,2026-04-20,0
ck_97a4a1d0b9452c6e,2025-08-10 02:20:58,2026-04-19,2026-04-20,0
ck_4ee858883337f23f,2026-01-23 09:03:26,2026-04-19,2026-04-20,0
ck_b2a7ecc22a5fcaaa,2026-04-18 12:29:46,2026-04-19,2026-04-20,0
ck_916db8e7f1dced2a,2026-01-09 17:08:56,2026-04-19,2026-04-20,0
ck_1eecc28a2aef1f61,2026-03-02 10:53:00,2026-04-19,2026-04-20,0
ck_b1adc85099d0e526,2026-04-17 11:06:48,2026-04-19,2026-04-20,0
ck_0bc589a9e2569abb,2026-04-16 06:21:18,2026-04-19,2026-04-20,1
ck_2b800dd5671cbffe,2026-02-19 10:55:36,2026-04-19,2026-04-20,0
ck_7d5ce34f3557c3b4,2026-01-13 16:44:39,2026-04-19,2026-04-20,0
ck_70a15dc39edc5932,2026-04-18 15:31:05,2026-04-19,2026-04-20,0
ck_397369b0f61a4fde,2026-04-18 08:53:25,2026-04-19,2026-04-20,0
ck_0ab91ab3a22b73d1,2026-03-31 14:43:01,2026-04-19,2026-04-20,0
ck_317c56541544b2ce,2025-12-28 19:47:10,2026-04-19,2026-04-20,0
ck_49a489681bc1f76a,2026-03-25 16:38:47,2026-04-19,2026-04-20,0
ck_2d599fed18772e3e,2025-12-29 03:37:08,2026-04-19,2026-04-20,0
ck_298c062c439a6333,2026-01-22 17:40:00,2026-04-19,2026-04-20,0
ck_873c79cb9c5349ff,2025-10-20 14:18:16,2026-04-19,2026-04-20,0
ck_a9b41ada61fe263b,2025-12-15 22:50:43,2026-04-19,2026-04-20,0
ck_9dd36b41ba6522cd,2026-04-17 16:40:41,2026-04-19,2026-04-20,0
ck_c05e080bfdb0ba49,2026-03-27 05:56:45,2026-04-19,2026-04-20,0
ck_e7cdb997e5718824,2026-03-27 04:33:13,2026-04-19,2026-04-20,0
ck_c6d8ad4872cf81e0,2026-03-04 14:01:17,2026-04-19,2026-04-20,0
ck_90b6ed0dd8e1d7c9,2026-01-10 07:57:06,2026-04-19,2026-04-20,0
ck_87d19202aaa98c02,2026-04-18 12:45:59,2026-04-19,2026-04-20,0
ck_c2302150a4656647,2026-02-26 21:09:50,2026-04-19,2026-04-20,0
ck_086fa87142935773,2026-01-12 13:23:50,2026-04-19,2026-04-20,0
ck_0917267384a4da45,2026-02-04 21:03:52,2026-04-19,2026-04-20,0
ck_1d0cf89087145f4e,2026-03-17 18:43:12,2026-04-19,2026-04-20,0
ck_b5dd88d9d40145a7,2025-12-28 16:10:34,2026-04-19,2026-04-20,0
ck_d526603777d5d629,2025-12-19 20:34:35,2026-04-19,2026-04-20,0
ck_ca5f38a0a56dc0e3,2026-02-09 00:39:12,2026-04-19,2026-04-20,0
ck_fde971de54688738,2025-12-22 17:13:50,2026-04-19,2026-04-20,0
ck_6184c693d5997628,2026-01-21 04:41:47,2026-04-19,2026-04-20,0
ck_531cce28f0d70585,2026-02-10 21:31:32,2026-04-19,2026-04-20,0
ck_418a381d00317633,2025-11-22 01:45:22,2026-04-19,2026-04-20,0
ck_7b2df2908083cd54,2026-02-27 23:53:07,2026-04-19,2026-04-20,0
ck_9a0451a70181cd37,2026-02-27 16:51:23,2026-04-19,2026-04-20,0
ck_5e4873f3c5a00bf6,2025-12-30 09:56:22,2026-04-19,2026-04-20,0
ck_4a68a718ff52606b,2026-03-02 15:43:29,2026-04-19,2026-04-20,0
ck_ae373297dd02d1b2,2026-04-02 23:31:20,2026-04-19,2026-04-20,0
ck_7f7e87a53a583aeb,2026-01-26 16:51:37,2026-04-19,2026-04-20,0
ck_48c82d17c9cdf92a,2026-04-16 12:40:44,2026-04-19,2026-04-20,0
ck_319e4a033e795d45,2026-02-04 09:01:24,2026-04-19,2026-04-20,0
ck_2cb5374b0147834b,2026-01-23 23:52:35,2026-04-19,2026-04-20,0
ck_6688ebe493b6365f,2026-04-17 05:21:33,2026-04-19,2026-04-20,0
ck_d0198dac6cc4731b,2026-01-06 20:04:47,2026-04-19,2026-04-20,0
ck_1e1ae4048148b444,2026-01-07 23:09:46,2026-04-19,2026-04-20,0
ck_f9dea9bf6dc219eb,2026-04-16 07:23:56,2026-04-19,2026-04-20,1
ck_9b4c3d0070c89fc3,2026-03-19 22:50:16,2026-04-19,2026-04-20,0
ck_29e964f051e82269,2026-01-26 09:15:19,2026-04-19,2026-04-20,0
ck_597750fbcdadc1b2,2026-02-01 20:34:40,2026-04-19,2026-04-20,0
ck_07d7967c76d6a3cf,2026-02-15 02:53:03,2026-04-19,2026-04-20,0
ck_0d4b11a7e14590ad,2026-02-08 08:38:57,2026-04-19,2026-04-20,0
ck_fefd3681cec56230,2026-04-17 23:15:06,2026-04-19,2026-04-20,0
ck_b391a2aa5b7823c1,2026-04-17 16:36:41,2026-04-19,2026-04-20,0
ck_f5ca5a83f614c334,2026-04-17 17:10:53,2026-04-19,2026-04-20,0
ck_f7d1e47d8162cd6b,2026-04-18 07:34:15,2026-04-19,2026-04-20,0
ck_d87baa3cf5b35610,2026-04-08 12:32:03,2026-04-19,2026-04-20,0
ck_323eadd474798cbd,2026-04-17 06:39:59,2026-04-19,2026-04-20,0
ck_1e32aaffe699f88c,2026-02-27 12:50:22,2026-04-19,2026-04-20,0
ck_2256c19bb847dd0e,2026-04-18 03:59:35,2026-04-19,2026-04-20,0
ck_ba2e403201cba06d,2026-03-11 01:30:00,2026-04-19,2026-04-20,0
ck_2f43054a1f52b9a2,2026-03-19 03:44:55,2026-04-19,2026-04-20,0
ck_354f57a870e41ddd,2026-04-17 22:44:59,2026-04-19,2026-04-20,0
ck_5b2dddfd766176af,2026-01-08 14:27:29,2026-04-19,2026-04-20,0
